-- MySQL dump 10.19  Distrib 10.3.37-MariaDB, for Linux (x86_64)
--
-- Host: localhost    Database: regangir_angsale
-- ------------------------------------------------------
-- Server version	10.3.37-MariaDB

/*!40101 SET @OLD_CHARACTER_SET_CLIENT=@@CHARACTER_SET_CLIENT */;
/*!40101 SET @OLD_CHARACTER_SET_RESULTS=@@CHARACTER_SET_RESULTS */;
/*!40101 SET @OLD_COLLATION_CONNECTION=@@COLLATION_CONNECTION */;
/*!40101 SET NAMES utf8mb4 */;
/*!40103 SET @OLD_TIME_ZONE=@@TIME_ZONE */;
/*!40103 SET TIME_ZONE='+00:00' */;
/*!40014 SET @OLD_UNIQUE_CHECKS=@@UNIQUE_CHECKS, UNIQUE_CHECKS=0 */;
/*!40014 SET @OLD_FOREIGN_KEY_CHECKS=@@FOREIGN_KEY_CHECKS, FOREIGN_KEY_CHECKS=0 */;
/*!40101 SET @OLD_SQL_MODE=@@SQL_MODE, SQL_MODE='NO_AUTO_VALUE_ON_ZERO' */;
/*!40111 SET @OLD_SQL_NOTES=@@SQL_NOTES, SQL_NOTES=0 */;

--
-- Table structure for table `auth_group`
--

DROP TABLE IF EXISTS `auth_group`;
/*!40101 SET @saved_cs_client     = @@character_set_client */;
/*!40101 SET character_set_client = utf8 */;
CREATE TABLE `auth_group` (
  `id` int(11) NOT NULL AUTO_INCREMENT,
  `name` varchar(150) NOT NULL,
  PRIMARY KEY (`id`),
  UNIQUE KEY `name` (`name`)
) ENGINE=MyISAM DEFAULT CHARSET=utf8 COLLATE=utf8_general_ci;
/*!40101 SET character_set_client = @saved_cs_client */;

--
-- Dumping data for table `auth_group`
--

LOCK TABLES `auth_group` WRITE;
/*!40000 ALTER TABLE `auth_group` DISABLE KEYS */;
/*!40000 ALTER TABLE `auth_group` ENABLE KEYS */;
UNLOCK TABLES;

--
-- Table structure for table `auth_group_permissions`
--

DROP TABLE IF EXISTS `auth_group_permissions`;
/*!40101 SET @saved_cs_client     = @@character_set_client */;
/*!40101 SET character_set_client = utf8 */;
CREATE TABLE `auth_group_permissions` (
  `id` int(11) NOT NULL AUTO_INCREMENT,
  `group_id` int(11) NOT NULL,
  `permission_id` int(11) NOT NULL,
  PRIMARY KEY (`id`),
  UNIQUE KEY `auth_group_permissions_group_id_permission_id_0cd325b0_uniq` (`group_id`,`permission_id`),
  KEY `auth_group_permissio_permission_id_84c5c92e_fk_auth_perm` (`permission_id`)
) ENGINE=MyISAM DEFAULT CHARSET=utf8 COLLATE=utf8_general_ci;
/*!40101 SET character_set_client = @saved_cs_client */;

--
-- Dumping data for table `auth_group_permissions`
--

LOCK TABLES `auth_group_permissions` WRITE;
/*!40000 ALTER TABLE `auth_group_permissions` DISABLE KEYS */;
/*!40000 ALTER TABLE `auth_group_permissions` ENABLE KEYS */;
UNLOCK TABLES;

--
-- Table structure for table `auth_permission`
--

DROP TABLE IF EXISTS `auth_permission`;
/*!40101 SET @saved_cs_client     = @@character_set_client */;
/*!40101 SET character_set_client = utf8 */;
CREATE TABLE `auth_permission` (
  `id` int(11) NOT NULL AUTO_INCREMENT,
  `name` varchar(255) NOT NULL,
  `content_type_id` int(11) NOT NULL,
  `codename` varchar(100) NOT NULL,
  PRIMARY KEY (`id`),
  UNIQUE KEY `auth_permission_content_type_id_codename_01ab375a_uniq` (`content_type_id`,`codename`)
) ENGINE=MyISAM AUTO_INCREMENT=237 DEFAULT CHARSET=utf8 COLLATE=utf8_general_ci;
/*!40101 SET character_set_client = @saved_cs_client */;

--
-- Dumping data for table `auth_permission`
--

LOCK TABLES `auth_permission` WRITE;
/*!40000 ALTER TABLE `auth_permission` DISABLE KEYS */;
INSERT INTO `auth_permission` VALUES (83,'Can delete profile',21,'delete_profile'),(82,'Can change profile',21,'change_profile'),(81,'Can add profile',21,'add_profile'),(80,'Can view city',20,'view_city'),(79,'Can delete city',20,'delete_city'),(78,'Can change city',20,'change_city'),(77,'Can add city',20,'add_city'),(76,'Can view state',19,'view_state'),(75,'Can delete state',19,'delete_state'),(74,'Can change state',19,'change_state'),(73,'Can add state',19,'add_state'),(235,'Can delete product color',21,'delete_productcolor'),(234,'Can change product color',21,'change_productcolor'),(227,'Can delete product feature value',19,'delete_productfeaturevalue'),(68,'Can view product feature value',17,'view_productfeaturevalue'),(67,'Can delete product feature value',17,'delete_productfeaturevalue'),(66,'Can change product feature value',17,'change_productfeaturevalue'),(65,'Can add product feature value',17,'add_productfeaturevalue'),(64,'Can view product feature',16,'view_productfeature'),(63,'Can delete product feature',16,'delete_productfeature'),(62,'Can change product feature',16,'change_productfeature'),(61,'Can add product feature',16,'add_productfeature'),(223,'Can delete product',15,'delete_product'),(222,'Can change product',15,'change_product'),(221,'Can add product',15,'add_product'),(217,'Can add feature',16,'add_feature'),(56,'Can view feature',14,'view_feature'),(55,'Can delete feature',14,'delete_feature'),(54,'Can change feature',14,'change_feature'),(53,'Can add feature',14,'add_feature'),(52,'Can view product',13,'view_product'),(51,'Can delete product',13,'delete_product'),(50,'Can change product',13,'change_product'),(49,'Can add product',13,'add_product'),(48,'Can view problem',12,'view_problem'),(47,'Can delete problem',12,'delete_problem'),(46,'Can change problem',12,'change_problem'),(45,'Can add problem',12,'add_problem'),(209,'Can add profile',24,'add_profile'),(208,'Can view state',22,'view_state'),(207,'Can delete state',22,'delete_state'),(201,'Can add city',23,'add_city'),(40,'Can view notification user',10,'view_notificationuser'),(39,'Can delete notification user',10,'delete_notificationuser'),(38,'Can change notification user',10,'change_notificationuser'),(37,'Can add notification user',10,'add_notificationuser'),(213,'Can add legal',26,'add_legal'),(212,'Can view profile',24,'view_profile'),(211,'Can delete profile',24,'delete_profile'),(210,'Can change profile',24,'change_profile'),(32,'Can view order item',8,'view_orderitem'),(31,'Can delete order item',8,'delete_orderitem'),(30,'Can change order item',8,'change_orderitem'),(29,'Can add order item',8,'add_orderitem'),(28,'Can view order',7,'view_order'),(27,'Can delete order',7,'delete_order'),(26,'Can change order',7,'change_order'),(25,'Can add order',7,'add_order'),(24,'Can view session',6,'view_session'),(23,'Can delete session',6,'delete_session'),(22,'Can change session',6,'change_session'),(21,'Can add session',6,'add_session'),(20,'Can view content type',5,'view_contenttype'),(19,'Can delete content type',5,'delete_contenttype'),(18,'Can change content type',5,'change_contenttype'),(17,'Can add content type',5,'add_contenttype'),(16,'Can view user',4,'view_user'),(15,'Can delete user',4,'delete_user'),(14,'Can change user',4,'change_user'),(13,'Can add user',4,'add_user'),(12,'Can view group',3,'view_group'),(11,'Can delete group',3,'delete_group'),(10,'Can change group',3,'change_group'),(9,'Can add group',3,'add_group'),(8,'Can view permission',2,'view_permission'),(7,'Can delete permission',2,'delete_permission'),(6,'Can change permission',2,'change_permission'),(5,'Can add permission',2,'add_permission'),(4,'Can view log entry',1,'view_logentry'),(3,'Can delete log entry',1,'delete_logentry'),(2,'Can change log entry',1,'change_logentry'),(1,'Can add log entry',1,'add_logentry'),(84,'Can view profile',21,'view_profile'),(89,'Can add legal',23,'add_legal'),(90,'Can change legal',23,'change_legal'),(91,'Can delete legal',23,'delete_legal'),(92,'Can view legal',23,'view_legal'),(113,'Can add product color',29,'add_productcolor'),(114,'Can change product color',29,'change_productcolor'),(115,'Can delete product color',29,'delete_productcolor'),(116,'Can view product color',29,'view_productcolor'),(117,'Can add order item detail',9,'add_orderitemdetail'),(118,'Can change order item detail',9,'change_orderitemdetail'),(119,'Can delete order item detail',9,'delete_orderitemdetail'),(120,'Can view order item detail',9,'view_orderitemdetail'),(121,'Can add notification',10,'add_notification'),(122,'Can change notification',10,'change_notification'),(123,'Can delete notification',10,'delete_notification'),(124,'Can view notification',10,'view_notification'),(202,'Can change city',23,'change_city'),(203,'Can delete city',23,'delete_city'),(204,'Can view city',23,'view_city'),(205,'Can add state',22,'add_state'),(206,'Can change state',22,'change_state'),(129,'Can add notification admin',12,'add_notificationadmin'),(130,'Can change notification admin',12,'change_notificationadmin'),(131,'Can delete notification admin',12,'delete_notificationadmin'),(132,'Can view notification admin',12,'view_notificationadmin'),(133,'Can add report',13,'add_report'),(134,'Can change report',13,'change_report'),(135,'Can delete report',13,'delete_report'),(136,'Can view report',13,'view_report'),(137,'Can add damaged product',14,'add_damagedproduct'),(138,'Can change damaged product',14,'change_damagedproduct'),(139,'Can delete damaged product',14,'delete_damagedproduct'),(140,'Can view damaged product',14,'view_damagedproduct'),(218,'Can change feature',16,'change_feature'),(219,'Can delete feature',16,'delete_feature'),(220,'Can view feature',16,'view_feature'),(214,'Can change legal',26,'change_legal'),(215,'Can delete legal',26,'delete_legal'),(216,'Can view legal',26,'view_legal'),(149,'Can add feature value',17,'add_featurevalue'),(150,'Can change feature value',17,'change_featurevalue'),(151,'Can delete feature value',17,'delete_featurevalue'),(152,'Can view feature value',17,'view_featurevalue'),(228,'Can view product feature value',19,'view_productfeaturevalue'),(229,'Can add product feature',18,'add_productfeature'),(230,'Can change product feature',18,'change_productfeature'),(231,'Can delete product feature',18,'delete_productfeature'),(232,'Can view product feature',18,'view_productfeature'),(233,'Can add product color',21,'add_productcolor'),(161,'Can add color',20,'add_color'),(162,'Can change color',20,'change_color'),(163,'Can delete color',20,'delete_color'),(164,'Can view color',20,'view_color'),(224,'Can view product',15,'view_product'),(225,'Can add product feature value',19,'add_productfeaturevalue'),(226,'Can change product feature value',19,'change_productfeaturevalue'),(169,'Can add exhibition',28,'add_exhibition'),(170,'Can change exhibition',28,'change_exhibition'),(171,'Can delete exhibition',28,'delete_exhibition'),(172,'Can view exhibition',28,'view_exhibition'),(236,'Can view product color',21,'view_productcolor'),(185,'Can add expert',27,'add_expert'),(186,'Can change expert',27,'change_expert'),(187,'Can delete expert',27,'delete_expert'),(188,'Can view expert',27,'view_expert'),(189,'Can add private',25,'add_private'),(190,'Can change private',25,'change_private'),(191,'Can delete private',25,'delete_private'),(192,'Can view private',25,'view_private'),(197,'Can add wallet',29,'add_wallet'),(198,'Can change wallet',29,'change_wallet'),(199,'Can delete wallet',29,'delete_wallet'),(200,'Can view wallet',29,'view_wallet');
/*!40000 ALTER TABLE `auth_permission` ENABLE KEYS */;
UNLOCK TABLES;

--
-- Table structure for table `auth_user`
--

DROP TABLE IF EXISTS `auth_user`;
/*!40101 SET @saved_cs_client     = @@character_set_client */;
/*!40101 SET character_set_client = utf8 */;
CREATE TABLE `auth_user` (
  `id` int(11) NOT NULL AUTO_INCREMENT,
  `password` varchar(128) NOT NULL,
  `last_login` datetime(6) DEFAULT NULL,
  `is_superuser` tinyint(1) NOT NULL,
  `username` varchar(150) NOT NULL,
  `first_name` varchar(150) NOT NULL,
  `last_name` varchar(150) NOT NULL,
  `email` varchar(254) NOT NULL,
  `is_staff` tinyint(1) NOT NULL,
  `is_active` tinyint(1) NOT NULL,
  `date_joined` datetime(6) NOT NULL,
  PRIMARY KEY (`id`),
  UNIQUE KEY `username` (`username`)
) ENGINE=MyISAM AUTO_INCREMENT=317 DEFAULT CHARSET=utf8 COLLATE=utf8_general_ci;
/*!40101 SET character_set_client = @saved_cs_client */;

--
-- Dumping data for table `auth_user`
--

LOCK TABLES `auth_user` WRITE;
/*!40000 ALTER TABLE `auth_user` DISABLE KEYS */;
INSERT INTO `auth_user` VALUES (1,'pbkdf2_sha256$260000$5PPTameKtQNQcXxAgQBAbq$C+0aslWaGL3kp+BHj8H6GAEU9ko/wlpEWSkFfg5KMIc=','2023-01-19 10:45:50.683388',1,'regang','','','',1,1,'2022-03-23 11:15:50.058809'),(30,'pbkdf2_sha256$260000$99LuaFxTWItqdAlMJC6E0A$RgTE2Ep+hEnWRUIRRyDjU3iEufuSo7jAAd7Dzm/DO8o=','2022-11-24 05:29:17.637432',0,'yuzbashi','نرگس','یوزباشی','',1,1,'2022-06-25 06:54:02.020955'),(31,'pbkdf2_sha256$260000$B8SAZjaxRUDwCC2rtfYY42$Hqt1CSv0Y7gCDqXHTT7Oyic5ch8mX5zmxO6yyX1Wwb8=','2022-10-29 10:54:32.606707',0,'golmohammadi','منیره',' گل محمدی','',1,1,'2022-06-25 06:54:32.180253'),(33,'pbkdf2_sha256$260000$5LJQPti6kng68mJsuMn5EI$15FLZ+bv0E9jLOWq194wFb9AwSVzbZC6rBj8BQFXVGA=','2022-10-29 06:09:08.127927',0,'kasai','طاهره ','کسائی','',1,0,'2022-06-25 06:55:28.392231'),(34,'pbkdf2_sha256$260000$oOo29XF16Vbcdlj74sFxAp$Sxer4Vg4eYa8kI1HlCFgFoeCxnX5LEQIzbDozmwojck=','2022-10-31 11:47:10.639481',0,'mohammadi','الهه ','محمدي ','',1,1,'2022-06-25 06:55:52.355631'),(36,'',NULL,0,'09188401243','','','',0,1,'2022-07-20 08:04:18.450435'),(37,'',NULL,0,'09136419296','','','',0,1,'2022-07-20 08:06:55.796412'),(39,'',NULL,0,'09376700884','','','',0,1,'2022-07-20 08:13:52.624646'),(40,'',NULL,0,'09135039530','','','',0,1,'2022-07-20 08:15:36.799438'),(41,'',NULL,0,'09113260200','','','',0,1,'2022-07-20 08:16:26.839022'),(42,'',NULL,0,'09122706018','','','',0,1,'2022-07-20 08:17:16.665585'),(43,'',NULL,0,'09189183151','','','',0,1,'2022-07-20 08:17:54.091741'),(44,'',NULL,0,'09155797845','','','',0,1,'2022-07-20 08:19:05.016306'),(45,'',NULL,0,'09125176563','','','',0,1,'2022-07-20 08:19:46.580310'),(46,'',NULL,0,'09173170854','','','',0,1,'2022-07-20 08:26:50.634575'),(47,'',NULL,0,'09183622040','','','',0,1,'2022-07-20 08:27:40.777398'),(48,'',NULL,0,'09173109949','','','',0,1,'2022-07-20 08:28:21.690946'),(49,'',NULL,0,'09177179425','','','',0,1,'2022-07-20 08:32:06.754941'),(50,'',NULL,0,'09122168025','','','',0,1,'2022-07-20 08:33:22.657299'),(51,'',NULL,0,'09177104131','','','',0,1,'2022-07-20 08:34:06.455236'),(52,'',NULL,0,'09113142150','','','',0,1,'2022-07-20 08:34:44.001084'),(53,'',NULL,0,'09171179436','','','',0,1,'2022-07-20 08:37:34.279880'),(54,'',NULL,0,'09120915540','','','',0,1,'2022-07-20 08:39:00.464167'),(55,'',NULL,0,'09181622139','','','',0,1,'2022-07-20 08:39:39.448745'),(56,'',NULL,0,'09183695814','','','',0,1,'2022-07-20 09:07:34.327806'),(57,'',NULL,0,'09125546805','','','',0,1,'2022-07-20 09:08:09.374461'),(58,'',NULL,0,'09171612537','','','',0,1,'2022-07-20 09:08:47.863045'),(59,'',NULL,0,'09132775647','','','',0,1,'2022-07-20 09:09:38.000603'),(60,'',NULL,0,'09111536212','','','',0,1,'2022-07-20 09:10:23.395236'),(61,'',NULL,0,'09389150955','','','',0,1,'2022-07-20 09:11:14.539669'),(62,'',NULL,0,'09131566961','','','',0,1,'2022-07-20 09:11:53.246329'),(63,'',NULL,0,'09168013321','','','',0,1,'2022-07-20 09:13:23.663167'),(64,'',NULL,0,'09151865547','','','',0,1,'2022-07-20 09:14:06.810680'),(65,'',NULL,0,'09131846265','','','',0,1,'2022-07-20 09:15:30.615772'),(66,'',NULL,0,'09166683863','','','',0,1,'2022-07-20 09:16:18.758143'),(67,'',NULL,0,'09181511612','','','',0,1,'2022-07-20 09:17:24.098326'),(68,'',NULL,0,'09113736804','','','',0,1,'2022-07-20 09:18:07.060925'),(71,'',NULL,0,'09130185936','','','',0,1,'2022-07-20 10:13:22.770611'),(72,'',NULL,0,'09173749949','','','',0,1,'2022-07-20 10:14:11.998755'),(73,'',NULL,0,'09111711008','','','',0,1,'2022-07-20 10:14:54.143793'),(74,'',NULL,0,'0917847311','','','',0,1,'2022-07-20 10:15:46.082761'),(75,'',NULL,0,'09122282318','','','',0,1,'2022-07-20 10:16:49.234101'),(76,'',NULL,0,'09188613510','','','',0,1,'2022-07-20 10:17:46.529045'),(77,'',NULL,0,'09395866427','','','',0,1,'2022-07-20 10:18:21.589697'),(79,'',NULL,0,'09117027446','','','',0,1,'2022-07-20 10:20:02.724416'),(80,'',NULL,0,'09173374931','','','',0,1,'2022-07-20 10:20:39.106714'),(81,'',NULL,0,'09124449775','','','',0,1,'2022-07-20 10:21:17.032593'),(82,'',NULL,0,'09133558643','','','',0,1,'2022-07-20 10:22:19.234085'),(83,'',NULL,0,'09138265127','','','',0,1,'2022-07-20 10:23:23.142374'),(84,'',NULL,0,'09181631200','','','',0,1,'2022-07-20 10:24:16.616663'),(85,'',NULL,0,'09112243033','','','',0,1,'2022-07-20 10:26:21.363421'),(86,'',NULL,0,'09173241804','','','',0,1,'2022-07-20 10:27:21.568424'),(87,'',NULL,0,'09358246767','','','',0,1,'2022-07-20 10:28:35.755830'),(88,'',NULL,0,'09183147323','','','',0,1,'2022-07-20 10:29:29.474355'),(89,'',NULL,0,'09171706385','','','',0,1,'2022-07-20 10:34:39.341179'),(90,'',NULL,0,'09131916528','','','',0,1,'2022-07-20 10:35:18.340927'),(91,'',NULL,0,'09113935658','','','',0,1,'2022-07-20 10:35:58.152666'),(92,'',NULL,0,'09131586043','','','',0,1,'2022-07-20 10:49:48.695877'),(93,'',NULL,0,'09125556736','','','',0,1,'2022-07-20 10:50:24.308097'),(94,'',NULL,0,'09111111208','','','',0,1,'2022-07-20 11:06:21.922830'),(95,'',NULL,0,'09123420349','','','',0,1,'2022-07-20 11:08:10.935883'),(96,'',NULL,0,'09113716577','','','',0,1,'2022-07-20 11:09:16.207490'),(97,'',NULL,0,' 09391656692','','','',0,1,'2022-07-20 11:09:56.652905'),(98,'',NULL,0,'09151403235','','','',0,1,'2022-07-20 11:11:43.072378'),(100,'',NULL,0,'09133095675','','','',0,1,'2022-07-20 11:14:35.479808'),(101,'',NULL,0,'09131403456','','','',0,1,'2022-07-20 11:15:46.766527'),(102,'',NULL,0,'0918461200','','','',0,1,'2022-07-20 11:16:34.889212'),(103,'',NULL,0,'09112831524','','','',0,1,'2022-07-20 11:17:50.399352'),(104,'',NULL,0,'09111119334','','','',0,1,'2022-07-20 11:18:59.463207'),(105,'',NULL,0,'09137075355','','','',0,1,'2022-07-20 11:20:01.481796'),(106,'',NULL,0,'09191523029','','','',0,1,'2022-07-20 11:20:42.884834'),(107,'',NULL,0,'09134520346','','','',0,1,'2022-07-20 11:21:29.996648'),(108,'',NULL,0,'09188593384','','','',0,1,'2022-07-20 11:25:35.787180'),(109,'',NULL,0,'09111164662','','','',0,1,'2022-07-21 04:13:24.929509'),(110,'',NULL,0,'09111932633','','','',0,1,'2022-07-21 04:14:06.424460'),(111,'',NULL,0,'09111302542','','','',0,1,'2022-07-21 04:15:11.102957'),(112,'',NULL,0,'09111502006','','','',0,1,'2022-07-21 04:15:55.676357'),(113,'',NULL,0,'09121893648','','','',0,1,'2022-07-21 04:16:36.386768'),(115,'',NULL,0,'09120036212','','','',0,1,'2022-07-21 04:18:16.350829'),(117,'',NULL,0,'09121021290','','','',0,1,'2022-07-21 04:21:07.777119'),(118,'',NULL,0,'09125405929','','','',0,1,'2022-07-21 04:21:42.099822'),(121,'',NULL,0,'09113839269','','','',0,1,'2022-07-21 08:29:07.143961'),(123,'',NULL,0,'09121154937','','','',0,1,'2022-07-23 04:22:03.751247'),(128,'',NULL,0,'09123709627','','','',0,1,'2022-07-25 10:03:52.458875'),(129,'',NULL,0,'09194616361','','','',0,1,'2022-07-25 10:04:41.202997'),(130,'',NULL,0,'09126369235','','','',0,1,'2022-07-25 10:05:24.511581'),(131,'',NULL,0,'09121773034','','','',0,1,'2022-07-25 10:06:08.137306'),(132,'',NULL,0,'09121243494','','','',0,1,'2022-07-25 10:06:47.038673'),(133,'',NULL,0,'09123142955','','','',0,1,'2022-07-25 10:07:20.014465'),(134,'',NULL,0,'09111220499','','','',0,1,'2022-07-25 10:08:00.021276'),(135,'',NULL,0,'09121152090','','','',0,1,'2022-07-25 10:08:52.994558'),(136,'',NULL,0,'09121952762','','','',0,1,'2022-07-25 10:10:04.343086'),(137,'',NULL,0,'09126990315','','','',0,1,'2022-07-25 10:11:18.573531'),(138,'',NULL,0,'09128583406','','','',0,1,'2022-07-25 10:11:57.458764'),(139,'',NULL,0,'09112300416','','','',0,1,'2022-07-25 10:12:47.281524'),(140,'',NULL,0,'09112810761','','','',0,1,'2022-07-25 10:38:45.406594'),(141,'',NULL,0,'09124198324','','','',0,1,'2022-07-25 10:39:30.119715'),(142,'',NULL,0,'09111914669','','','',0,1,'2022-07-25 10:40:31.283861'),(143,'',NULL,0,'09111111050','','','',0,1,'2022-07-25 10:41:23.661851'),(144,'',NULL,0,'09124499008','','','',0,1,'2022-07-25 10:42:51.654702'),(145,'',NULL,0,'09125089778','','','',0,1,'2022-07-25 10:44:01.602398'),(146,'',NULL,0,'09393630796','','','',0,1,'2022-07-25 10:44:37.080214'),(147,'',NULL,0,'09127244060','','','',0,1,'2022-07-25 10:45:28.144313'),(148,'',NULL,0,'09121020488','','','',0,1,'2022-07-25 10:46:14.534130'),(149,'',NULL,0,'09126835563','','','',0,1,'2022-07-25 10:48:59.132393'),(150,'',NULL,0,'09121125272','','','',0,1,'2022-07-25 10:50:02.621539'),(151,'',NULL,0,'09121723182','','','',0,1,'2022-07-25 10:50:54.109068'),(152,'',NULL,0,'09128192153','','','',0,1,'2022-07-25 10:51:37.852102'),(153,'',NULL,0,'09124860803','','','',0,1,'2022-07-25 10:52:09.136602'),(154,'',NULL,0,'09183616188','','','',0,1,'2022-07-25 11:17:40.134757'),(155,'',NULL,0,'09125388280','','','',0,1,'2022-07-25 11:18:25.863920'),(156,'',NULL,0,'09132000080','','','',0,1,'2022-07-25 11:19:24.978972'),(157,'',NULL,0,'09131102328','','','',0,1,'2022-07-25 11:20:23.160808'),(158,'',NULL,0,'09131112002','','','',0,1,'2022-07-25 11:22:23.080957'),(159,'','2022-10-29 15:06:29.419849',0,'09128538054','','','',0,1,'2022-07-25 11:23:53.497367'),(160,'',NULL,0,'09183511072','','','',0,1,'2022-07-25 11:24:53.825407'),(161,'',NULL,0,'09330927900','','','',0,1,'2022-07-25 11:27:07.515476'),(162,'',NULL,0,'09188177166','','','',0,1,'2022-07-25 11:29:20.553523'),(163,'',NULL,0,'09183134590','','','',0,1,'2022-07-25 11:30:47.398625'),(164,'',NULL,0,'09183159567','','','',0,1,'2022-07-25 11:31:31.032048'),(165,'',NULL,0,'09183145514','','','',0,1,'2022-07-25 11:32:22.353478'),(166,'',NULL,0,'09189123056','','','',0,1,'2022-07-25 11:33:08.681544'),(167,'',NULL,0,'09181112067','','','',0,1,'2022-07-25 11:34:21.192027'),(168,'',NULL,0,'09121123024','','','',0,1,'2022-07-25 11:35:09.256018'),(169,'',NULL,0,'09921094779','','','',0,1,'2022-07-25 11:37:46.303743'),(170,'',NULL,0,'09355782070','','','',0,1,'2022-07-25 11:38:42.530171'),(171,'',NULL,0,'09161623115','','','',0,1,'2022-07-25 11:41:16.556753'),(172,'',NULL,0,'09163611962','','','',0,1,'2022-07-25 11:42:09.919286'),(173,'',NULL,0,'091334332003','','','',0,1,'2022-07-25 11:43:24.492921'),(174,'',NULL,0,'09135235600','','','',0,1,'2022-07-25 11:44:08.235995'),(175,'',NULL,0,'09133589954','','','',0,1,'2022-07-25 11:44:52.889847'),(176,'pbkdf2_sha256$260000$qjBFbfa0DmpBbT3WrGUphR$I+t4p4O5nxkBJ3A8bVzJdzZsFbtaDT/AFhIwwx8Q0Fc=',NULL,0,'safari','مهدی','صفاری حسینی','',1,1,'2022-07-25 11:57:49.499589'),(177,'pbkdf2_sha256$260000$tTotGB2gQ9knH8sAuK9fbV$4Ci6BscAfvUwbN2ZWCPuar1WobHjOGUrBGQcHn0baF8=','2022-07-28 07:05:06.062865',0,'shams','امید','شمس علی','',1,1,'2022-07-25 11:58:45.858693'),(178,'',NULL,0,'09161416248','','','',0,1,'2022-07-25 12:04:57.898256'),(179,'',NULL,0,'09166710358','','','',0,1,'2022-07-25 12:05:39.805823'),(180,'',NULL,0,'09168522560','','','',0,1,'2022-07-25 12:06:16.515305'),(181,'',NULL,0,'09161522798','','','',0,1,'2022-07-25 12:07:11.323110'),(183,'',NULL,0,'09166526190','','','',0,1,'2022-07-25 12:10:12.132487'),(184,'',NULL,0,'09141528970','','','',0,1,'2022-07-25 12:10:50.180723'),(185,'',NULL,0,'09141518540','','','',0,1,'2022-07-25 12:11:21.667837'),(186,'',NULL,0,'09141516383','','','',0,1,'2022-07-25 12:14:52.094540'),(187,'',NULL,0,'09148041288','','','',0,1,'2022-07-25 12:15:35.534857'),(188,'',NULL,0,'09141517153','','','',0,1,'2022-07-25 12:16:16.087644'),(189,'',NULL,0,'09141552326','','','',0,1,'2022-07-25 12:17:01.204428'),(190,'',NULL,0,'09141521013','','','',0,1,'2022-07-25 12:17:51.811172'),(191,'',NULL,0,'09199603262','','','',0,1,'2022-07-25 12:18:33.033895'),(192,'',NULL,0,'09125706011','','','',0,1,'2022-07-25 12:19:21.313616'),(193,'',NULL,0,'09141520189','','','',0,1,'2022-07-25 12:19:55.319915'),(194,'',NULL,0,'09188316332','','','',0,1,'2022-07-25 12:20:51.723265'),(195,'',NULL,0,'09183329649','','','',0,1,'2022-07-25 12:21:50.091506'),(196,'',NULL,0,'09183300000','','','',0,1,'2022-07-25 12:22:24.251206'),(197,'',NULL,0,'09181719626','','','',0,1,'2022-07-25 12:23:09.239026'),(198,'',NULL,0,'09183731417','','','',0,1,'2022-07-25 12:29:52.265761'),(199,'',NULL,0,'09183728258','','','',0,1,'2022-07-25 12:30:25.021877'),(200,'',NULL,0,'09188772559','','','',0,1,'2022-07-25 12:31:00.965311'),(201,'',NULL,0,'09126419589','','','',0,1,'2022-07-25 12:31:39.513846'),(202,'',NULL,0,'09127417885','','','',0,1,'2022-07-25 12:32:07.554482'),(203,'',NULL,0,'09121938657','','','',0,1,'2022-07-25 12:32:45.835527'),(204,'',NULL,0,'09126417355','','','',0,1,'2022-07-25 12:33:28.230201'),(206,'',NULL,0,'09144417086','','','',0,1,'2022-07-25 12:35:18.107940'),(207,'',NULL,0,'09143419230','','','',0,1,'2022-07-25 12:36:01.694923'),(208,'',NULL,0,'09122046568','','','',0,1,'2022-07-25 12:36:31.036892'),(209,'',NULL,0,'09141802101','','','',0,1,'2022-07-25 12:37:12.568535'),(210,'',NULL,0,'09144022698','','','',0,1,'2022-07-25 12:37:42.560057'),(211,'',NULL,0,'09143136773','','','',0,1,'2022-07-25 12:38:25.975210'),(212,'',NULL,0,'09144132263','','','',0,1,'2022-07-25 12:39:09.485137'),(213,'',NULL,0,'09144231794','','','',0,1,'2022-07-25 12:39:44.664337'),(214,'',NULL,0,'09144231675','','','',0,1,'2022-07-25 12:40:15.170732'),(215,'',NULL,0,'09144233178','','','',0,1,'2022-07-25 12:40:53.849368'),(216,'',NULL,0,'09111711294','','','',0,1,'2022-07-26 04:13:41.377121'),(217,'',NULL,0,'09113714420','','','',0,1,'2022-07-26 04:15:18.494699'),(218,'',NULL,0,'09113756472','','','',0,1,'2022-07-26 04:15:58.333993'),(219,'',NULL,0,'09111500015','','','',0,1,'2022-07-26 04:16:36.167401'),(220,'',NULL,0,'09113722254','','','',0,1,'2022-07-26 04:19:21.969358'),(221,'',NULL,0,'09112765904','','','',0,1,'2022-07-26 04:20:37.779907'),(222,'',NULL,0,'09111733113','','','',0,1,'2022-07-26 04:22:22.254564'),(223,'',NULL,0,'09126984164','','','',0,1,'2022-07-26 04:23:18.318504'),(224,'',NULL,0,'09171116000','','','',0,1,'2022-07-26 04:24:04.267699'),(225,'',NULL,0,'09173170598','','','',0,1,'2022-07-26 04:24:55.778754'),(226,'',NULL,0,'09123120951  ','','','',0,1,'2022-07-26 04:26:15.286805'),(227,'',NULL,0,'09171208121','','','',0,1,'2022-07-26 04:29:10.152010'),(228,'',NULL,0,'09171112973','','','',0,1,'2022-07-26 07:40:04.638489'),(229,'',NULL,0,'09177191595','','','',0,1,'2022-07-26 07:40:33.600591'),(230,'',NULL,0,'09173090174','','','',0,1,'2022-07-26 07:42:21.515798'),(231,'',NULL,0,'09154602930','','','',0,1,'2022-07-26 07:42:59.089204'),(232,'',NULL,0,'09151873083','','','',0,1,'2022-07-26 07:44:16.073303'),(233,'',NULL,0,'09159979159','','','',0,1,'2022-07-26 07:44:57.468241'),(234,'',NULL,0,'09153861939','','','',0,1,'2022-07-26 07:46:07.611486'),(235,'',NULL,0,'09151870844','','','',0,1,'2022-07-26 07:46:57.682572'),(237,'',NULL,0,'09153862329','','','',0,1,'2022-07-26 07:54:36.275809'),(239,'',NULL,0,'09151880756','','','',0,1,'2022-07-26 08:28:14.626118'),(240,'',NULL,0,'09155841857','','','',0,1,'2022-07-26 08:32:11.120602'),(241,'',NULL,0,'09151898198','','','',0,1,'2022-07-26 08:32:54.061551'),(242,'',NULL,0,'09153018490','','','',0,1,'2022-07-26 08:33:46.878084'),(243,'',NULL,0,'09155171281','','','',0,1,'2022-07-26 08:34:33.057547'),(244,'',NULL,0,'09151575600','','','',0,1,'2022-07-26 08:35:19.155303'),(245,'',NULL,0,'09151118739','','','',0,1,'2022-07-26 08:35:53.648634'),(246,'',NULL,0,'09153515446','','','',0,1,'2022-07-26 08:36:45.478708'),(247,'',NULL,0,'09151516728','','','',0,1,'2022-07-26 08:39:38.009357'),(248,'',NULL,0,'09151710594','','','',0,1,'2022-07-26 08:40:20.832059'),(249,'',NULL,0,'09151702351','','','',0,1,'2022-07-26 08:41:13.101186'),(251,'',NULL,0,'09151740458','','','',0,1,'2022-07-26 09:15:04.714265'),(253,'',NULL,0,'09153719549','','','',0,1,'2022-07-26 09:17:10.107102'),(254,'',NULL,0,'09155330718','','','',0,1,'2022-07-26 09:22:14.694459'),(255,'',NULL,0,'09155323780','','','',0,1,'2022-07-26 09:23:03.833652'),(256,'',NULL,0,'09151366624','','','',0,1,'2022-07-26 09:23:45.965793'),(257,'',NULL,0,'09151611133','','','',0,1,'2022-07-26 09:28:27.824673'),(258,'',NULL,0,'09155614305','','','',0,1,'2022-07-26 09:29:44.843033'),(259,'',NULL,0,'09151603632','','','',0,1,'2022-07-26 09:31:00.635876'),(260,'',NULL,0,'09151645390','','','',0,1,'2022-07-26 09:34:42.181463'),(261,'',NULL,0,'09179720017   ','','','',0,1,'2022-07-26 09:36:52.038567'),(263,'',NULL,0,'09171712658','','','',0,1,'2022-07-26 09:41:31.472997'),(264,'',NULL,0,'09173710323','','','',0,1,'2022-07-26 09:42:18.271962'),(265,'',NULL,0,'09175289808','','','',0,1,'2022-07-26 09:42:55.501930'),(266,'',NULL,0,'09171621064','','','',0,1,'2022-07-26 09:43:52.339992'),(267,'',NULL,0,'09131149155','','','',0,1,'2022-07-26 09:46:34.910985'),(268,'',NULL,0,'09171599946','','','',0,1,'2022-07-26 09:48:54.588841'),(269,'',NULL,0,'09171633125','','','',0,1,'2022-07-26 09:51:12.295066'),(270,'',NULL,0,'09127695407','','','',0,1,'2022-07-26 09:51:57.056407'),(272,'',NULL,0,'09173639344','','','',0,1,'2022-07-26 09:55:58.181472'),(273,'',NULL,0,'09173678433','','','',0,1,'2022-07-26 09:56:40.251633'),(274,'',NULL,0,'09133097148','','','',0,1,'2022-07-26 09:57:09.738737'),(275,'',NULL,0,'09111752024','','','',0,1,'2022-07-26 10:00:27.345357'),(285,'',NULL,0,'09121515769','','','',0,1,'2022-10-17 14:35:24.143820'),(288,'','2023-01-21 07:57:26.754572',0,'09194558979','','','',0,1,'2022-10-29 10:39:09.945425'),(289,'','2022-10-31 12:22:25.116603',0,'09121544770','','','',0,1,'2022-10-31 08:32:01.056858'),(290,'',NULL,0,'09128801894','','','',0,1,'2022-11-01 06:27:26.342643'),(291,'',NULL,0,'091663044719','','','',0,1,'2022-11-01 07:16:23.660288'),(292,'',NULL,0,'09155710239','','','',0,1,'2022-11-09 06:44:23.380434'),(293,'',NULL,0,'09181623908','','','',0,1,'2022-11-09 08:40:29.990046'),(294,'',NULL,0,'09153713824','','','',0,1,'2022-11-17 08:03:02.434742'),(295,'',NULL,0,'','','','',0,1,'2022-11-20 10:05:59.321440'),(296,'',NULL,0,'09044444444','','','',0,1,'2022-11-21 11:54:29.357340'),(297,'',NULL,0,'09055555555','','','',0,1,'2022-11-22 05:30:37.448106'),(298,'',NULL,0,'09033333333','','','',0,1,'2022-11-27 06:41:38.299897'),(299,'',NULL,0,'09022222222','','','',0,1,'2022-11-29 05:54:48.396146'),(300,'',NULL,0,'0906666666','','','',0,1,'2022-12-01 06:17:59.524034'),(301,'',NULL,0,'09183626090','','','',0,1,'2022-12-17 07:47:28.018237'),(302,'',NULL,0,'09077777777','','','',0,1,'2022-12-17 11:00:24.213906'),(303,'',NULL,0,'09088888888','','','',0,1,'2022-12-18 09:10:29.643295'),(304,'',NULL,0,'09011111112','','','',0,1,'2022-12-20 05:52:54.513306'),(305,'',NULL,0,'09000000000','','','',0,1,'2022-12-26 07:58:17.889318'),(306,'',NULL,0,'09066666666','','','',0,1,'2022-12-31 08:02:33.969590'),(307,'pbkdf2_sha256$260000$WVnGo8RReOJPviFo3yK84f$99vQBvs2W3zUpKzJtR2esaI5Rp+V9WE9Wqfzmx4wnkw=','2023-01-23 05:30:25.188126',1,'amir','امیررضا','طاهرخانی','',1,1,'2023-01-03 10:22:16.000000'),(308,'',NULL,0,'09112289183','','','',0,1,'2023-01-11 07:40:39.509075'),(313,'',NULL,0,'09133532362','','','',0,1,'2023-01-22 10:42:14.005963'),(314,'pbkdf2_sha256$260000$uG7SRMm0FBLTQmJbX41omD$W2pGY1Ow/uK2Y+pH0oVxyCJX3OTkg7iqg7oLkxD9jpo=','2023-01-22 14:15:37.302986',1,'armanzadpour','arman','zadpour','arman@gmail.com',1,1,'2023-01-22 14:06:35.000000'),(311,'pbkdf2_sha256$260000$CMVX5y2HmeQIkqsT6rZGcc$GDGfMEUsTfQYWaNprk8kKjalGTUdsUg4hRaRXOz+HrA=',NULL,0,'test3','test','test','',1,1,'2023-01-17 13:52:18.384485'),(315,'','2023-01-23 01:38:15.472491',0,'09384913307','','','',0,1,'2023-01-23 01:36:47.867780'),(316,'',NULL,0,'09916440448','','','',0,1,'2023-01-23 05:41:08.266220');
/*!40000 ALTER TABLE `auth_user` ENABLE KEYS */;
UNLOCK TABLES;

--
-- Table structure for table `auth_user_groups`
--

DROP TABLE IF EXISTS `auth_user_groups`;
/*!40101 SET @saved_cs_client     = @@character_set_client */;
/*!40101 SET character_set_client = utf8 */;
CREATE TABLE `auth_user_groups` (
  `id` int(11) NOT NULL AUTO_INCREMENT,
  `user_id` int(11) NOT NULL,
  `group_id` int(11) NOT NULL,
  PRIMARY KEY (`id`),
  UNIQUE KEY `auth_user_groups_user_id_group_id_94350c0c_uniq` (`user_id`,`group_id`),
  KEY `auth_user_groups_group_id_97559544_fk_auth_group_id` (`group_id`)
) ENGINE=MyISAM DEFAULT CHARSET=utf8 COLLATE=utf8_general_ci;
/*!40101 SET character_set_client = @saved_cs_client */;

--
-- Dumping data for table `auth_user_groups`
--

LOCK TABLES `auth_user_groups` WRITE;
/*!40000 ALTER TABLE `auth_user_groups` DISABLE KEYS */;
/*!40000 ALTER TABLE `auth_user_groups` ENABLE KEYS */;
UNLOCK TABLES;

--
-- Table structure for table `auth_user_user_permissions`
--

DROP TABLE IF EXISTS `auth_user_user_permissions`;
/*!40101 SET @saved_cs_client     = @@character_set_client */;
/*!40101 SET character_set_client = utf8 */;
CREATE TABLE `auth_user_user_permissions` (
  `id` int(11) NOT NULL AUTO_INCREMENT,
  `user_id` int(11) NOT NULL,
  `permission_id` int(11) NOT NULL,
  PRIMARY KEY (`id`),
  UNIQUE KEY `auth_user_user_permissions_user_id_permission_id_14a6b632_uniq` (`user_id`,`permission_id`),
  KEY `auth_user_user_permi_permission_id_1fbb5f2c_fk_auth_perm` (`permission_id`)
) ENGINE=MyISAM AUTO_INCREMENT=106 DEFAULT CHARSET=utf8 COLLATE=utf8_general_ci;
/*!40101 SET character_set_client = @saved_cs_client */;

--
-- Dumping data for table `auth_user_user_permissions`
--

LOCK TABLES `auth_user_user_permissions` WRITE;
/*!40000 ALTER TABLE `auth_user_user_permissions` DISABLE KEYS */;
INSERT INTO `auth_user_user_permissions` VALUES (82,30,13),(81,30,14),(80,30,16),(70,31,13),(69,31,16),(68,31,25),(67,31,28),(66,33,13),(65,33,16),(64,33,25),(63,33,28),(74,34,13),(73,34,16),(72,34,25),(71,34,28),(51,176,13),(50,176,16),(49,176,25),(48,176,28),(62,177,13),(61,177,16),(60,177,25),(59,177,28);
/*!40000 ALTER TABLE `auth_user_user_permissions` ENABLE KEYS */;
UNLOCK TABLES;

--
-- Table structure for table `base_damagedproduct`
--

DROP TABLE IF EXISTS `base_damagedproduct`;
/*!40101 SET @saved_cs_client     = @@character_set_client */;
/*!40101 SET character_set_client = utf8 */;
CREATE TABLE `base_damagedproduct` (
  `id` bigint(20) NOT NULL AUTO_INCREMENT,
  `quantity` varchar(10) DEFAULT NULL,
  `problem_count` varchar(5) NOT NULL,
  `quality_problem` varchar(100) NOT NULL,
  `orderitem_id` bigint(20) DEFAULT NULL,
  `product_id` bigint(20) DEFAULT NULL,
  `report_id` bigint(20) DEFAULT NULL,
  PRIMARY KEY (`id`),
  KEY `base_damagedproduct_orderitem_id_f7c586a4_fk_base_orderitem_id` (`orderitem_id`),
  KEY `base_damagedproduct_product_id_fb1a5aef_fk_product_product_id` (`product_id`),
  KEY `base_damagedproduct_report_id_c1b98d6c_fk_base_report_id` (`report_id`)
) ENGINE=MyISAM AUTO_INCREMENT=2 DEFAULT CHARSET=utf8 COLLATE=utf8_general_ci;
/*!40101 SET character_set_client = @saved_cs_client */;

--
-- Dumping data for table `base_damagedproduct`
--

LOCK TABLES `base_damagedproduct` WRITE;
/*!40000 ALTER TABLE `base_damagedproduct` DISABLE KEYS */;
INSERT INTO `base_damagedproduct` VALUES (1,NULL,'10','فرو رفتگی روی محصول ',NULL,1,1);
/*!40000 ALTER TABLE `base_damagedproduct` ENABLE KEYS */;
UNLOCK TABLES;

--
-- Table structure for table `base_notification`
--

DROP TABLE IF EXISTS `base_notification`;
/*!40101 SET @saved_cs_client     = @@character_set_client */;
/*!40101 SET character_set_client = utf8 */;
CREATE TABLE `base_notification` (
  `id` bigint(20) NOT NULL AUTO_INCREMENT,
  `title` varchar(300) DEFAULT NULL,
  `text` varchar(500) DEFAULT NULL,
  `createdAt` datetime(6) NOT NULL,
  `adminRead` tinyint(1) NOT NULL,
  `user_id` int(11) DEFAULT NULL,
  `userRead` tinyint(1) NOT NULL,
  PRIMARY KEY (`id`),
  KEY `base_notification_user_id_09cc7a96_fk_auth_user_id` (`user_id`)
) ENGINE=MyISAM AUTO_INCREMENT=447 DEFAULT CHARSET=utf8 COLLATE=utf8_general_ci;
/*!40101 SET character_set_client = @saved_cs_client */;

--
-- Dumping data for table `base_notification`
--

LOCK TABLES `base_notification` WRITE;
/*!40000 ALTER TABLE `base_notification` DISABLE KEYS */;
INSERT INTO `base_notification` VALUES (1,'ثبت سفارش','سفارش با شماره تراکنش 8438784 ثبت شد','2022-11-08 06:49:31.807808',1,159,0),(2,'ثبت سفارش','سفارش با شماره تراکنش 8438784 ثبت شد','2022-11-08 06:52:59.944453',1,98,0),(3,'ثبت سفارش','سفارش با شماره تراکنش 9788858 ثبت شد','2022-11-10 05:51:37.740827',1,212,0),(4,'ثبت سفارش','سفارش با شماره تراکنش 8721378 ثبت شد','2022-11-15 09:20:55.689282',1,96,0),(5,'ثبت سفارش','سفارش با شماره تراکنش 7316068 ثبت شد','2022-11-15 10:23:24.160593',1,79,0),(6,'ثبت سفارش','سفارش با شماره تراکنش 7316068 ثبت شد','2022-11-15 10:25:10.483071',1,198,0),(7,'ثبت سفارش','سفارش با شماره تراکنش 7316068 ثبت شد','2022-11-15 10:26:23.281555',1,42,0),(8,'ثبت سفارش','سفارش با شماره تراکنش 6804843 ثبت شد','2022-11-15 10:50:53.563806',1,275,0),(9,'تغییر وضعیت سفارش','سفارش به شماره 3010515 به وضعیت \"لغو سفارش\" تغییر یافت','2022-11-16 06:03:11.662020',1,115,0),(10,'ثبت سفارش','سفارش با شماره تراکنش 9009858 ثبت شد','2022-11-16 06:12:52.112101',1,220,0),(11,'تغییر وضعیت سفارش','سفارش به شماره 3010520 به وضعیت \"لغو سفارش\" تغییر یافت','2022-11-16 06:17:47.017741',1,198,0),(12,'ثبت سفارش','سفارش با شماره تراکنش 9009858 ثبت شد','2022-11-16 06:24:50.917985',1,57,0),(13,'ثبت سفارش','سفارش با شماره تراکنش 2383324 ثبت شد','2022-11-16 06:35:07.521246',1,77,0),(14,'ثبت سفارش','سفارش با شماره تراکنش 7938749 ثبت شد','2022-11-16 06:56:19.995575',1,45,0),(15,'ثبت سفارش','سفارش با شماره تراکنش 6481535 ثبت شد','2022-11-16 07:09:39.638741',1,57,0),(16,'ثبت سفارش','سفارش با شماره تراکنش 1319436 ثبت شد','2022-11-17 07:42:39.106452',1,159,0),(17,'ثبت سفارش','سفارش با شماره تراکنش 1319436 ثبت شد','2022-11-17 07:50:27.769658',1,57,0),(18,'ثبت سفارش','سفارش با شماره تراکنش 1319436 ثبت شد','2022-11-17 07:53:00.255360',1,37,0),(19,'ثبت سفارش','سفارش با شماره تراکنش 6268034 ثبت شد','2022-11-17 08:15:45.723043',1,94,0),(20,'ثبت سفارش','سفارش با شماره تراکنش 6268034 ثبت شد','2022-11-17 08:21:53.640869',1,294,0),(21,'تغییر وضعیت سفارش','سفارش به شماره 3010518 به وضعیت \"لغو سفارش\" تغییر یافت','2022-11-17 08:39:20.455285',1,178,0),(22,'ثبت سفارش','سفارش با شماره تراکنش 1446363 ثبت شد','2022-11-19 05:30:56.011928',1,158,0),(23,'ثبت سفارش','سفارش با شماره تراکنش 1446363 ثبت شد','2022-11-19 05:44:58.286651',1,57,0),(24,'ثبت سفارش','سفارش با شماره تراکنش 5879080 ثبت شد','2022-11-20 09:25:30.170337',1,68,0),(25,'ثبت سفارش','سفارش با شماره تراکنش 7653458 ثبت شد','2022-11-20 10:00:39.393972',1,151,0),(26,'ثبت سفارش','سفارش با شماره تراکنش 3131374 ثبت شد','2022-11-20 10:55:13.624927',1,295,0),(27,'ثبت سفارش','سفارش با شماره تراکنش 4462492 ثبت شد','2022-11-21 05:08:23.368285',1,191,0),(28,'ثبت سفارش','سفارش با شماره تراکنش 4462492 ثبت شد','2022-11-21 05:10:34.734546',1,118,0),(29,'ثبت سفارش','سفارش با شماره تراکنش 4462492 ثبت شد','2022-11-21 05:18:00.877564',1,74,0),(30,'ثبت سفارش','سفارش با شماره تراکنش 4462492 ثبت شد','2022-11-21 05:25:46.156719',1,137,0),(31,'ثبت سفارش','سفارش با شماره تراکنش 6234440 ثبت شد','2022-11-21 12:01:07.209859',1,296,0),(32,'ثبت سفارش','سفارش با شماره تراکنش 3525362 ثبت شد','2022-11-22 05:25:38.754218',1,179,0),(33,'ثبت سفارش','سفارش با شماره تراکنش 3525362 ثبت شد','2022-11-22 05:35:35.581626',1,297,0),(34,'ثبت سفارش','سفارش با شماره تراکنش 3525362 ثبت شد','2022-11-22 05:37:52.656807',1,36,0),(35,'ثبت سفارش','سفارش با شماره تراکنش 3525362 ثبت شد','2022-11-22 05:47:53.661873',1,65,0),(36,'ثبت سفارش','سفارش با شماره تراکنش 8513517 ثبت شد','2022-11-22 05:58:31.254599',1,57,0),(37,'ثبت سفارش','سفارش با شماره تراکنش 8513517 ثبت شد','2022-11-22 06:02:46.152821',1,159,0),(38,'ثبت سفارش','سفارش با شماره تراکنش 8513517 ثبت شد','2022-11-22 06:11:33.753748',1,117,0),(39,'تغییر وضعیت سفارش','سفارش به شماره 4010523 به وضعیت \"درحال تولید\" تغییر یافت','2022-11-22 06:31:33.423264',1,43,0),(40,'تغییر وضعیت سفارش','سفارش به شماره 4010566 به وضعیت \"لغو سفارش\" تغییر یافت','2022-11-22 06:34:19.445728',1,296,0),(41,'تغییر وضعیت سفارش','سفارش به شماره 4010520 به وضعیت \"درحال تولید\" تغییر یافت','2022-11-22 06:49:30.622808',1,220,0),(42,'تغییر وضعیت سفارش','سفارش به شماره 4010521 به وضعیت \"درحال تولید\" تغییر یافت','2022-11-22 06:52:33.674981',1,57,0),(43,'تغییر وضعیت سفارش','سفارش به شماره 4010519 به وضعیت \"درحال تولید\" تغییر یافت','2022-11-22 06:53:28.920256',1,57,0),(44,'ثبت سفارش','سفارش با شماره تراکنش 8907541 ثبت شد','2022-11-22 08:53:14.371594',1,239,0),(45,'ثبت سفارش','سفارش با شماره تراکنش 3188745 ثبت شد','2022-11-23 05:25:10.948277',1,208,0),(46,'ثبت سفارش','سفارش با شماره تراکنش 3188745 ثبت شد','2022-11-23 05:26:42.600824',1,49,0),(47,'ثبت سفارش','سفارش با شماره تراکنش 3188745 ثبت شد','2022-11-23 05:28:01.598770',1,159,0),(48,'ثبت سفارش','سفارش با شماره تراکنش 3188745 ثبت شد','2022-11-23 05:30:35.798453',1,43,0),(49,'ثبت سفارش','سفارش با شماره تراکنش 3188745 ثبت شد','2022-11-23 05:36:07.794669',1,101,0),(50,'تغییر وضعیت سفارش','سفارش به شماره 4010565 به وضعیت \"درحال تولید\" تغییر یافت','2022-11-23 05:51:41.191754',1,118,0),(51,'تغییر وضعیت سفارش','سفارش به شماره 4010563 به وضعیت \"درحال تولید\" تغییر یافت','2022-11-23 05:52:19.514867',1,151,0),(52,'تغییر وضعیت سفارش','سفارش به شماره 4010566 به وضعیت \"درحال تولید\" تغییر یافت','2022-11-23 05:53:07.835750',1,296,0),(53,'تغییر وضعیت سفارش','سفارش به شماره 4010570 به وضعیت \"درحال تولید\" تغییر یافت','2022-11-23 05:53:57.337953',1,117,0),(54,'تغییر وضعیت سفارش','سفارش به شماره 4010564 به وضعیت \"درحال تولید\" تغییر یافت','2022-11-23 05:54:40.180864',1,191,0),(55,'تغییر وضعیت سفارش','سفارش به شماره 4010567 به وضعیت \"درحال تولید\" تغییر یافت','2022-11-23 05:55:11.707401',1,74,0),(56,'تغییر وضعیت سفارش','سفارش به شماره 4010573 به وضعیت \"درحال تولید\" تغییر یافت','2022-11-23 05:55:45.242202',1,208,0),(57,'تغییر وضعیت سفارش','سفارش به شماره 4010571 به وضعیت \"درحال تولید\" تغییر یافت','2022-11-23 05:56:11.701347',1,179,0),(58,'ثبت سفارش','سفارش با شماره تراکنش 4010573 ثبت شد','2022-11-23 06:08:43.346165',1,208,0),(59,'تغییر وضعیت سفارش','سفارش به شماره 4010518 به وضعیت \"تکمیل سفارش\" تغییر یافت','2022-11-23 06:27:06.310761',1,77,0),(60,'تغییر وضعیت سفارش','سفارش به شماره 4010560 به وضعیت \"تکمیل سفارش\" تغییر یافت','2022-11-23 06:44:16.003992',1,198,0),(61,'تغییر وضعیت سفارش','سفارش به شماره 4010559 به وضعیت \"تکمیل سفارش\" تغییر یافت','2022-11-23 06:45:29.350651',1,79,0),(62,'ثبت سفارش','سفارش با شماره تراکنش 5368280 ثبت شد','2022-11-24 05:10:59.824951',1,43,0),(63,'ثبت سفارش','سفارش با شماره تراکنش 5368280 ثبت شد','2022-11-24 05:13:59.440367',1,178,0),(64,'ثبت سفارش','سفارش با شماره تراکنش 5368280 ثبت شد','2022-11-24 05:15:23.141679',1,297,0),(65,'ثبت سفارش','سفارش با شماره تراکنش 4051218 ثبت شد','2022-11-26 05:38:17.187970',1,293,0),(66,'ثبت سفارش','سفارش با شماره تراکنش 8462323 ثبت شد','2022-11-27 06:01:38.545421',1,159,0),(67,'ثبت سفارش','سفارش با شماره تراکنش 8462323 ثبت شد','2022-11-27 06:04:18.250574',1,187,0),(68,'ثبت سفارش','سفارش با شماره تراکنش 8462323 ثبت شد','2022-11-27 06:09:23.564224',1,294,0),(69,'ثبت سفارش','سفارش با شماره تراکنش 8462323 ثبت شد','2022-11-27 06:24:06.042131',1,51,0),(70,'ثبت سفارش','سفارش با شماره تراکنش 4027905 ثبت شد','2022-11-27 06:42:57.164145',1,298,0),(71,'ثبت سفارش','سفارش با شماره تراکنش 4027905 ثبت شد','2022-11-27 07:03:53.197022',1,63,0),(72,'تغییر وضعیت سفارش','سفارش به شماره 4010524 به وضعیت \"درحال تولید\" تغییر یافت','2022-11-27 07:15:32.775745',1,57,0),(73,'تغییر وضعیت سفارش','سفارش به شماره 4010522 به وضعیت \"درحال تولید\" تغییر یافت','2022-11-27 07:16:14.914133',1,37,0),(74,'تغییر وضعیت سفارش','سفارش به شماره 4010526 به وضعیت \"درحال تولید\" تغییر یافت','2022-11-27 07:16:41.482548',1,57,0),(75,'تغییر وضعیت سفارش','سفارش به شماره 4010516 به وضعیت \"درحال تولید\" تغییر یافت','2022-11-27 07:17:14.488887',1,294,0),(76,'تغییر وضعیت سفارش','سفارش به شماره 4010527 به وضعیت \"درحال تولید\" تغییر یافت','2022-11-27 07:18:29.318005',1,68,0),(77,'تغییر وضعیت سفارش','سفارش به شماره 4010525 به وضعیت \"درحال تولید\" تغییر یافت','2022-11-27 07:19:13.251092',1,94,0),(78,'تغییر وضعیت سفارش','سفارش به شماره 4010529 به وضعیت \"درحال تولید\" تغییر یافت','2022-11-27 07:19:40.839106',1,36,0),(79,'تغییر وضعیت سفارش','سفارش به شماره 4010530 به وضعیت \"درحال تولید\" تغییر یافت','2022-11-27 07:20:05.842661',1,65,0),(80,'تغییر وضعیت سفارش','سفارش به شماره 4010531 به وضعیت \"درحال تولید\" تغییر یافت','2022-11-27 07:20:31.542255',1,57,0),(81,'تغییر وضعیت سفارش','سفارش به شماره 4010533 به وضعیت \"درحال تولید\" تغییر یافت','2022-11-27 07:21:00.057157',1,159,0),(82,'تغییر وضعیت سفارش','سفارش به شماره 4010537 به وضعیت \"درحال تولید\" تغییر یافت','2022-11-27 07:21:32.382040',1,43,0),(83,'تغییر وضعیت سفارش','سفارش به شماره 4010568 به وضعیت \"درحال تولید\" تغییر یافت','2022-11-27 07:24:42.564542',1,137,0),(84,'تغییر وضعیت سفارش','سفارش به شماره 4010574 به وضعیت \"درحال تولید\" تغییر یافت','2022-11-27 07:25:12.408575',1,49,0),(85,'ثبت سفارش','سفارش با شماره تراکنش 6163070 ثبت شد','2022-11-28 05:23:51.288752',1,155,0),(86,'ثبت سفارش','سفارش با شماره تراکنش 6163070 ثبت شد','2022-11-28 05:32:55.965698',1,212,0),(87,'ثبت سفارش','سفارش با شماره تراکنش 6163070 ثبت شد','2022-11-28 05:38:23.583970',1,159,0),(88,'ثبت سفارش','سفارش با شماره تراکنش 4536412 ثبت شد','2022-11-28 05:58:15.820933',1,52,0),(89,'ثبت سفارش','سفارش با شماره تراکنش 4536412 ثبت شد','2022-11-28 06:01:43.845574',1,107,0),(90,'تغییر وضعیت سفارش','سفارش به شماره 4010568 به وضعیت \"تکمیل سفارش\" تغییر یافت','2022-11-28 07:01:02.119420',1,137,0),(91,'تغییر وضعیت سفارش','سفارش به شماره 4010574 به وضعیت \"تکمیل سفارش\" تغییر یافت','2022-11-28 07:01:41.323689',1,49,0),(92,'تغییر وضعیت سفارش','سفارش به شماره 4010580 به وضعیت \"تکمیل سفارش\" تغییر یافت','2022-11-28 07:03:21.382110',1,298,0),(93,'تغییر وضعیت سفارش','سفارش به شماره 4010522 به وضعیت \"تکمیل سفارش\" تغییر یافت','2022-11-28 07:07:00.816071',1,37,0),(94,'تغییر وضعیت سفارش','سفارش به شماره 4010526 به وضعیت \"تکمیل سفارش\" تغییر یافت','2022-11-28 07:07:43.990857',1,57,0),(95,'تغییر وضعیت سفارش','سفارش به شماره 4010533 به وضعیت \"تکمیل سفارش\" تغییر یافت','2022-11-28 07:09:30.409127',1,159,0),(96,'تغییر وضعیت سفارش','سفارش به شماره 4010512 به وضعیت \"تکمیل سفارش\" تغییر یافت','2022-11-28 07:20:20.415348',1,228,0),(97,'تغییر وضعیت سفارش','سفارش به شماره 4010519 به وضعیت \"تکمیل سفارش\" تغییر یافت','2022-11-28 07:58:54.622828',1,57,0),(98,'تغییر وضعیت سفارش','سفارش به شماره 4010521 به وضعیت \"تکمیل سفارش\" تغییر یافت','2022-11-28 07:59:25.881389',1,57,0),(99,'تغییر وضعیت سفارش','سفارش به شماره 4010523 به وضعیت \"تکمیل سفارش\" تغییر یافت','2022-11-28 08:00:35.283317',1,43,0),(100,'ثبت سفارش','سفارش با شماره تراکنش 1813294 ثبت شد','2022-11-29 05:51:53.460724',1,212,0),(101,'ثبت سفارش','سفارش با شماره تراکنش 1813294 ثبت شد','2022-11-29 06:06:15.460758',1,117,0),(102,'ثبت سفارش','سفارش با شماره تراکنش 8287215 ثبت شد','2022-11-29 06:18:46.080697',1,45,0),(103,'ثبت سفارش','سفارش با شماره تراکنش 6524412 ثبت شد','2022-11-29 07:19:05.657100',1,40,0),(104,'تغییر وضعیت سفارش','سفارش به شماره 4010534 به وضعیت \"درحال تولید\" تغییر یافت','2022-11-29 08:43:00.226994',1,159,0),(105,'تغییر وضعیت سفارش','سفارش به شماره 4010535 به وضعیت \"درحال تولید\" تغییر یافت','2022-11-29 08:44:04.934488',1,43,0),(106,'تغییر وضعیت سفارش','سفارش به شماره 4010536 به وضعیت \"درحال تولید\" تغییر یافت','2022-11-29 08:44:56.785068',1,101,0),(107,'تغییر وضعیت سفارش','سفارش به شماره 4010528 به وضعیت \"درحال تولید\" تغییر یافت','2022-11-29 08:45:26.001000',1,295,0),(108,'تغییر وضعیت سفارش','سفارش به شماره 4010539 به وضعیت \"درحال تولید\" تغییر یافت','2022-11-29 08:45:52.249989',1,293,0),(109,'تغییر وضعیت سفارش','سفارش به شماره 4010538 به وضعیت \"درحال تولید\" تغییر یافت','2022-11-29 08:46:18.107305',1,37,0),(110,'تغییر وضعیت سفارش','سفارش به شماره 4010516 به وضعیت \"تکمیل سفارش\" تغییر یافت','2022-11-29 08:51:23.382214',1,294,0),(111,'تغییر وضعیت سفارش','سفارش به شماره 4010578 به وضعیت \"درحال تولید\" تغییر یافت','2022-11-29 08:54:15.864497',1,159,0),(112,'تغییر وضعیت سفارش','سفارش به شماره 4010579 به وضعیت \"درحال تولید\" تغییر یافت','2022-11-29 08:55:08.047664',1,187,0),(113,'تغییر وضعیت سفارش','سفارش به شماره 4010580 به وضعیت \"درحال تولید\" تغییر یافت','2022-11-29 08:55:20.448466',1,298,0),(114,'تغییر وضعیت سفارش','سفارش به شماره 4010582 به وضعیت \"درحال تولید\" تغییر یافت','2022-11-29 08:56:00.297947',1,155,0),(115,'تغییر وضعیت سفارش','سفارش به شماره 4010583 به وضعیت \"درحال تولید\" تغییر یافت','2022-11-29 08:56:35.426280',1,212,0),(116,'تغییر وضعیت سفارش','سفارش به شماره 4010586 به وضعیت \"درحال تولید\" تغییر یافت','2022-11-29 08:56:59.165668',1,212,0),(117,'ثبت سفارش','سفارش با شماره تراکنش 7124529 ثبت شد','2022-11-30 05:11:42.489811',1,65,0),(118,'ثبت سفارش','سفارش با شماره تراکنش 7124529 ثبت شد','2022-11-30 05:15:09.578529',1,188,0),(119,'ثبت سفارش','سفارش با شماره تراکنش 7124529 ثبت شد','2022-11-30 05:20:24.934815',1,174,0),(120,'ثبت سفارش','سفارش با شماره تراکنش 7124529 ثبت شد','2022-11-30 05:30:33.442577',1,111,0),(121,'ثبت سفارش','سفارش با شماره تراکنش 9959991 ثبت شد','2022-11-30 05:53:11.791903',1,36,0),(122,'ثبت سفارش','سفارش با شماره تراکنش 9959991 ثبت شد','2022-11-30 06:09:10.172628',1,44,0),(123,'تغییر وضعیت سفارش','سفارش به شماره 4010540 به وضعیت \"درحال تولید\" تغییر یافت','2022-11-30 06:33:02.299027',1,294,0),(124,'تغییر وضعیت سفارش','سفارش به شماره 4010547 به وضعیت \"درحال تولید\" تغییر یافت','2022-11-30 06:33:31.921029',1,107,0),(125,'تغییر وضعیت سفارش','سفارش به شماره 4010544 به وضعیت \"درحال تولید\" تغییر یافت','2022-11-30 06:34:10.947956',1,159,0),(126,'تغییر وضعیت سفارش','سفارش به شماره 4010545 به وضعیت \"درحال تولید\" تغییر یافت','2022-11-30 06:34:49.738070',1,159,0),(127,'تغییر وضعیت سفارش','سفارش به شماره 4010541 به وضعیت \"درحال تولید\" تغییر یافت','2022-11-30 06:35:20.034385',1,63,0),(128,'تغییر وضعیت سفارش','سفارش به شماره 4010546 به وضعیت \"درحال تولید\" تغییر یافت','2022-11-30 06:37:12.896879',1,52,0),(129,'تغییر وضعیت سفارش','سفارش به شماره 4010548 به وضعیت \"درحال تولید\" تغییر یافت','2022-11-30 06:37:39.940596',1,45,0),(130,'تغییر وضعیت سفارش','سفارش به شماره 4010527 به وضعیت \"تکمیل سفارش\" تغییر یافت','2022-11-30 06:40:24.137652',1,68,0),(131,'تغییر وضعیت سفارش','سفارش به شماره 4010529 به وضعیت \"تکمیل سفارش\" تغییر یافت','2022-11-30 06:41:23.015944',1,36,0),(132,'تغییر وضعیت سفارش','سفارش به شماره 4010531 به وضعیت \"تکمیل سفارش\" تغییر یافت','2022-11-30 06:42:10.201091',1,57,0),(133,'تغییر وضعیت سفارش','سفارش به شماره 4010578 به وضعیت \"تکمیل سفارش\" تغییر یافت','2022-11-30 07:02:24.154310',1,159,0),(134,'تغییر وضعیت سفارش','سفارش به شماره 4010579 به وضعیت \"تکمیل سفارش\" تغییر یافت','2022-11-30 07:02:50.000421',1,187,0),(135,'تغییر وضعیت سفارش','سفارش به شماره 4010582 به وضعیت \"تکمیل سفارش\" تغییر یافت','2022-11-30 07:03:21.264026',1,155,0),(136,'تغییر وضعیت سفارش','سفارش به شماره 4010583 به وضعیت \"تکمیل سفارش\" تغییر یافت','2022-11-30 07:03:43.472953',1,212,0),(137,'تغییر وضعیت سفارش','سفارش به شماره 4010586 به وضعیت \"تکمیل سفارش\" تغییر یافت','2022-11-30 07:04:09.964332',1,212,0),(138,'تغییر وضعیت سفارش','سفارش به شماره 4010573 به وضعیت \"تکمیل سفارش\" تغییر یافت','2022-11-30 07:08:45.551878',1,208,0),(139,'ثبت سفارش','سفارش با شماره تراکنش 3374340 ثبت شد','2022-12-01 06:09:15.471503',1,296,0),(140,'ثبت سفارش','سفارش با شماره تراکنش 3374340 ثبت شد','2022-12-01 06:14:46.849371',1,174,0),(141,'ثبت سفارش','سفارش با شماره تراکنش 3374340 ثبت شد','2022-12-01 06:15:57.730440',1,68,0),(142,'ثبت سفارش','سفارش با شماره تراکنش 4723263 ثبت شد','2022-12-01 09:02:12.584387',1,300,0),(143,'تغییر وضعیت سفارش','سفارش به شماره 4010534 به وضعیت \"تکمیل سفارش\" تغییر یافت','2022-12-01 11:18:30.592431',1,159,0),(144,'تغییر وضعیت سفارش','سفارش به شماره 4010535 به وضعیت \"تکمیل سفارش\" تغییر یافت','2022-12-01 11:33:28.078415',1,43,0),(145,'تغییر وضعیت سفارش','سفارش به شماره 4010537 به وضعیت \"تکمیل سفارش\" تغییر یافت','2022-12-01 11:34:31.426188',1,43,0),(146,'تغییر وضعیت سفارش','سفارش به شماره 4010536 به وضعیت \"تکمیل سفارش\" تغییر یافت','2022-12-01 11:50:39.327772',1,101,0),(147,'تغییر وضعیت سفارش','سفارش به شماره 4010539 به وضعیت \"تکمیل سفارش\" تغییر یافت','2022-12-01 11:51:15.792029',1,293,0),(148,'تغییر وضعیت سفارش','سفارش به شماره 4010538 به وضعیت \"تکمیل سفارش\" تغییر یافت','2022-12-01 11:51:53.313231',1,37,0),(149,'تغییر وضعیت سفارش','سفارش به شماره 4010588 به وضعیت \"درحال تولید\" تغییر یافت','2022-12-01 11:55:43.085332',1,117,0),(150,'ثبت سفارش','سفارش با شماره تراکنش 3615284 ثبت شد','2022-12-03 05:37:56.171262',1,111,0),(151,'ثبت سفارش','سفارش با شماره تراکنش 3615284 ثبت شد','2022-12-03 05:43:09.547503',1,295,0),(152,'ثبت سفارش','سفارش با شماره تراکنش 4010548 ثبت شد','2022-12-03 06:02:37.469712',1,45,0),(153,'تغییر وضعیت سفارش','سفارش به شماره 4010540 به وضعیت \"تکمیل سفارش\" تغییر یافت','2022-12-03 06:03:39.423904',1,294,0),(154,'ثبت سفارش','سفارش با شماره تراکنش 5730432 ثبت شد','2022-12-03 10:20:15.194525',1,240,0),(155,'ثبت سفارش','سفارش با شماره تراکنش 5730432 ثبت شد','2022-12-03 10:20:26.079166',1,265,0),(156,'ثبت سفارش','سفارش با شماره تراکنش 7871438 ثبت شد','2022-12-15 07:58:06.303556',1,294,0),(157,'ثبت سفارش','سفارش با شماره تراکنش 7871438 ثبت شد','2022-12-15 07:59:56.784651',1,37,0),(158,'ثبت سفارش','سفارش با شماره تراکنش 7871438 ثبت شد','2022-12-15 08:25:07.511760',1,41,0),(159,'ثبت سفارش','سفارش با شماره تراکنش 3534836 ثبت شد','2022-12-15 08:41:44.665446',1,137,0),(160,'ثبت سفارش','سفارش با شماره تراکنش 3534836 ثبت شد','2022-12-15 08:44:21.592475',1,159,0),(161,'ثبت سفارش','سفارش با شماره تراکنش 5621814 ثبت شد','2022-12-17 06:26:10.264054',1,117,0),(162,'ثبت سفارش','سفارش با شماره تراکنش 5360793 ثبت شد','2022-12-17 07:10:54.567083',1,117,0),(163,'ثبت سفارش','سفارش با شماره تراکنش 8142353 ثبت شد','2022-12-17 07:58:18.062292',1,301,0),(164,'ثبت سفارش','سفارش با شماره تراکنش 7228697 ثبت شد','2022-12-17 07:58:26.160005',1,301,0),(165,'ثبت سفارش','سفارش با شماره تراکنش 8142353 ثبت شد','2022-12-17 08:06:20.857697',1,77,0),(166,'ثبت سفارش','سفارش با شماره تراکنش 2991101 ثبت شد','2022-12-17 08:34:45.027118',1,57,0),(167,'ثبت سفارش','سفارش با شماره تراکنش 6653028 ثبت شد','2022-12-17 08:58:57.125405',1,117,0),(168,'ثبت سفارش','سفارش با شماره تراکنش 3529227 ثبت شد','2022-12-17 10:38:32.495010',1,117,0),(169,'ثبت سفارش','سفارش با شماره تراکنش 3529227 ثبت شد','2022-12-17 10:47:35.087631',1,178,0),(170,'ثبت سفارش','سفارش با شماره تراکنش 3529227 ثبت شد','2022-12-17 10:53:24.557928',1,129,0),(171,'ثبت سفارش','سفارش با شماره تراکنش 3529227 ثبت شد','2022-12-17 10:56:58.497847',1,207,0),(172,'ثبت سفارش','سفارش با شماره تراکنش 3529227 ثبت شد','2022-12-17 11:02:09.193850',1,302,0),(173,'ثبت سفارش','سفارش با شماره تراکنش 1171752 ثبت شد','2022-12-18 09:14:28.303783',1,303,0),(174,'ثبت سفارش','سفارش با شماره تراکنش 6160759 ثبت شد','2022-12-19 06:07:32.366739',1,115,0),(175,'ثبت سفارش','سفارش با شماره تراکنش 9666075 ثبت شد','2022-12-19 06:25:09.579860',1,90,0),(176,'ثبت سفارش','سفارش با شماره تراکنش 9666075 ثبت شد','2022-12-19 06:32:53.292485',1,37,0),(177,'ثبت سفارش','سفارش با شماره تراکنش 1021669 ثبت شد','2022-12-20 05:23:38.916409',1,105,0),(178,'ثبت سفارش','سفارش با شماره تراکنش 1021669 ثبت شد','2022-12-20 05:26:26.977163',1,107,0),(179,'ثبت سفارش','سفارش با شماره تراکنش 7886210 ثبت شد','2022-12-20 05:45:39.530475',1,96,0),(180,'ثبت سفارش','سفارش با شماره تراکنش 7886210 ثبت شد','2022-12-20 05:55:06.682379',1,304,0),(181,'ثبت سفارش','سفارش با شماره تراکنش 2652519 ثبت شد','2022-12-21 07:02:09.451470',1,159,0),(182,'ثبت سفارش','سفارش با شماره تراکنش 8687702 ثبت شد','2022-12-21 07:28:54.790463',1,301,0),(183,'ثبت سفارش','سفارش با شماره تراکنش 3045207 ثبت شد','2022-12-22 06:35:02.669268',1,105,0),(184,'ثبت سفارش','سفارش با شماره تراکنش 3045207 ثبت شد','2022-12-22 06:36:11.844928',1,117,0),(185,'تغییر وضعیت سفارش','سفارش به شماره 4010590 به وضعیت \"تکمیل سفارش\" تغییر یافت','2022-12-22 11:01:22.361531',1,77,0),(186,'تغییر وضعیت سفارش','سفارش به شماره 4010585 به وضعیت \"تکمیل سفارش\" تغییر یافت','2022-12-22 11:02:17.771165',1,41,0),(187,'تغییر وضعیت سفارش','سفارش به شماره 4010584 به وضعیت \"تکمیل سفارش\" تغییر یافت','2022-12-22 11:03:10.019232',1,159,0),(188,'تغییر وضعیت سفارش','سفارش به شماره 4010588 به وضعیت \"تکمیل سفارش\" تغییر یافت','2022-12-22 11:04:00.337608',1,301,0),(189,'تغییر وضعیت سفارش','سفارش به شماره 4010587 به وضعیت \"درحال تولید\" تغییر یافت','2022-12-22 11:09:01.443548',1,294,0),(190,'تغییر وضعیت سفارش','سفارش به شماره 4010591 به وضعیت \"درحال تولید\" تغییر یافت','2022-12-22 11:09:56.086979',1,57,0),(191,'تغییر وضعیت سفارش','سفارش به شماره 4010592 به وضعیت \"درحال تولید\" تغییر یافت','2022-12-22 11:11:13.941089',1,90,0),(192,'تغییر وضعیت سفارش','سفارش به شماره 4010594 به وضعیت \"درحال تولید\" تغییر یافت','2022-12-22 11:12:08.960167',1,96,0),(193,'تغییر وضعیت سفارش','سفارش به شماره 4010595 به وضعیت \"درحال تولید\" تغییر یافت','2022-12-22 11:12:35.590400',1,107,0),(194,'ثبت سفارش','سفارش با شماره تراکنش 7367335 ثبت شد','2022-12-24 06:12:54.751760',1,45,0),(195,'ثبت سفارش','سفارش با شماره تراکنش 3584944 ثبت شد','2022-12-24 06:26:59.113889',1,80,0),(196,'ثبت سفارش','سفارش با شماره تراکنش 5241116 ثبت شد','2022-12-24 06:46:52.263727',1,55,0),(197,'ثبت سفارش','سفارش با شماره تراکنش 4557685 ثبت شد','2022-12-24 07:29:37.128039',1,42,0),(198,'ثبت سفارش','سفارش با شماره تراکنش 8397820 ثبت شد','2022-12-24 08:04:07.790234',1,178,0),(199,'ثبت سفارش','سفارش با شماره تراکنش 9765807 ثبت شد','2022-12-24 09:24:32.176674',1,267,0),(200,'تغییر وضعیت سفارش','سفارش به شماره 4010591 به وضعیت \"تکمیل سفارش\" تغییر یافت','2022-12-24 11:04:37.676654',1,57,0),(201,'تغییر وضعیت سفارش','سفارش به شماره 4010592 به وضعیت \"تکمیل سفارش\" تغییر یافت','2022-12-24 11:05:13.805632',1,90,0),(202,'تغییر وضعیت سفارش','سفارش به شماره 4010594 به وضعیت \"تکمیل سفارش\" تغییر یافت','2022-12-24 11:05:48.484798',1,96,0),(203,'تغییر وضعیت سفارش','سفارش به شماره 4010600 به وضعیت \"درحال تولید\" تغییر یافت','2022-12-24 11:07:41.205673',1,55,0),(204,'تغییر وضعیت سفارش','سفارش به شماره 4010599 به وضعیت \"درحال تولید\" تغییر یافت','2022-12-24 11:08:05.322991',1,45,0),(205,'تغییر وضعیت سفارش','سفارش به شماره 4010601 به وضعیت \"درحال تولید\" تغییر یافت','2022-12-24 11:08:35.303046',1,42,0),(206,'تغییر وضعیت سفارش','سفارش به شماره 40106300 به وضعیت \"درحال تولید\" تغییر یافت','2022-12-24 11:14:10.019748',1,105,0),(207,'تغییر وضعیت سفارش','سفارش به شماره 40106299 به وضعیت \"درحال تولید\" تغییر یافت','2022-12-24 11:14:55.245865',1,304,0),(208,'تغییر وضعیت سفارش','سفارش به شماره 4010636 به وضعیت \"درحال تولید\" تغییر یافت','2022-12-24 11:17:07.340186',1,105,0),(209,'تغییر وضعیت سفارش','سفارش به شماره 4010637 به وضعیت \"درحال تولید\" تغییر یافت','2022-12-24 11:17:48.929617',1,117,0),(210,'تغییر وضعیت سفارش','سفارش به شماره 40105233 به وضعیت \"تکمیل سفارش\" تغییر یافت','2022-12-24 11:22:15.165345',1,117,0),(211,'تغییر وضعیت سفارش','سفارش به شماره 4010626 به وضعیت \"تکمیل سفارش\" تغییر یافت','2022-12-24 11:29:05.570727',1,115,0),(212,'تغییر وضعیت سفارش','سفارش به شماره 4010511 به وضعیت \"تکمیل سفارش\" تغییر یافت','2022-12-24 11:29:54.792348',1,117,0),(213,'ثبت سفارش','سفارش با شماره تراکنش 4898942 ثبت شد','2022-12-25 05:49:44.384679',1,296,0),(214,'ثبت سفارش','سفارش با شماره تراکنش 2751737 ثبت شد','2022-12-25 05:52:40.132035',1,159,0),(215,'تغییر وضعیت سفارش','سفارش به شماره 4010587 به وضعیت \"تکمیل سفارش\" تغییر یافت','2022-12-25 05:58:30.114686',1,294,0),(216,'ثبت سفارش','سفارش با شماره تراکنش 4898942 ثبت شد','2022-12-25 06:08:21.547560',1,36,0),(217,'ثبت سفارش','سفارش با شماره تراکنش 1301245 ثبت شد','2022-12-26 05:40:28.569800',1,295,0),(218,'تغییر وضعیت سفارش','سفارش به شماره 4010605 به وضعیت \"درحال تولید\" تغییر یافت','2022-12-26 06:29:45.814676',1,178,0),(219,'تغییر وضعیت سفارش','سفارش به شماره 4010604 به وضعیت \"درحال تولید\" تغییر یافت','2022-12-26 06:30:15.759962',1,267,0),(220,'تغییر وضعیت سفارش','سفارش به شماره 4010593 به وضعیت \"درحال تولید\" تغییر یافت','2022-12-26 06:35:31.783353',1,37,0),(221,'تغییر وضعیت سفارش','سفارش به شماره 4010602 به وضعیت \"درحال تولید\" تغییر یافت','2022-12-26 06:36:12.834836',1,295,0),(222,'ثبت سفارش','سفارش با شماره تراکنش 8561936 ثبت شد','2022-12-26 07:23:21.950905',1,294,0),(223,'ثبت سفارش','سفارش با شماره تراکنش 4706446 ثبت شد','2022-12-26 07:49:45.310346',1,36,0),(224,'ثبت سفارش','سفارش با شماره تراکنش 4706446 ثبت شد','2022-12-26 08:05:51.241840',1,305,0),(225,'ثبت سفارش','سفارش با شماره تراکنش 2643763 ثبت شد','2022-12-26 08:34:51.729419',1,159,0),(226,'ثبت سفارش','سفارش با شماره تراکنش 2643763 ثبت شد','2022-12-26 08:37:39.897870',1,220,0),(227,'ثبت سفارش','سفارش با شماره تراکنش 9382166 ثبت شد','2022-12-26 09:15:28.511133',1,63,0),(228,'ثبت سفارش','سفارش با شماره تراکنش 3507726 ثبت شد','2022-12-26 11:06:16.164663',1,63,0),(229,'ثبت سفارش','سفارش با شماره تراکنش 3601977 ثبت شد','2022-12-26 11:32:10.173878',1,52,0),(230,'تغییر وضعیت سفارش','سفارش به شماره 4010609 به وضعیت \"درحال تولید\" تغییر یافت','2022-12-26 11:35:32.903452',1,36,0),(231,'تغییر وضعیت سفارش','سفارش به شماره 4010606 به وضعیت \"درحال تولید\" تغییر یافت','2022-12-26 11:36:06.801288',1,159,0),(232,'تغییر وضعیت سفارش','سفارش به شماره 4010596 به وضعیت \"درحال تولید\" تغییر یافت','2022-12-26 11:36:39.533909',1,80,0),(233,'تغییر وضعیت سفارش','سفارش به شماره 40106399 به وضعیت \"درحال تولید\" تغییر یافت','2022-12-26 11:39:50.004257',1,296,0),(234,'تغییر وضعیت سفارش','سفارش به شماره 40106255 به وضعیت \"درحال تولید\" تغییر یافت','2022-12-26 11:44:41.843049',1,303,0),(235,'تغییر وضعیت سفارش','سفارش به شماره 40106433 به وضعیت \"درحال تولید\" تغییر یافت','2022-12-26 11:45:18.727597',1,159,0),(236,'ثبت سفارش','سفارش با شماره تراکنش 7275886 ثبت شد','2022-12-28 06:17:19.835559',1,57,0),(237,'ثبت سفارش','سفارش با شماره تراکنش 2408960 ثبت شد','2022-12-28 06:48:14.116558',1,60,0),(238,'ثبت سفارش','سفارش با شماره تراکنش 3723591 ثبت شد','2022-12-28 06:51:16.264192',1,55,0),(239,'ثبت سفارش','سفارش با شماره تراکنش 2408960 ثبت شد','2022-12-28 06:57:59.110339',1,117,0),(240,'ثبت سفارش','سفارش با شماره تراکنش 2408960 ثبت شد','2022-12-28 07:06:52.294868',1,123,0),(241,'ثبت سفارش','سفارش با شماره تراکنش 2408960 ثبت شد','2022-12-28 07:11:13.891375',1,153,0),(242,'ثبت سفارش','سفارش با شماره تراکنش 5718436 ثبت شد','2022-12-28 07:49:11.985523',1,117,0),(243,'ثبت سفارش','سفارش با شماره تراکنش 9483834 ثبت شد','2022-12-29 06:00:06.658844',1,208,0),(244,'ثبت سفارش','سفارش با شماره تراکنش 2969112 ثبت شد','2022-12-29 10:33:50.425802',1,57,0),(245,'ثبت سفارش','سفارش با شماره تراکنش 2969112 ثبت شد','2022-12-29 10:37:33.632052',1,37,0),(246,'تغییر وضعیت سفارش','سفارش به شماره 4010613 به وضعیت \"درحال تولید\" تغییر یافت','2022-12-29 10:40:56.863264',1,220,0),(247,'تغییر وضعیت سفارش','سفارش به شماره 4010614 به وضعیت \"درحال تولید\" تغییر یافت','2022-12-29 10:41:54.486945',1,55,0),(248,'تغییر وضعیت سفارش','سفارش به شماره 4010607 به وضعیت \"درحال تولید\" تغییر یافت','2022-12-29 10:42:50.923823',1,36,0),(249,'تغییر وضعیت سفارش','سفارش به شماره 4010606 به وضعیت \"تکمیل سفارش\" تغییر یافت','2022-12-29 10:58:16.018315',1,159,0),(250,'تغییر وضعیت سفارش','سفارش به شماره 4010609 به وضعیت \"تکمیل سفارش\" تغییر یافت','2022-12-29 10:59:22.544024',1,36,0),(251,'تغییر وضعیت سفارش','سفارش به شماره 40106477 به وضعیت \"درحال تولید\" تغییر یافت','2022-12-29 11:09:01.992261',1,123,0),(252,'تغییر وضعیت سفارش','سفارش به شماره 40106455 به وضعیت \"درحال تولید\" تغییر یافت','2022-12-29 11:12:16.949338',1,153,0),(253,'تغییر وضعیت سفارش','سفارش به شماره 40106444 به وضعیت \"درحال تولید\" تغییر یافت','2022-12-29 11:13:07.732967',1,305,0),(254,'ثبت سفارش','سفارش با شماره تراکنش 2568211 ثبت شد','2022-12-31 07:51:14.846391',1,159,0),(255,'ثبت سفارش','سفارش با شماره تراکنش 2288037 ثبت شد','2022-12-31 08:03:17.599308',1,306,0),(256,'ثبت سفارش','سفارش با شماره تراکنش 5123351 ثبت شد','2022-12-31 08:05:15.384753',1,191,0),(257,'ثبت سفارش','سفارش با شماره تراکنش 1482120 ثبت شد','2022-12-31 08:07:36.096469',1,305,0),(258,'ثبت سفارش','سفارش با شماره تراکنش 2274419 ثبت شد','2022-12-31 08:32:52.246953',1,54,0),(259,'ثبت سفارش','سفارش با شماره تراکنش 5466401 ثبت شد','2023-01-01 08:55:03.256185',1,105,0),(260,'ثبت سفارش','سفارش با شماره تراکنش 5466401 ثبت شد','2023-01-01 08:59:47.860048',1,56,0),(261,'ثبت سفارش','سفارش با شماره تراکنش 2220060 ثبت شد','2023-01-01 08:59:52.649333',1,56,0),(262,'ثبت سفارش','سفارش با شماره تراکنش 1167793 ثبت شد','2023-01-01 10:30:42.562004',1,36,0),(263,'ثبت سفارش','سفارش با شماره تراکنش 1167793 ثبت شد','2023-01-01 10:36:22.798083',1,179,0),(264,'ثبت سفارش','سفارش با شماره تراکنش 9446107 ثبت شد','2023-01-02 11:35:54.954890',1,178,0),(265,'ثبت سفارش','سفارش با شماره تراکنش 4471631 ثبت شد','2023-01-02 11:38:06.075883',1,158,0),(266,'ثبت سفارش','سفارش با شماره تراکنش 9090825 ثبت شد','2023-01-02 11:39:25.163070',1,117,0),(267,'ثبت سفارش','سفارش با شماره تراکنش 9446107 ثبت شد','2023-01-02 11:46:12.590373',1,118,0),(268,'ثبت سفارش','سفارش با شماره تراکنش 9446107 ثبت شد','2023-01-02 11:49:27.349492',1,159,0),(269,'تغییر وضعیت سفارش','سفارش به شماره 4010615 به وضعیت \"درحال تولید\" تغییر یافت','2023-01-02 12:02:41.948532',1,60,0),(270,'تغییر وضعیت سفارش','سفارش به شماره 4010617 به وضعیت \"درحال تولید\" تغییر یافت','2023-01-02 12:03:22.191325',1,57,0),(271,'تغییر وضعیت سفارش','سفارش به شماره 4010598 به وضعیت \"درحال تولید\" تغییر یافت','2023-01-02 12:04:41.371802',1,301,0),(272,'تغییر وضعیت سفارش','سفارش به شماره 4010610 به وضعیت \"درحال تولید\" تغییر یافت','2023-01-02 12:05:14.165962',1,294,0),(273,'تغییر وضعیت سفارش','سفارش به شماره 4010620 به وضعیت \"درحال تولید\" تغییر یافت','2023-01-02 12:05:43.197666',1,159,0),(274,'تغییر وضعیت سفارش','سفارش به شماره 4010621 به وضعیت \"درحال تولید\" تغییر یافت','2023-01-02 12:07:44.364983',1,54,0),(275,'تغییر وضعیت سفارش','سفارش به شماره 40106544 به وضعیت \"درحال تولید\" تغییر یافت','2023-01-02 12:10:20.434525',1,305,0),(276,'ثبت سفارش','سفارش با شماره تراکنش 8174824 ثبت شد','2023-01-03 12:24:00.142112',1,85,0),(277,'ثبت سفارش','سفارش با شماره تراکنش 5742295 ثبت شد','2023-01-04 06:02:01.806557',1,241,0),(278,'ثبت سفارش','سفارش با شماره تراکنش 6376427 ثبت شد','2023-01-04 07:44:02.554035',1,54,0),(279,'ثبت سفارش','سفارش با شماره تراکنش 6376427 ثبت شد','2023-01-04 07:49:54.031590',1,49,0),(280,'ثبت سفارش','سفارش با شماره تراکنش 6376427 ثبت شد','2023-01-04 07:54:50.420359',1,60,0),(281,'ثبت سفارش','سفارش با شماره تراکنش 6652954 ثبت شد','2023-01-05 05:34:14.507262',1,159,0),(282,'ثبت سفارش','سفارش با شماره تراکنش 6652954 ثبت شد','2023-01-05 05:59:30.426325',1,115,0),(283,'ثبت سفارش','سفارش با شماره تراکنش 2772718 ثبت شد','2023-01-05 06:07:10.585022',1,37,0),(284,'ثبت سفارش','سفارش با شماره تراکنش 2389498 ثبت شد','2023-01-05 06:08:28.819130',1,159,0),(285,'ثبت سفارش','سفارش با شماره تراکنش 8164749 ثبت شد','2023-01-05 06:20:45.364619',1,87,0),(286,'ثبت سفارش','سفارش با شماره تراکنش 3944106 ثبت شد','2023-01-05 07:41:53.191701',1,294,0),(287,'ثبت سفارش','سفارش با شماره تراکنش 3944106 ثبت شد','2023-01-05 07:48:17.029319',1,212,0),(288,'ثبت سفارش','سفارش با شماره تراکنش 3944106 ثبت شد','2023-01-05 07:50:04.409251',1,54,0),(289,'ثبت سفارش','سفارش با شماره تراکنش 7040722 ثبت شد','2023-01-05 08:14:11.137973',1,37,0),(290,'ثبت سفارش','سفارش با شماره تراکنش 5929238 ثبت شد','2023-01-07 06:09:22.008621',1,159,0),(291,'ثبت سفارش','سفارش با شماره تراکنش 5929238 ثبت شد','2023-01-07 06:29:11.528230',1,240,0),(292,'ثبت سفارش','سفارش با شماره تراکنش 5929238 ثبت شد','2023-01-07 06:34:04.449507',1,103,0),(293,'ثبت سفارش','سفارش با شماره تراکنش 5027722 ثبت شد','2023-01-07 06:45:43.254109',1,275,0),(294,'تغییر وضعیت سفارش','سفارش به شماره 7040722 به وضعیت \"لغو سفارش\" تغییر یافت','2023-01-07 06:52:12.848486',1,37,0),(295,'تغییر وضعیت سفارش','سفارش به شماره 4010628 به وضعیت \"درحال تولید\" تغییر یافت','2023-01-07 11:23:17.211094',1,159,0),(296,'تغییر وضعیت سفارش','سفارش به شماره 4010629 به وضعیت \"درحال تولید\" تغییر یافت','2023-01-07 11:24:48.180827',1,115,0),(297,'تغییر وضعیت سفارش','سفارش به شماره 4010633 به وضعیت \"درحال تولید\" تغییر یافت','2023-01-07 11:25:34.541746',1,87,0),(298,'تغییر وضعیت سفارش','سفارش به شماره 4010634 به وضعیت \"درحال تولید\" تغییر یافت','2023-01-07 11:27:25.339762',1,294,0),(299,'تغییر وضعیت سفارش','سفارش به شماره 40106577 به وضعیت \"درحال تولید\" تغییر یافت','2023-01-07 11:30:07.515972',1,179,0),(300,'تغییر وضعیت سفارش','سفارش به شماره 40106588 به وضعیت \"درحال تولید\" تغییر یافت','2023-01-07 11:30:55.199131',1,36,0),(301,'تغییر وضعیت سفارش','سفارش به شماره 40106599 به وضعیت \"درحال تولید\" تغییر یافت','2023-01-07 11:31:23.011601',1,178,0),(302,'تغییر وضعیت سفارش','سفارش به شماره 40106644 به وضعیت \"درحال تولید\" تغییر یافت','2023-01-07 11:32:12.715564',1,159,0),(303,'تغییر وضعیت سفارش','سفارش به شماره 40106522 به وضعیت \"درحال تولید\" تغییر یافت','2023-01-07 11:32:48.190365',1,306,0),(304,'تغییر وضعیت سفارش','سفارش به شماره 40106499 به وضعیت \"درحال تولید\" تغییر یافت','2023-01-07 11:34:38.369785',1,117,0),(305,'تغییر وضعیت سفارش','سفارش به شماره 40106466 به وضعیت \"درحال تولید\" تغییر یافت','2023-01-07 11:35:11.697968',1,117,0),(306,'تغییر وضعیت سفارش','سفارش به شماره 40106611 به وضعیت \"درحال تولید\" تغییر یافت','2023-01-07 11:36:23.760339',1,158,0),(307,'تغییر وضعیت سفارش','سفارش به شماره 40106633 به وضعیت \"درحال تولید\" تغییر یافت','2023-01-07 11:36:59.630801',1,118,0),(308,'تغییر وضعیت سفارش','سفارش به شماره 40106688 به وضعیت \"درحال تولید\" تغییر یافت','2023-01-07 11:37:29.162136',1,212,0),(309,'تغییر وضعیت سفارش','سفارش به شماره 40106700 به وضعیت \"درحال تولید\" تغییر یافت','2023-01-07 11:37:56.809634',1,54,0),(310,'ثبت سفارش','سفارش با شماره تراکنش 5320830 ثبت شد','2023-01-08 11:28:35.082514',1,105,0),(311,'ثبت سفارش','سفارش با شماره تراکنش 5320830 ثبت شد','2023-01-08 11:30:42.550365',1,68,0),(312,'ثبت سفارش','سفارش با شماره تراکنش 4740743 ثبت شد','2023-01-09 05:46:15.652848',1,36,0),(313,'ثبت سفارش','سفارش با شماره تراکنش 7067098 ثبت شد','2023-01-09 06:00:44.079408',1,106,0),(314,'ثبت سفارش','سفارش با شماره تراکنش 7067098 ثبت شد','2023-01-09 06:07:09.607818',1,54,0),(315,'ثبت سفارش','سفارش با شماره تراکنش 7067098 ثبت شد','2023-01-09 06:09:15.337558',1,109,0),(316,'ثبت سفارش','سفارش با شماره تراکنش 3376117 ثبت شد','2023-01-09 06:24:56.755383',1,137,0),(317,'ثبت سفارش','سفارش با شماره تراکنش 1509327 ثبت شد','2023-01-09 07:10:37.636472',1,159,0),(318,'تغییر وضعیت سفارش','سفارش به شماره 4010585 به وضعیت \"درحال تولید\" تغییر یافت','2023-01-09 10:53:09.184221',1,275,0),(319,'تغییر وضعیت سفارش','سفارش به شماره 4010636 به وضعیت \"درحال تولید\" تغییر یافت','2023-01-09 10:53:46.231257',1,159,0),(320,'تغییر وضعیت سفارش','سفارش به شماره 4010640 به وضعیت \"درحال تولید\" تغییر یافت','2023-01-09 10:54:11.256443',1,106,0),(321,'تغییر وضعیت سفارش','سفارش به شماره 4010639 به وضعیت \"درحال تولید\" تغییر یافت','2023-01-09 10:54:43.343074',1,68,0),(322,'تغییر وضعیت سفارش','سفارش به شماره 4010633 به وضعیت \"تکمیل سفارش\" تغییر یافت','2023-01-09 11:19:12.386073',1,87,0),(323,'تغییر وضعیت سفارش','سفارش به شماره 4010629 به وضعیت \"تکمیل سفارش\" تغییر یافت','2023-01-09 11:24:01.340254',1,115,0),(324,'تغییر وضعیت سفارش','سفارش به شماره 4010627 به وضعیت \"تکمیل سفارش\" تغییر یافت','2023-01-09 11:24:28.160848',1,60,0),(325,'تغییر وضعیت سفارش','سفارش به شماره 4010625 به وضعیت \"تکمیل سفارش\" تغییر یافت','2023-01-09 11:25:08.249811',1,85,0),(326,'تغییر وضعیت سفارش','سفارش به شماره 4010622 به وضعیت \"تکمیل سفارش\" تغییر یافت','2023-01-09 11:26:13.636653',1,105,0),(327,'تغییر وضعیت سفارش','سفارش به شماره 4010612 به وضعیت \"تکمیل سفارش\" تغییر یافت','2023-01-09 11:28:43.959941',1,52,0),(328,'تغییر وضعیت سفارش','سفارش به شماره 4010623 به وضعیت \"تکمیل سفارش\" تغییر یافت','2023-01-09 11:31:32.658756',1,56,0),(329,'تغییر وضعیت سفارش','سفارش به شماره 4010621 به وضعیت \"تکمیل سفارش\" تغییر یافت','2023-01-09 11:44:31.585747',1,54,0),(330,'تغییر وضعیت سفارش','سفارش به شماره 4010620 به وضعیت \"تکمیل سفارش\" تغییر یافت','2023-01-09 11:45:36.001418',1,159,0),(331,'تغییر وضعیت سفارش','سفارش به شماره 4010615 به وضعیت \"تکمیل سفارش\" تغییر یافت','2023-01-09 11:50:49.870933',1,60,0),(332,'تغییر وضعیت سفارش','سفارش به شماره 40106644 به وضعیت \"تکمیل سفارش\" تغییر یافت','2023-01-10 06:14:18.893758',1,159,0),(333,'تغییر وضعیت سفارش','سفارش به شماره 40106433 به وضعیت \"تکمیل سفارش\" تغییر یافت','2023-01-10 06:16:42.779421',1,159,0),(334,'ثبت سفارش','سفارش با شماره تراکنش 8397640 ثبت شد','2023-01-10 11:05:52.038616',1,57,0),(335,'ثبت سفارش','سفارش با شماره تراکنش 8397640 ثبت شد','2023-01-10 11:13:08.368131',1,145,0),(336,'ثبت سفارش','سفارش با شماره تراکنش 8397640 ثبت شد','2023-01-10 11:22:43.583264',1,76,0),(337,'ثبت سفارش','سفارش با شماره تراکنش 8397640 ثبت شد','2023-01-10 11:26:34.185401',1,212,0),(338,'ثبت سفارش','سفارش با شماره تراکنش 6199449 ثبت شد','2023-01-10 11:55:24.454862',1,45,0),(339,'ثبت سفارش','سفارش با شماره تراکنش 4437108 ثبت شد','2023-01-10 11:57:15.406737',1,169,0),(340,'ثبت سفارش','سفارش با شماره تراکنش 9371915 ثبت شد','2023-01-10 11:58:38.070752',1,54,0),(341,'ثبت سفارش','سفارش با شماره تراکنش 3979864 ثبت شد','2023-01-10 12:02:01.483501',1,265,0),(342,'ثبت سفارش','سفارش با شماره تراکنش 8935332 ثبت شد','2023-01-11 05:51:31.925674',1,115,0),(343,'ثبت سفارش','سفارش با شماره تراکنش 8935332 ثبت شد','2023-01-11 06:20:44.869167',1,74,0),(344,'ثبت سفارش','سفارش با شماره تراکنش 5049080 ثبت شد','2023-01-11 07:12:19.422301',1,39,0),(345,'ثبت سفارش','سفارش با شماره تراکنش 7206157 ثبت شد','2023-01-11 07:23:29.646021',1,296,0),(346,'ثبت سفارش','سفارش با شماره تراکنش 4827571 ثبت شد','2023-01-11 07:25:01.437002',1,54,0),(347,'ثبت سفارش','سفارش با شماره تراکنش 7206157 ثبت شد','2023-01-11 07:26:52.891968',1,178,0),(348,'ثبت سفارش','سفارش با شماره تراکنش 7206157 ثبت شد','2023-01-11 07:29:42.775535',1,305,0),(349,'ثبت سفارش','سفارش با شماره تراکنش 6548667 ثبت شد','2023-01-11 07:45:01.861008',1,308,0),(350,'ثبت سفارش','سفارش با شماره تراکنش 6548667 ثبت شد','2023-01-11 07:48:13.377751',1,115,0),(351,'ثبت سفارش','سفارش با شماره تراکنش 6548667 ثبت شد','2023-01-11 07:52:26.992220',1,113,0),(352,'تغییر وضعیت سفارش','سفارش به شماره 4010638 به وضعیت \"درحال تولید\" تغییر یافت','2023-01-11 10:50:06.835100',1,240,0),(353,'تغییر وضعیت سفارش','سفارش به شماره 4010642 به وضعیت \"درحال تولید\" تغییر یافت','2023-01-11 10:52:33.326403',1,57,0),(354,'تغییر وضعیت سفارش','سفارش به شماره 4010646 به وضعیت \"درحال تولید\" تغییر یافت','2023-01-11 10:53:24.930993',1,115,0),(355,'تغییر وضعیت سفارش','سفارش به شماره 4010645 به وضعیت \"درحال تولید\" تغییر یافت','2023-01-11 10:53:58.253992',1,45,0),(356,'تغییر وضعیت سفارش','سفارش به شماره 40106633 به وضعیت \"تکمیل سفارش\" تغییر یافت','2023-01-11 10:57:16.570105',1,118,0),(357,'تغییر وضعیت سفارش','سفارش به شماره 40106733 به وضعیت \"تکمیل سفارش\" تغییر یافت','2023-01-11 10:59:54.372181',1,109,0),(358,'تغییر وضعیت سفارش','سفارش به شماره 40106711 به وضعیت \"درحال تولید\" تغییر یافت','2023-01-11 11:20:42.716848',1,103,0),(359,'تغییر وضعیت سفارش','سفارش به شماره 40106722 به وضعیت \"درحال تولید\" تغییر یافت','2023-01-11 11:22:06.274956',1,105,0),(360,'تغییر وضعیت سفارش','سفارش به شماره 40106755 به وضعیت \"درحال تولید\" تغییر یافت','2023-01-11 11:22:48.268574',1,159,0),(361,'تغییر وضعیت سفارش','سفارش به شماره 40106777 به وضعیت \"درحال تولید\" تغییر یافت','2023-01-11 11:23:38.984314',1,212,0),(362,'تغییر وضعیت سفارش','سفارش به شماره 40106766 به وضعیت \"درحال تولید\" تغییر یافت','2023-01-11 11:25:35.127280',1,36,0),(363,'تغییر وضعیت سفارش','سفارش به شماره 40106788 به وضعیت \"درحال تولید\" تغییر یافت','2023-01-11 11:26:16.484775',1,169,0),(364,'تغییر وضعیت سفارش','سفارش به شماره 40106655 به وضعیت \"درحال تولید\" تغییر یافت','2023-01-11 11:26:46.629713',1,49,0),(365,'تغییر وضعیت سفارش','سفارش به شماره 40106822 به وضعیت \"درحال تولید\" تغییر یافت','2023-01-11 11:27:42.970558',1,54,0),(366,'تغییر وضعیت سفارش','سفارش به شماره 40106811 به وضعیت \"درحال تولید\" تغییر یافت','2023-01-11 11:30:12.541240',1,296,0),(367,'ثبت سفارش','سفارش با شماره تراکنش 9441367 ثبت شد','2023-01-12 11:09:59.466110',1,98,0),(368,'ثبت سفارش','سفارش با شماره تراکنش 9441367 ثبت شد','2023-01-12 11:17:58.721720',1,117,0),(369,'ثبت سفارش','سفارش با شماره تراکنش 9439162 ثبت شد','2023-01-12 11:39:51.957336',1,117,0),(370,'تغییر وضعیت سفارش','سفارش به شماره 4010648 به وضعیت \"درحال تولید\" تغییر یافت','2023-01-12 11:46:24.585228',1,39,0),(371,'تغییر وضعیت سفارش','سفارش به شماره 4010608 به وضعیت \"درحال تولید\" تغییر یافت','2023-01-12 11:46:46.328551',1,63,0),(372,'تغییر وضعیت سفارش','سفارش به شماره 4010611 به وضعیت \"درحال تولید\" تغییر یافت','2023-01-12 11:47:24.021263',1,63,0),(373,'تغییر وضعیت سفارش','سفارش به شماره 4010647 به وضعیت \"درحال تولید\" تغییر یافت','2023-01-12 11:48:08.948854',1,74,0),(374,'ثبت سفارش','سفارش با شماره تراکنش 9439162 ثبت شد','2023-01-12 11:57:17.733583',1,294,0),(375,'تغییر وضعیت سفارش','سفارش به شماره 4010650 به وضعیت \"درحال تولید\" تغییر یافت','2023-01-12 12:06:49.051705',1,294,0),(376,'تغییر وضعیت سفارش','سفارش به شماره 40106688 به وضعیت \"تکمیل سفارش\" تغییر یافت','2023-01-12 12:15:06.494047',1,212,0),(377,'ثبت سفارش','سفارش با شماره تراکنش 9440775 ثبت شد','2023-01-14 07:52:26.254784',1,294,0),(378,'ثبت سفارش','سفارش با شماره تراکنش 9440775 ثبت شد','2023-01-14 07:57:57.513939',1,36,0),(379,'ثبت سفارش','سفارش با شماره تراکنش 6882286 ثبت شد','2023-01-14 08:13:39.872559',1,36,0),(380,'ثبت سفارش','سفارش با شماره تراکنش 1963822 ثبت شد','2023-01-14 10:30:48.416855',1,90,0),(381,'ثبت سفارش','سفارش با شماره تراکنش 4193918 ثبت شد','2023-01-14 10:32:05.020250',1,117,0),(382,'ثبت سفارش','سفارش با شماره تراکنش 9564606 ثبت شد','2023-01-14 10:35:46.213556',1,110,0),(383,'ثبت سفارش','سفارش با شماره تراکنش 1963822 ثبت شد','2023-01-14 10:44:43.915802',1,61,0),(384,'تغییر وضعیت سفارش','سفارش به شماره 4010644 به وضعیت \"درحال تولید\" تغییر یافت','2023-01-14 12:04:53.295303',1,76,0),(385,'تغییر وضعیت سفارش','سفارش به شماره 4010651 به وضعیت \"درحال تولید\" تغییر یافت','2023-01-14 12:05:25.566123',1,294,0),(386,'تغییر وضعیت سفارش','سفارش به شماره 4010643 به وضعیت \"درحال تولید\" تغییر یافت','2023-01-14 12:05:59.248334',1,145,0),(387,'تغییر وضعیت سفارش','سفارش به شماره 4010652 به وضعیت \"درحال تولید\" تغییر یافت','2023-01-14 12:06:29.638677',1,61,0),(388,'تغییر وضعیت سفارش','سفارش به شماره 40106522 به وضعیت \"تکمیل سفارش\" تغییر یافت','2023-01-14 12:12:02.179015',1,306,0),(389,'تغییر وضعیت سفارش','سفارش به شماره 40106533 به وضعیت \"تکمیل سفارش\" تغییر یافت','2023-01-14 12:13:04.819918',1,191,0),(390,'تغییر وضعیت سفارش','سفارش به شماره 40106499 به وضعیت \"تکمیل سفارش\" تغییر یافت','2023-01-14 12:14:26.130371',1,117,0),(391,'تغییر وضعیت سفارش','سفارش به شماره 40106911 به وضعیت \"درحال تولید\" تغییر یافت','2023-01-14 12:19:26.029176',1,117,0),(392,'تغییر وضعیت سفارش','سفارش به شماره 40106844 به وضعیت \"درحال تولید\" تغییر یافت','2023-01-14 12:19:57.998995',1,305,0),(393,'تغییر وضعیت سفارش','سفارش به شماره 40106799 به وضعیت \"درحال تولید\" تغییر یافت','2023-01-14 12:20:35.167694',1,117,0),(394,'تغییر وضعیت سفارش','سفارش به شماره 40106933 به وضعیت \"درحال تولید\" تغییر یافت','2023-01-14 12:21:08.474594',1,110,0),(395,'ثبت سفارش','سفارش با شماره تراکنش 3703920 ثبت شد','2023-01-15 07:50:25.264513',1,39,0),(396,'ثبت سفارش','سفارش با شماره تراکنش 1105594 ثبت شد','2023-01-15 07:52:56.836288',1,37,0),(397,'ثبت سفارش','سفارش با شماره تراکنش 5744636 ثبت شد','2023-01-15 08:08:09.966911',1,49,0),(398,'ثبت سفارش','سفارش با شماره تراکنش 2301482 ثبت شد','2023-01-15 08:10:17.450197',1,145,0),(399,'ثبت سفارش','سفارش با شماره تراکنش 5445199 ثبت شد','2023-01-15 09:06:50.245451',1,63,0),(400,'ثبت سفارش','سفارش با شماره تراکنش 5445199 ثبت شد','2023-01-15 09:11:25.087845',1,129,0),(401,'ثبت سفارش','سفارش با شماره تراکنش 1674303 ثبت شد','2023-01-15 09:14:01.378893',1,59,0),(402,'تغییر وضعیت سفارش','سفارش به شماره 40106711 به وضعیت \"تکمیل سفارش\" تغییر یافت','2023-01-15 12:10:39.451119',1,103,0),(403,'تغییر وضعیت سفارش','سفارش به شماره 40106611 به وضعیت \"تکمیل سفارش\" تغییر یافت','2023-01-15 12:11:39.871676',1,158,0),(404,'تغییر وضعیت سفارش','سفارش به شماره 4010640 به وضعیت \"تکمیل سفارش\" تغییر یافت','2023-01-15 12:12:48.353155',1,106,0),(405,'تغییر وضعیت سفارش','سفارش به شماره 4010598 به وضعیت \"تکمیل سفارش\" تغییر یافت','2023-01-15 12:14:41.247896',1,301,0),(406,'ثبت سفارش','سفارش با شماره تراکنش 9108272 ثبت شد','2023-01-16 07:38:26.413524',1,295,0),(407,'ثبت سفارش','سفارش با شماره تراکنش 8702788 ثبت شد','2023-01-16 10:37:11.648159',1,57,0),(408,'ثبت سفارش','سفارش با شماره تراکنش 8702788 ثبت شد','2023-01-16 10:46:51.508171',1,159,0),(409,'تغییر وضعیت سفارش','سفارش به شماره 4010656 به وضعیت \"درحال تولید\" تغییر یافت','2023-01-16 11:57:17.962257',1,39,0),(410,'تغییر وضعیت سفارش','سفارش به شماره 4010659 به وضعیت \"درحال تولید\" تغییر یافت','2023-01-16 11:57:43.481746',1,145,0),(411,'تغییر وضعیت سفارش','سفارش به شماره 4010631 به وضعیت \"درحال تولید\" تغییر یافت','2023-01-16 11:58:09.451311',1,37,0),(412,'تغییر وضعیت سفارش','سفارش به شماره 4010657 به وضعیت \"درحال تولید\" تغییر یافت','2023-01-16 11:58:38.675052',1,37,0),(413,'تغییر وضعیت سفارش','سفارش به شماره 4010653 به وضعیت \"درحال تولید\" تغییر یافت','2023-01-16 11:59:05.002309',1,36,0),(414,'تغییر وضعیت سفارش','سفارش به شماره 4010654 به وضعیت \"درحال تولید\" تغییر یافت','2023-01-16 11:59:35.207090',1,36,0),(415,'تغییر وضعیت سفارش','سفارش به شماره 4010658 به وضعیت \"درحال تولید\" تغییر یافت','2023-01-16 12:00:52.895638',1,49,0),(416,'تغییر وضعیت سفارش','سفارش به شماره 4010655 به وضعیت \"درحال تولید\" تغییر یافت','2023-01-16 12:01:25.391378',1,90,0),(417,'تغییر وضعیت سفارش','سفارش به شماره 40106466 به وضعیت \"تکمیل سفارش\" تغییر یافت','2023-01-16 12:07:48.066629',1,117,0),(418,'تغییر وضعیت سفارش','سفارش به شماره 4010646 به وضعیت \"تکمیل سفارش\" تغییر یافت','2023-01-16 12:10:11.150064',1,115,0),(419,'تغییر وضعیت سفارش','سفارش به شماره 4010638 به وضعیت \"تکمیل سفارش\" تغییر یافت','2023-01-16 12:10:59.930960',1,240,0),(420,'تغییر وضعیت سفارش','سفارش به شماره 4010571 به وضعیت \"تکمیل سفارش\" تغییر یافت','2023-01-16 12:12:27.906949',1,179,0),(421,'تغییر وضعیت سفارش','سفارش به شماره 40106577 به وضعیت \"تکمیل سفارش\" تغییر یافت','2023-01-16 12:13:37.617814',1,179,0),(422,'تغییر وضعیت سفارش','سفارش به شماره 11 به وضعیت \"در انتظار تایید سفارش\" تغییر یافت','2023-01-19 13:56:37.061920',1,307,0),(423,'ثبت سفارش','سفارش با شماره تراکنش 4010667 ثبت شد','2023-01-19 13:57:18.548072',1,90,0),(424,'ثبت سفارش','سفارش با شماره تراکنش 269 ثبت شد','2023-01-21 05:22:42.829006',1,305,0),(425,'ثبت سفارش','سفارش با شماره تراکنش 4010705 ثبت شد','2023-01-21 05:41:11.634678',1,117,0),(426,'ثبت سفارش','سفارش با شماره تراکنش 272 ثبت شد','2023-01-21 05:41:22.840778',1,207,0),(427,'ثبت سفارش','سفارش با شماره تراکنش 274 ثبت شد','2023-01-21 05:43:10.609615',1,91,0),(428,'ثبت سفارش','سفارش با شماره تراکنش 4010672 ثبت شد','2023-01-21 05:55:55.359777',1,66,0),(429,'ثبت سفارش','سفارش با شماره تراکنش 4010675 ثبت شد','2023-01-21 05:57:15.804153',1,36,0),(430,'ثبت سفارش','سفارش با شماره تراکنش 40107077 ثبت شد','2023-01-21 06:09:00.537272',1,178,0),(431,'ثبت سفارش','سفارش با شماره تراکنش 278 ثبت شد','2023-01-22 05:26:48.122164',1,91,0),(432,'ثبت سفارش','سفارش با شماره تراکنش 279 ثبت شد','2023-01-22 10:39:37.627762',1,220,0),(433,'ثبت سفارش','سفارش با شماره تراکنش 280 ثبت شد','2023-01-22 10:45:32.069504',0,313,0),(434,'ثبت سفارش','سفارش با شماره تراکنش 281 ثبت شد','2023-01-22 10:47:56.355839',0,63,0),(435,'ثبت سفارش','سفارش با شماره تراکنش 40107099 ثبت شد','2023-01-22 10:56:53.253943',0,305,0),(436,'ثبت سفارش','سفارش با شماره تراکنش 283 ثبت شد','2023-01-22 11:00:16.612763',0,118,0),(437,'تغییر وضعیت سفارش','سفارش به شماره 40106966 به وضعیت \"درحال تولید\" تغییر یافت','2023-01-22 11:28:42.526171',0,59,0),(438,'تغییر وضعیت سفارش','سفارش به شماره 40106944 به وضعیت \"درحال تولید\" تغییر یافت','2023-01-22 11:29:51.451251',0,129,0),(439,'تغییر وضعیت سفارش','سفارش به شماره 40107044 به وضعیت \"درحال تولید\" تغییر یافت','2023-01-22 11:30:25.162864',0,305,0),(440,'تغییر وضعیت سفارش','سفارش به شماره 40106455 به وضعیت \"تکمیل سفارش\" تغییر یافت','2023-01-22 11:32:41.538963',0,153,0),(441,'تغییر وضعیت سفارش','سفارش به شماره 4010652 به وضعیت \"تکمیل سفارش\" تغییر یافت','2023-01-22 11:33:59.284690',0,61,0),(442,'تغییر وضعیت سفارش','سفارش به شماره 4010654 به وضعیت \"تکمیل سفارش\" تغییر یافت','2023-01-22 11:34:52.375712',0,36,0),(443,'تغییر وضعیت سفارش','سفارش به شماره 4010653 به وضعیت \"تکمیل سفارش\" تغییر یافت','2023-01-22 11:35:22.635606',0,36,0),(444,'ثبت سفارش','سفارش با شماره تراکنش 284 ثبت شد','2023-01-23 05:39:33.411036',0,304,0),(445,'ثبت سفارش','سفارش با شماره تراکنش 285 ثبت شد','2023-01-23 05:57:44.585609',0,316,0),(446,'ثبت سفارش','سفارش با شماره تراکنش 4010678 ثبت شد','2023-01-23 06:29:54.672745',0,44,0);
/*!40000 ALTER TABLE `base_notification` ENABLE KEYS */;
UNLOCK TABLES;

--
-- Table structure for table `base_order`
--

DROP TABLE IF EXISTS `base_order`;
/*!40101 SET @saved_cs_client     = @@character_set_client */;
/*!40101 SET character_set_client = utf8 */;
CREATE TABLE `base_order` (
  `id` bigint(20) NOT NULL AUTO_INCREMENT,
  `createdAt` datetime(6) NOT NULL,
  `completed` tinyint(1) NOT NULL,
  `track` varchar(10) NOT NULL,
  `transId` varchar(10) NOT NULL,
  `user_id` int(11) DEFAULT NULL,
  `price` bigint(20) NOT NULL,
  `payment_type` varchar(3) NOT NULL,
  `description` longtext DEFAULT NULL,
  `expert_id` bigint(20) DEFAULT NULL,
  PRIMARY KEY (`id`),
  KEY `base_order_user_id_8ad0adec_fk_auth_user_id` (`user_id`),
  KEY `base_order_expert_id_5b62994b_fk_users_expert_id` (`expert_id`)
) ENGINE=MyISAM AUTO_INCREMENT=286 DEFAULT CHARSET=utf8 COLLATE=utf8_general_ci;
/*!40101 SET character_set_client = @saved_cs_client */;

--
-- Dumping data for table `base_order`
--

LOCK TABLES `base_order` WRITE;
/*!40000 ALTER TABLE `base_order` DISABLE KEYS */;
INSERT INTO `base_order` VALUES (1,'2022-10-21 04:26:27.208446',1,'CANCEL','7445517',261,0,'CA',NULL,NULL),(2,'2022-10-21 08:14:29.062272',1,'CANCEL','5624430',285,0,'CA',NULL,NULL),(3,'2022-10-25 07:25:24.510030',1,'CANCEL','7253401',285,0,'CA',NULL,NULL),(4,'2022-10-25 07:26:40.519180',1,'CANCEL','7182295',274,0,'CA',NULL,NULL),(5,'2022-10-26 00:00:00.000000',1,'REGISTER','4010474',68,0,'CA',NULL,NULL),(6,'2022-10-27 00:00:00.000000',1,'REGISTER','4010475',91,0,'CA',NULL,NULL),(7,'2022-10-27 11:24:50.001641',1,'CANCEL','4375930',96,0,'CA',NULL,NULL),(8,'2022-10-27 00:00:00.000000',1,'REGISTER','4010509',96,0,'CA',NULL,NULL),(9,'2022-10-29 00:00:00.000000',1,'COMPLETE','4010512',228,0,'CA',NULL,NULL),(10,'2022-10-29 00:00:00.000000',1,'REGISTER','4010477',54,0,'CA',NULL,NULL),(11,'2022-10-31 00:00:00.000000',1,'REGISTER','4010479',159,0,'CA',NULL,NULL),(12,'2022-10-30 00:00:00.000000',1,'REGISTER','4010358',53,0,'CA',NULL,NULL),(13,'2022-10-31 08:35:58.740043',1,'REGISTER','8723104',289,0,'CA',NULL,NULL),(14,'2022-10-31 00:00:00.000000',1,'CANCEL','3010515',115,0,'CA',NULL,NULL),(15,'2022-10-31 00:00:00.000000',1,'REGISTER','3010516',208,0,'CA',NULL,NULL),(16,'2022-10-31 00:00:00.000000',1,'REGISTER','4010478',45,0,'CA',NULL,NULL),(17,'2022-10-31 11:43:17.937927',1,'CANCEL','4384180',289,0,'CA',NULL,NULL),(18,'2022-10-31 00:00:00.000000',1,'REGISTER','3010517',36,0,'CA',NULL,NULL),(19,'2022-10-27 00:00:00.000000',1,'REGISTER','4010508',59,0,'CA',NULL,NULL),(20,'2022-10-30 00:00:00.000000',1,'REGISTER','4010513',290,0,'CA',NULL,NULL),(21,'2022-11-01 00:00:00.000000',1,'CANCEL','4010481',159,0,'CA',NULL,NULL),(22,'2022-11-01 00:00:00.000000',1,'REGISTER','3010522',159,0,'CA',NULL,NULL),(23,'2022-11-01 00:00:00.000000',1,'REGISTER','3010519',63,0,'CA',NULL,NULL),(24,'2022-11-02 00:00:00.000000',1,'REGISTER','4010482',178,0,'CA',NULL,NULL),(25,'2022-10-29 00:00:00.000000',1,'REGISTER','40105111',291,0,'CA',NULL,NULL),(26,'2022-11-15 00:00:00.000000',1,'CANCEL','3010518',178,0,'CA',NULL,NULL),(27,'2022-11-01 00:00:00.000000',1,'CANCEL','3010520',198,0,'CA',NULL,NULL),(28,'2022-11-02 00:00:00.000000',1,'REGISTER','4010483',106,0,'CA',NULL,NULL),(29,'2022-11-03 00:00:00.000000',1,'REGISTER','4010484',267,0,'CA',NULL,NULL),(30,'2022-11-05 00:00:00.000000',1,'REGISTER','3010528',105,0,'CA',NULL,NULL),(31,'2022-11-05 00:00:00.000000',1,'CANCEL','3861462',105,0,'CA',NULL,NULL),(32,'2022-11-05 00:00:00.000000',1,'REGISTER','3010530',153,0,'CA',NULL,NULL),(33,'2022-11-05 00:00:00.000000',1,'REGISTER','3010529',68,0,'CA',NULL,NULL),(34,'2022-11-05 00:00:00.000000',1,'REGISTER','4010488',96,0,'CA',NULL,NULL),(35,'2022-11-05 00:00:00.000000',1,'REGISTER','4010489',90,0,'CA',NULL,NULL),(36,'2022-11-05 00:00:00.000000',1,'REGISTER','4010487',42,0,'CA',NULL,NULL),(37,'2022-11-06 00:00:00.000000',1,'CANCEL','3010531',123,0,'CA',NULL,NULL),(38,'2022-11-07 08:26:32.450599',1,'CANCEL','4021531',NULL,0,'CA',NULL,NULL),(39,'2022-11-06 00:00:00.000000',1,'REGISTER','40215311',123,0,'CA',NULL,NULL),(40,'2022-11-06 00:00:00.000000',1,'REGISTER','3010532',117,0,'CA',NULL,NULL),(41,'2022-11-06 00:00:00.000000',1,'REGISTER','3010533',189,0,'CA',NULL,NULL),(42,'2022-11-06 00:00:00.000000',1,'REGISTER','3010534',113,0,'CA',NULL,NULL),(43,'2022-11-06 00:00:00.000000',1,'REGISTER','6464169',57,0,'CA',NULL,NULL),(44,'2022-11-06 00:00:00.000000',1,'REGISTER','4010491',57,0,'CA',NULL,NULL),(45,'2022-11-07 11:18:18.668508',1,'REGISTER','5368280',178,0,'CA',NULL,NULL),(46,'2022-11-06 00:00:00.000000',1,'REGISTER','4010490',96,0,'CA',NULL,NULL),(47,'2022-11-07 00:00:00.000000',1,'REGISTER','4010496',159,0,'CA',NULL,NULL),(48,'2022-11-07 00:00:00.000000',1,'REGISTER','3010535',98,0,'CA',NULL,NULL),(49,'2022-11-07 00:00:00.000000',1,'REGISTER','3010536',212,0,'CA',NULL,NULL),(51,'2022-11-14 00:00:00.000000',1,'COMPLETE','44010559',79,0,'CA',NULL,NULL),(52,'2022-11-14 00:00:00.000000',1,'COMPLETE','4010560',198,0,'CA',NULL,NULL),(53,'2022-11-14 00:00:00.000000',1,'REGISTER','4010515',42,0,'CA',NULL,NULL),(54,'2022-11-14 00:00:00.000000',1,'REGISTER','4010558',275,0,'CA',NULL,NULL),(55,'2022-11-15 00:00:00.000000',1,'PRODUCING','4010520',220,0,'CA',NULL,NULL),(56,'2022-11-15 00:00:00.000000',1,'COMPLETE','4010519',57,0,'CA',NULL,NULL),(57,'2022-11-15 00:00:00.000000',1,'COMPLETE','4010518',77,0,'CA',NULL,NULL),(58,'2022-11-15 00:00:00.000000',1,'REGISTER','4010517',45,0,'CA',NULL,NULL),(59,'2022-11-15 00:00:00.000000',1,'COMPLETE','4010521',57,0,'CA',NULL,NULL),(60,'2022-11-16 00:00:00.000000',1,'COMPLETE','4010523',43,0,'CA',NULL,NULL),(61,'2022-11-16 00:00:00.000000',1,'PRODUCING','4010524',57,0,'CA',NULL,NULL),(62,'2022-11-16 00:00:00.000000',1,'COMPLETE','4010522',37,0,'CA',NULL,NULL),(63,'2022-11-16 00:00:00.000000',1,'PRODUCING','4010525',94,0,'CA',NULL,NULL),(64,'2022-11-15 00:00:00.000000',1,'COMPLETE','4010516',294,0,'CA',NULL,NULL),(65,'2022-11-17 00:00:00.000000',1,'PRODUCING','3010556',158,0,'CA',NULL,NULL),(66,'2022-11-17 00:00:00.000000',1,'COMPLETE','4010526',57,0,'CA',NULL,NULL),(67,'2022-11-19 00:00:00.000000',1,'COMPLETE','4010527',68,0,'CA',NULL,NULL),(68,'2022-11-19 00:00:00.000000',1,'PRODUCING','4010563',151,0,'CA',NULL,NULL),(69,'2022-11-19 00:00:00.000000',1,'PRODUCING','4010528',295,0,'CA',NULL,NULL),(70,'2022-11-20 00:00:00.000000',1,'PRODUCING','4010564',191,0,'CA',NULL,NULL),(71,'2022-11-20 00:00:00.000000',1,'PRODUCING','4010565',118,0,'CA',NULL,NULL),(72,'2022-11-20 00:00:00.000000',1,'PRODUCING','4010567',74,0,'CA',NULL,NULL),(73,'2022-11-20 00:00:00.000000',1,'COMPLETE','4010568',137,0,'CA',NULL,NULL),(74,'2022-11-20 00:00:00.000000',1,'PRODUCING','4010566',296,0,'CA',NULL,NULL),(75,'2022-11-21 00:00:00.000000',1,'COMPLETE','4010571',179,0,'CA',NULL,NULL),(76,'2022-11-21 00:00:00.000000',1,'REGISTER','4010572',297,0,'CA',NULL,NULL),(77,'2022-11-21 00:00:00.000000',1,'COMPLETE','4010529',36,0,'CA',NULL,NULL),(78,'2022-11-21 00:00:00.000000',1,'PRODUCING','4010530',65,0,'CA',NULL,NULL),(79,'2022-11-21 00:00:00.000000',1,'COMPLETE','4010531',57,0,'CA',NULL,NULL),(80,'2022-11-21 00:00:00.000000',1,'COMPLETE','4010533',159,0,'CA',NULL,NULL),(81,'2022-11-21 00:00:00.000000',1,'PRODUCING','4010570',117,0,'CA',NULL,NULL),(82,'2022-11-21 00:00:00.000000',1,'REGISTER','4010532',239,0,'CA',NULL,NULL),(83,'2022-11-22 00:00:00.000000',1,'COMPLETE','4010573',208,0,'CA',NULL,NULL),(84,'2022-11-22 00:00:00.000000',1,'COMPLETE','4010574',49,0,'CA',NULL,NULL),(85,'2022-11-22 00:00:00.000000',1,'COMPLETE','4010534',159,0,'CA',NULL,NULL),(86,'2022-11-22 00:00:00.000000',1,'COMPLETE','4010535',43,0,'CA',NULL,NULL),(87,'2022-11-22 00:00:00.000000',1,'COMPLETE','4010536',101,0,'CA',NULL,NULL),(88,'2022-11-23 00:00:00.000000',1,'COMPLETE','4010537',43,0,'CA',NULL,NULL),(89,'2022-11-23 00:00:00.000000',1,'COMPLETE','4010538',37,0,'CA',NULL,NULL),(90,'2022-11-24 00:00:00.000000',1,'COMPLETE','4010539',293,0,'CA',NULL,NULL),(91,'2022-11-26 00:00:00.000000',1,'COMPLETE','4010578',159,0,'CA',NULL,NULL),(92,'2022-11-26 00:00:00.000000',1,'COMPLETE','4010579',187,0,'CA',NULL,NULL),(93,'2022-11-26 00:00:00.000000',1,'COMPLETE','4010540',294,0,'CA',NULL,NULL),(94,'2022-11-26 00:00:00.000000',1,'REGISTER','4010542',51,0,'CA',NULL,NULL),(95,'2022-11-26 00:00:00.000000',1,'PRODUCING','4010580',298,0,'CA',NULL,NULL),(96,'2022-11-26 00:00:00.000000',1,'PRODUCING','4010541',63,0,'CA',NULL,NULL),(97,'2022-11-27 00:00:00.000000',1,'COMPLETE','4010582',155,0,'CA',NULL,NULL),(98,'2022-11-27 00:00:00.000000',1,'COMPLETE','4010583',212,0,'CA',NULL,NULL),(99,'2022-11-27 00:00:00.000000',1,'PRODUCING','4010544',159,0,'CA',NULL,NULL),(100,'2022-11-27 00:00:00.000000',1,'PRODUCING','4010545',159,0,'CA',NULL,NULL),(101,'2022-11-27 00:00:00.000000',1,'PRODUCING','4010546',52,0,'CA',NULL,NULL),(102,'2022-11-27 00:00:00.000000',1,'PRODUCING','4010547',107,0,'CA',NULL,NULL),(103,'2022-11-28 00:00:00.000000',1,'COMPLETE','4010586',212,0,'CA',NULL,NULL),(104,'2022-11-28 00:00:00.000000',1,'PRODUCING','40105888',117,0,'CA',NULL,NULL),(105,'2022-11-28 00:00:00.000000',1,'REGISTER','4010548',45,0,'CA',NULL,NULL),(106,'2022-11-28 00:00:00.000000',1,'REGISTER','4010549',40,0,'CA',NULL,NULL),(107,'2022-12-01 00:00:00.000000',1,'REGISTER','4010556',295,0,'CA',NULL,NULL),(108,'2022-11-29 00:00:00.000000',1,'REGISTER','40105900',65,0,'CA',NULL,NULL),(109,'2022-11-29 00:00:00.000000',1,'REGISTER','40105911',188,0,'CA',NULL,NULL),(110,'2022-11-29 00:00:00.000000',1,'REGISTER','40105933',174,0,'CA',NULL,NULL),(111,'2022-11-29 00:00:00.000000',1,'REGISTER','4010551',111,0,'CA',NULL,NULL),(112,'2022-11-29 00:00:00.000000',1,'REGISTER','4010552',36,0,'CA',NULL,NULL),(113,'2022-11-29 00:00:00.000000',1,'REGISTER','4010553',44,0,'CA',NULL,NULL),(114,'2022-11-30 00:00:00.000000',1,'REGISTER','40105922',296,0,'CA',NULL,NULL),(115,'2022-11-30 00:00:00.000000',1,'REGISTER','4010554',174,0,'CA',NULL,NULL),(116,'2022-11-30 00:00:00.000000',1,'REGISTER','4010555',68,0,'CA',NULL,NULL),(117,'2022-11-30 00:00:00.000000',1,'REGISTER','4010550',300,0,'CA',NULL,NULL),(118,'2022-12-01 00:00:00.000000',1,'REGISTER','40105955',111,0,'CA',NULL,NULL),(119,'2022-12-03 07:30:55.696942',1,'CANCEL','5730432',265,0,'CA',NULL,NULL),(120,'2022-12-03 00:00:00.000000',1,'REGISTER','4010559',240,0,'CA',NULL,NULL),(121,'2022-12-14 00:00:00.000000',1,'COMPLETE','4010587',294,0,'CA',NULL,NULL),(122,'2022-12-14 00:00:00.000000',1,'REGISTER','40105866',37,0,'CA',NULL,NULL),(123,'2022-12-14 00:00:00.000000',1,'COMPLETE','3010585',41,0,'CA',NULL,NULL),(124,'2022-12-14 00:00:00.000000',1,'REGISTER','40106188',137,0,'CA',NULL,NULL),(125,'2022-12-15 08:43:18.809402',0,'','',300,0,'CA',NULL,NULL),(126,'2022-12-14 00:00:00.000000',1,'COMPLETE','4010584',159,0,'CA',NULL,NULL),(127,'2022-12-15 00:00:00.000000',1,'REGISTER','40106211',117,0,'CA',NULL,NULL),(128,'2022-12-15 00:00:00.000000',1,'REGISTER','40106233',117,0,'CA',NULL,NULL),(129,'2022-12-15 00:00:00.000000',1,'COMPLETE','4010588',301,0,'CA',NULL,NULL),(130,'2022-12-15 00:00:00.000000',1,'COMPLETE','4010590',77,0,'CA',NULL,NULL),(131,'2022-12-15 00:00:00.000000',1,'COMPLETE','4010591',57,0,'CA',NULL,NULL),(132,'2022-12-15 00:00:00.000000',1,'COMPLETE','4010511',117,0,'CA',NULL,NULL),(133,'2022-12-15 00:00:00.000000',1,'COMPLETE','40105233',117,0,'CA',NULL,NULL),(134,'2022-12-15 00:00:00.000000',1,'REGISTER','40105611',178,0,'CA',NULL,NULL),(135,'2022-12-15 00:00:00.000000',1,'REGISTER','40106199',129,0,'CA',NULL,NULL),(136,'2022-12-15 00:00:00.000000',1,'REGISTER','40106200',207,0,'CA',NULL,NULL),(137,'2022-12-15 00:00:00.000000',1,'REGISTER','40106222',302,0,'CA',NULL,NULL),(138,'2022-12-17 00:00:00.000000',1,'PRODUCING','40106255',303,0,'CA',NULL,NULL),(139,'2022-12-18 00:00:00.000000',1,'COMPLETE','40106266',115,0,'CA',NULL,NULL),(140,'2022-12-18 00:00:00.000000',1,'COMPLETE','4010592',90,0,'CA',NULL,NULL),(141,'2022-12-18 00:00:00.000000',1,'PRODUCING','4010593',37,0,'CA',NULL,NULL),(142,'2022-12-19 00:00:00.000000',1,'PRODUCING','40106300',105,0,'CA',NULL,NULL),(143,'2022-12-19 00:00:00.000000',1,'PRODUCING','4010595',107,0,'CA',NULL,NULL),(144,'2022-12-19 00:00:00.000000',1,'COMPLETE','4010594',96,0,'CA',NULL,NULL),(145,'2022-12-19 00:00:00.000000',1,'PRODUCING','40106299',304,0,'CA',NULL,NULL),(146,'2022-12-20 00:00:00.000000',1,'REGISTER','4010597',159,0,'CA',NULL,NULL),(147,'2022-12-20 00:00:00.000000',1,'COMPLETE','4010598',301,0,'CA',NULL,NULL),(148,'2022-12-21 00:00:00.000000',1,'PRODUCING','40106366',105,0,'CA',NULL,NULL),(149,'2022-12-21 00:00:00.000000',1,'PRODUCING','40106377',117,0,'CA',NULL,NULL),(150,'2022-12-22 00:00:00.000000',1,'PRODUCING','4010599',45,0,'CA',NULL,NULL),(151,'2022-12-22 00:00:00.000000',1,'PRODUCING','4010596',80,0,'CA',NULL,NULL),(152,'2022-12-22 00:00:00.000000',1,'PRODUCING','4010600',55,0,'CA',NULL,NULL),(153,'2022-12-22 00:00:00.000000',1,'PRODUCING','4010601',42,0,'CA',NULL,NULL),(154,'2022-12-22 00:00:00.000000',1,'PRODUCING','4010605',178,0,'CA',NULL,NULL),(155,'2022-12-24 00:00:00.000000',1,'COMPLETE','4010606',159,0,'CA',NULL,NULL),(156,'2022-12-22 00:00:00.000000',1,'PRODUCING','4010604',267,0,'CA',NULL,NULL),(157,'2022-12-24 00:00:00.000000',1,'PRODUCING','40106399',296,0,'CA',NULL,NULL),(158,'2022-12-24 00:00:00.000000',1,'PRODUCING','4010607',36,0,'CA',NULL,NULL),(159,'2022-12-24 00:00:00.000000',1,'PRODUCING','4010602',295,0,'CA',NULL,NULL),(160,'2022-12-26 07:12:43.806103',0,'','',304,0,'CA',NULL,NULL),(161,'2022-12-25 00:00:00.000000',1,'PRODUCING','4010610',294,0,'CA',NULL,NULL),(162,'2022-12-25 00:00:00.000000',1,'COMPLETE','4010609',36,0,'CA',NULL,NULL),(163,'2022-12-25 00:00:00.000000',1,'PRODUCING','40106444',305,0,'CA',NULL,NULL),(164,'2022-12-25 00:00:00.000000',1,'COMPLETE','40106433',159,0,'CA',NULL,NULL),(165,'2022-12-25 00:00:00.000000',1,'PRODUCING','4010613',220,0,'CA',NULL,NULL),(166,'2022-12-25 00:00:00.000000',1,'PRODUCING','4010608',63,0,'CA',NULL,NULL),(167,'2022-12-25 00:00:00.000000',1,'PRODUCING','4010611',63,0,'CA',NULL,NULL),(168,'2022-12-25 00:00:00.000000',1,'COMPLETE','4010612',52,0,'CA',NULL,NULL),(219,'2023-01-09 00:00:00.000000',1,'PRODUCING','4010642',57,0,'CA',NULL,NULL),(169,'2022-12-26 00:00:00.000000',1,'REGISTER','4010616',57,0,'CA',NULL,NULL),(170,'2022-12-26 00:00:00.000000',1,'COMPLETE','4010615',60,0,'CA',NULL,NULL),(171,'2022-12-26 00:00:00.000000',1,'PRODUCING','4010614',55,0,'CA',NULL,NULL),(172,'2022-12-26 00:00:00.000000',1,'COMPLETE','40106499',117,0,'CA',NULL,NULL),(173,'2022-12-26 00:00:00.000000',1,'PRODUCING','40106477',123,0,'CA',NULL,NULL),(174,'2022-12-26 00:00:00.000000',1,'COMPLETE','40106455',153,0,'CA',NULL,NULL),(175,'2022-12-26 00:00:00.000000',1,'COMPLETE','40106466',117,0,'CA',NULL,NULL),(176,'2022-12-28 00:00:00.000000',1,'REGISTER','40106511',208,0,'CA',NULL,NULL),(177,'2022-12-28 00:00:00.000000',1,'PRODUCING','4010617',57,0,'CA',NULL,NULL),(178,'2022-12-28 00:00:00.000000',1,'REGISTER','4010619',37,0,'CA',NULL,NULL),(179,'2022-12-29 00:00:00.000000',1,'COMPLETE','4010620',159,0,'CA',NULL,NULL),(180,'2022-12-29 00:00:00.000000',1,'COMPLETE','40106522',306,0,'CA',NULL,NULL),(181,'2022-12-29 00:00:00.000000',1,'COMPLETE','40106533',191,0,'CA',NULL,NULL),(182,'2022-12-29 00:00:00.000000',1,'PRODUCING','40106544',305,0,'CA',NULL,NULL),(183,'2022-12-29 00:00:00.000000',1,'COMPLETE','4010621',54,0,'CA',NULL,NULL),(184,'2022-12-31 00:00:00.000000',1,'COMPLETE','4010622',105,0,'CA',NULL,NULL),(185,'2022-12-31 00:00:00.000000',1,'COMPLETE','4010623',56,0,'CA',NULL,NULL),(186,'2022-12-31 00:00:00.000000',1,'PRODUCING','40106588',36,0,'CA',NULL,NULL),(187,'2022-12-31 00:00:00.000000',1,'COMPLETE','40106577',179,0,'CA',NULL,NULL),(188,'2023-01-01 00:00:00.000000',1,'PRODUCING','40106599',178,0,'CA',NULL,NULL),(189,'2023-01-01 00:00:00.000000',1,'COMPLETE','40106611',158,0,'CA',NULL,NULL),(190,'2023-01-01 00:00:00.000000',1,'REGISTER','40106622',117,0,'CA',NULL,NULL),(191,'2023-01-01 00:00:00.000000',1,'COMPLETE','40106633',118,0,'CA',NULL,NULL),(192,'2023-01-01 00:00:00.000000',1,'COMPLETE','40106644',159,0,'CA',NULL,NULL),(193,'2023-01-02 00:00:00.000000',1,'COMPLETE','4010625',85,0,'CA',NULL,NULL),(194,'2023-01-02 00:00:00.000000',1,'REGISTER','40106666',241,0,'CA',NULL,NULL),(195,'2023-01-02 00:00:00.000000',1,'REGISTER','4010626',54,0,'CA',NULL,NULL),(196,'2023-01-02 00:00:00.000000',1,'PRODUCING','40106655',49,0,'CA',NULL,NULL),(197,'2023-01-02 00:00:00.000000',1,'COMPLETE','4010627',60,0,'CA',NULL,NULL),(198,'2023-01-03 00:00:00.000000',1,'PRODUCING','4010628',159,0,'CA',NULL,NULL),(199,'2023-01-04 00:00:00.000000',1,'COMPLETE','4010629',115,0,'CA',NULL,NULL),(200,'2023-01-03 00:00:00.000000',1,'PRODUCING','4010631',37,0,'CA',NULL,NULL),(201,'2023-01-04 00:00:00.000000',1,'REGISTER','4010632',159,0,'CA',NULL,NULL),(202,'2023-01-04 00:00:00.000000',1,'COMPLETE','4010633',87,0,'CA',NULL,NULL),(203,'2023-01-04 00:00:00.000000',1,'PRODUCING','4010634',294,0,'CA',NULL,NULL),(204,'2023-01-04 00:00:00.000000',1,'COMPLETE','40106688',212,0,'CA',NULL,NULL),(205,'2023-01-04 00:00:00.000000',1,'PRODUCING','40106700',54,0,'CA',NULL,NULL),(206,'2023-01-05 08:14:00.123426',1,'CANCEL','7040722',37,0,'CA',NULL,NULL),(207,'2023-01-05 00:00:00.000000',1,'PRODUCING','4010636',159,0,'CA',NULL,NULL),(208,'2023-01-05 00:00:00.000000',1,'COMPLETE','4010638',240,0,'CA',NULL,NULL),(209,'2023-01-05 00:00:00.000000',1,'COMPLETE','40106711',103,0,'CA',NULL,NULL),(210,'2023-01-05 00:00:00.000000',1,'PRODUCING','4010585',275,0,'CA',NULL,NULL),(260,'2023-01-17 10:47:42.328189',0,'','',40,0,'CA',NULL,NULL),(257,'2023-01-15 00:00:00.000000',1,'REGISTER','4010662',295,0,'CA',NULL,NULL),(242,'2023-01-12 00:00:00.000000',1,'PRODUCING','4010651',294,0,'CA',NULL,NULL),(211,'2023-01-07 00:00:00.000000',1,'PRODUCING','40106722',105,0,'CA',NULL,NULL),(212,'2023-01-07 00:00:00.000000',1,'PRODUCING','4010639',68,0,'CA',NULL,NULL),(213,'2023-01-08 00:00:00.000000',1,'PRODUCING','40106766',36,0,'CA',NULL,NULL),(214,'2023-01-08 00:00:00.000000',1,'COMPLETE','4010640',106,0,'CA',NULL,NULL),(215,'2023-01-08 00:00:00.000000',1,'REGISTER','4010641',54,0,'CA',NULL,NULL),(216,'2023-01-08 00:00:00.000000',1,'COMPLETE','40106733',109,0,'CA',NULL,NULL),(217,'2023-01-08 00:00:00.000000',1,'REGISTER','40106744',137,0,'CA',NULL,NULL),(218,'2023-01-08 00:00:00.000000',1,'PRODUCING','40106755',159,0,'CA',NULL,NULL),(220,'2023-01-09 00:00:00.000000',1,'PRODUCING','4010643',145,0,'CA',NULL,NULL),(221,'2023-01-09 00:00:00.000000',1,'PRODUCING','4010644',76,0,'CA',NULL,NULL),(222,'2023-01-09 00:00:00.000000',1,'PRODUCING','40106777',212,0,'CA',NULL,NULL),(223,'2023-01-09 00:00:00.000000',1,'PRODUCING','4010645',45,0,'CA',NULL,NULL),(224,'2023-01-09 00:00:00.000000',1,'PRODUCING','40106788',169,0,'CA',NULL,NULL),(225,'2023-01-09 00:00:00.000000',1,'REGISTER','401067999',54,0,'CA',NULL,NULL),(226,'2023-01-09 00:00:00.000000',1,'REGISTER','40106800',265,0,'CA',NULL,NULL),(227,'2023-01-10 00:00:00.000000',1,'COMPLETE','4010646',115,0,'CA',NULL,NULL),(228,'2023-01-10 00:00:00.000000',1,'PRODUCING','4010647',74,0,'CA',NULL,NULL),(229,'2023-01-10 00:00:00.000000',1,'PRODUCING','40106844',305,0,'CA',NULL,NULL),(230,'2023-01-10 00:00:00.000000',1,'PRODUCING','4010648',39,0,'CA',NULL,NULL),(231,'2023-01-10 00:00:00.000000',1,'PRODUCING','40106811',296,0,'CA',NULL,NULL),(232,'2023-01-10 00:00:00.000000',1,'PRODUCING','40106822',54,0,'CA',NULL,NULL),(233,'2023-01-10 00:00:00.000000',1,'REGISTER','40106833',178,0,'CA',NULL,NULL),(234,'2023-01-10 00:00:00.000000',1,'REGISTER','40106855',308,0,'CA',NULL,NULL),(235,'2023-01-10 00:00:00.000000',1,'REGISTER','40106877',115,0,'CA',NULL,NULL),(236,'2023-01-10 00:00:00.000000',1,'REGISTER','40106888',113,0,'CA',NULL,NULL),(237,'2023-01-11 00:00:00.000000',1,'REGISTER','40106900',98,0,'CA',NULL,NULL),(238,'2023-01-11 00:00:00.000000',1,'PRODUCING','40106911',117,0,'CA',NULL,NULL),(239,'2023-01-11 00:00:00.000000',1,'REGISTER','40106922',117,0,'CA',NULL,NULL),(240,'2023-01-11 00:00:00.000000',1,'REGISTER','4010649',293,0,'CA',NULL,NULL),(241,'2023-01-11 00:00:00.000000',1,'PRODUCING','4010650',294,0,'CA',NULL,NULL),(243,'2023-01-12 00:00:00.000000',1,'COMPLETE','4010653',36,0,'CA',NULL,NULL),(244,'2023-01-12 00:00:00.000000',1,'COMPLETE','4010654',36,0,'CA',NULL,NULL),(245,'2023-01-12 00:00:00.000000',1,'PRODUCING','4010655',90,0,'CA',NULL,NULL),(246,'2023-01-12 00:00:00.000000',1,'PRODUCING','40106799',117,0,'CA',NULL,NULL),(247,'2023-01-12 00:00:00.000000',1,'PRODUCING','40106933',110,0,'CA',NULL,NULL),(248,'2023-01-12 00:00:00.000000',1,'COMPLETE','4010652',61,0,'CA',NULL,NULL),(249,'2023-01-14 11:03:44.398122',0,'','',36,0,'CA',NULL,NULL),(250,'2023-01-14 00:00:00.000000',1,'PRODUCING','4010656',39,0,'CA',NULL,NULL),(251,'2023-01-14 00:00:00.000000',1,'PRODUCING','4010657',37,0,'CA',NULL,NULL),(252,'2023-01-14 00:00:00.000000',1,'PRODUCING','4010658',49,0,'CA',NULL,NULL),(253,'2023-01-14 00:00:00.000000',1,'PRODUCING','4010659',145,0,'CA',NULL,NULL),(254,'2023-01-14 00:00:00.000000',1,'REGISTER','4010661',63,0,'CA',NULL,NULL),(255,'2023-01-14 00:00:00.000000',1,'PRODUCING','40106944',129,0,'CA',NULL,NULL),(256,'2023-01-14 00:00:00.000000',1,'PRODUCING','40106966',59,0,'CA',NULL,NULL),(258,'2023-01-15 00:00:00.000000',1,'REGISTER','4010663',57,0,'CA',NULL,NULL),(259,'2023-01-15 00:00:00.000000',1,'REGISTER','40106977',159,0,'CA',NULL,NULL),(261,'2023-01-18 06:04:07.798607',0,'','',159,0,'CA',NULL,NULL),(262,'2023-01-19 05:48:19.202063',0,'','',76,0,'CA',NULL,NULL),(263,'2023-01-16 00:00:00.000000',1,'REGISTER','4010664',76,0,'CH2',NULL,NULL),(264,'2023-01-17 00:00:00.000000',1,'REGISTER','4010667',90,74400000,'CA','',13),(265,'2023-01-16 00:00:00.000000',1,'REGISTER','4010665',91,1295760000,'CA','',13),(266,'2023-01-19 11:30:28.988757',0,'','',40,0,'CA',NULL,13),(267,'2023-01-19 13:43:21.599010',0,'HOLDING','11',307,25,'CA','',13),(268,'2023-01-19 00:00:00.000000',1,'PRODUCING','40107044',305,2888000000,'CA','',13),(269,'2023-01-21 05:24:31.061189',0,'','',NULL,0,'CA',NULL,13),(270,'2023-01-19 00:00:00.000000',1,'REGISTER','4010671',267,57900000,'CA','',13),(271,'2023-01-18 00:00:00.000000',1,'REGISTER','40107022',207,1588000000,'CH2','',13),(272,'2023-01-19 00:00:00.000000',1,'REGISTER','4010705',117,1550000000,'CH2','',13),(273,'2023-01-19 00:00:00.000000',1,'REGISTER','4010674',91,311000000,'CA','',13),(274,'2023-01-19 00:00:00.000000',1,'REGISTER','4010672',66,886950000,'CA','',13),(275,'2023-01-19 00:00:00.000000',1,'REGISTER','4010675',36,2057900000,'CA','',13),(276,'2023-01-19 00:00:00.000000',1,'REGISTER','40107077',178,3586000000,'CH2','',13),(277,'2023-01-21 00:00:00.000000',1,'REGISTER','4010670',91,1439100000,'CA','',13),(278,'2023-01-21 00:00:00.000000',1,'REGISTER','4010676',220,2304800000,'CH2','',13),(279,'2023-01-21 00:00:00.000000',1,'REGISTER','4010677',313,1049250000,'CH2','',13),(280,'2023-01-21 00:00:00.000000',1,'REGISTER','40107088',63,3568000049,'CA','',13),(281,'2023-01-21 00:00:00.000000',1,'REGISTER','40107099',305,3400000000,'CA','',13),(282,'2023-01-21 00:00:00.000000',1,'REGISTER','40107111',118,2108000000,'CA','',13),(283,'2023-01-22 00:00:00.000000',1,'REGISTER','4010679',304,34380000,'CA','',13),(284,'2023-01-22 00:00:00.000000',1,'REGISTER','4010681',316,1561600000,'CA','',13),(285,'2023-01-22 00:00:00.000000',1,'REGISTER','4010678',44,5063600000,'CH2','',13);
/*!40000 ALTER TABLE `base_order` ENABLE KEYS */;
UNLOCK TABLES;

--
-- Table structure for table `base_orderitem`
--

DROP TABLE IF EXISTS `base_orderitem`;
/*!40101 SET @saved_cs_client     = @@character_set_client */;
/*!40101 SET character_set_client = utf8 */;
CREATE TABLE `base_orderitem` (
  `id` bigint(20) NOT NULL AUTO_INCREMENT,
  `productName` varchar(300) NOT NULL,
  `colorName` varchar(100) DEFAULT NULL,
  `code` varchar(100) DEFAULT NULL,
  `quantity` int(11) NOT NULL,
  `color_id` bigint(20) DEFAULT NULL,
  `order_id` bigint(20) NOT NULL,
  `product_id` bigint(20) NOT NULL,
  `fee` int(11) NOT NULL,
  PRIMARY KEY (`id`),
  KEY `base_orderitem_color_id_7a3383e2_fk_product_color_id` (`color_id`),
  KEY `base_orderitem_order_id_aaa7f08a_fk_base_order_id` (`order_id`),
  KEY `base_orderitem_product_id_397c77c4_fk_product_product_id` (`product_id`)
) ENGINE=MyISAM AUTO_INCREMENT=2109 DEFAULT CHARSET=utf8 COLLATE=utf8_general_ci;
/*!40101 SET character_set_client = @saved_cs_client */;

--
-- Dumping data for table `base_orderitem`
--

LOCK TABLES `base_orderitem` WRITE;
/*!40000 ALTER TABLE `base_orderitem` DISABLE KEYS */;
INSERT INTO `base_orderitem` VALUES (1,'صفحه کابینت',NULL,'3010514320',10,NULL,1,4,0),(2,'فوم PVC',NULL,'3124103',10,NULL,2,3,0),(3,'صفحه کابینت','امپریا مشکی ( 4416 )',NULL,10,48,3,4,0),(4,'PSD','105','1055711',10,132,3,2,0),(8,'صفحه کابینت','طرح سنگ سفید ( 4206 )',NULL,15,70,5,4,0),(6,'صفحه کابینت','طرح سنگ طوسی روشن ( 4410 )',NULL,10,72,3,4,0),(7,'فوم PVC',NULL,'3124103',10,NULL,3,3,0),(13,'صفحه کابینت','طرح سنگ سفید ( 4206 )','97416024327',10,70,5,4,0),(14,'صفحه کابینت','سفید براق ( 3103 )','32416024486',30,45,5,4,0),(15,'صفحه کابینت','سفید براق ( 3103 )','32416024326',15,45,5,4,0),(16,'صفحه کابینت','مشکی ( 3190 )','31416024487',5,44,6,4,0),(17,'صفحه کابینت','بلوط آمریکایی ( 4525 )','84306024327',10,62,6,4,0),(18,'صفحه کابینت','سفید براق ( 3103 )','32416024486',10,45,6,4,0),(19,'صفحه کابینت','ونگه ( 4572 )','14306024327',5,43,6,4,0),(20,'صفحه کابینت','امپریا مشکی ( 4416 )','42307024487',2,48,6,4,0),(21,'صفحه کابینت','کورین مشکی ( 5077 )','64416024487',5,57,6,4,0),(127,'های گلاس','گلکسی ( 640 )','6401605851',40,206,22,1,0),(126,'صفحه کابینت','طرح سنگ سفید ( 5657 )','87416024486',8,63,21,4,0),(24,'های گلاس','اینکس طلائی ( 6060 )','60601605851',20,218,8,1,0),(25,'های گلاس','گلکسی ( 640 )','6401605851',20,206,8,1,0),(26,'های گلاس','متالیک آنتراسیت','3451605851',20,223,8,1,0),(27,'های گلاس','اکرو کرم ( 590 )','5901605851',20,204,8,1,0),(28,'های گلاس','سفید ( 6001 )','60011605851',20,36,8,1,0),(29,'های گلاس','سفید اکریلدار ( 670 )','6701605851',20,207,8,1,0),(30,'صفحه کابینت','طرح فانتزی ( 5041 )','45417518480',5,50,4,4,0),(31,'صفحه کابینت','طرح سنگ طوسی تیره ( 4408 )','98304528480',15,71,4,4,0),(32,'های گلاس','خاکستری تیره ( 636 )','6361605851',20,128,4,1,0),(33,'های گلاس','بیانکو ( 647 )','6471605851',20,133,9,1,0),(34,'صفحه کابینت','سامان ( 5069 )','53416024487',20,54,10,4,0),(35,'صفحه کابینت','سامان ( 5069 )','53416014487',5,54,10,4,0),(36,'صفحه کابینت','امپریا مشکی ( 4416 )','42416024487',15,48,10,4,0),(37,'صفحه کابینت','امپریا مشکی ( 4416 )','42416014487',5,48,10,4,0),(38,'صفحه کابینت','طرح سنگ سفید ( 4206 )','97416024487',15,70,10,4,0),(39,'صفحه کابینت','طرح سنگ سفید ( 5657 )','87416024486',15,63,10,4,0),(40,'صفحه کابینت','سفید براق ( 3103 )','32416024486',15,45,10,4,0),(41,'صفحه کابینت','طرح سنگ سفید ( 5657 )','87416024326',10,63,10,4,0),(45,'صفحه کابینت','طرح سنگ سفید ( 4206 )','97418028487',5,70,12,4,0),(44,'صفحه کابینت','سامان ( 5069 )','53418028487',5,54,12,4,0),(46,'صفحه کابینت','مشکی ( 3190 )','31416024487',5,44,12,4,0),(47,'صفحه کابینت','لئون ( 4070 )','93416024487',5,69,12,4,0),(49,'صفحه کابینت','سفید براق ( 3103 )','32416024486',60,45,12,4,0),(50,'صفحه کابینت','سفید براق ( 3103 )','32416014486',30,45,12,4,0),(51,'صفحه کابینت','طرح سنگ طوسی تیره ( 4408 )','98306024487',7,71,12,4,0),(52,'صفحه کابینت','طرح سنگ طوسی تیره ( 4408 )','98306014487',3,71,12,4,0),(53,'صفحه کابینت','امپریا سفید ( 4412 )','41416024487',15,47,12,4,0),(54,'صفحه کابینت','امپریا سفید ( 4412 )','41416014487',5,47,12,4,0),(55,'صفحه کابینت','طرح سنگ کرم ( 4207 )','50416024487',7,53,12,4,0),(56,'صفحه کابینت','سفید براق ( 3103 )','32418028486',10,45,12,4,0),(57,'صفحه کابینت','طرح سنگ کرم ( 4207 )','50416014487',3,53,12,4,0),(58,'صفحه کابینت','ورسیلیا ( 4225 )','34416024487',35,235,12,4,0),(59,'صفحه کابینت','ورسیلیا ( 4225 )','34416014487',15,235,12,4,0),(60,'صفحه کابینت','طرح سنگ سفید ( 4206 )','97416024487',30,70,12,4,0),(61,'صفحه کابینت','ونگه ( 4572 )','14416024486',5,43,12,4,0),(62,'صفحه کابینت','طوسی ( 4409 )','40306024487',30,46,12,4,0),(63,'صفحه کابینت','طوسی ( 4409 )','40306014487',10,46,12,4,0),(64,'صفحه کابینت','سفید براق ( 3103 )','32416024326',20,45,12,4,0),(65,'صفحه کابینت','ونگه ( 4572 )','14416024326',5,43,12,4,0),(66,'فوم PVC',NULL,'3124103',10,NULL,13,3,0),(67,'PSD','162','1625711',10,108,13,2,0),(68,'های گلاس','اینکس طلائی ( 6060 )','60601605851',20,218,14,1,0),(69,'های گلاس','گلکسی ( 640 )','6401605851',20,206,14,1,0),(70,'های گلاس','بیانکو ( 647 )','6471605851',20,133,14,1,0),(71,'های گلاس','کروکودیل ( 641 )','6411605851',20,194,14,1,0),(72,'های گلاس','کرم تیره ( 6015 )','60151605851',20,156,14,1,0),(73,'های گلاس','ترا قهوه ( 653 )','6531605851',20,196,14,1,0),(74,'های گلاس','سفید اکریلدار ( 670 )','6701605851',40,207,14,1,0),(75,'های گلاس','سفید مات ( 634 )','6341605851',20,125,14,1,0),(76,'های گلاس','سفید ( 6001 )','60011605851',20,36,14,1,0),(77,'های گلاس','مشکی ( 6002 )','60021605851',20,37,14,1,0),(78,'های گلاس','سفید ( 6001 )','60011605851',60,36,15,1,0),(79,'های گلاس','سفید اکریلدار ( 670 )','6701605851',40,207,15,1,0),(80,'های گلاس','اینکس ( 6040 )','60401605851',20,217,15,1,0),(81,'های گلاس','متالیک آنتراسیت','3451605851',20,223,15,1,0),(82,'های گلاس','مشکی ( 6002 )','60021605851',20,37,15,1,0),(83,'های گلاس','خاکستری تیره ( 636 )','6361605851',20,128,15,1,0),(84,'های گلاس','اینکس طلائی ( 6060 )','60601605851',40,218,15,1,0),(85,'صفحه کابینت','طرح سنگ سفید ( 4206 )','97416024487',15,70,16,4,0),(86,'صفحه کابینت','طرح سنگ سفید ( 5657 )','87416024486',13,63,16,4,0),(87,'صفحه کابینت','سیروس ( 4090 )','92416024487',5,68,16,4,0),(88,'صفحه کابینت','سامان ( 5069 )','53416024487',17,54,16,4,0),(89,'صفحه کابینت','سفید براق ( 3103 )','32416024486',5,45,16,4,0),(90,'صفحه کابینت','طرح سنگ تیره براق ( 5658 )','82416024487',5,60,16,4,0),(91,'صفحه کابینت','سامان ( 5069 )','53306024487',5,54,16,4,0),(92,'صفحه کابینت','طرح سنگ سفید ( 4206 )','97416024327',5,70,16,4,0),(93,'صفحه کابینت','سامان ( 5069 )','53416024327',5,54,16,4,0),(94,'صفحه کابینت','سامان ( 5069 )','53306024327',40,54,11,4,0),(95,'صفحه کابینت','بلوط آمریکایی ( 4525 )','84306024327',12,62,11,4,0),(96,'صفحه کابینت','کورین تیره ( 5416 )','48306024326',17,52,11,4,0),(97,'صفحه کابینت','کورین تیره ( 5416 )','48416024326',7,52,11,4,0),(98,'صفحه کابینت','طرح سنگ تیره براق ( 5658 )','82416024327',10,60,11,4,0),(99,'صفحه کابینت','بلوط آمریکایی ( 4525 )','84306024487',10,62,11,4,0),(100,'صفحه کابینت','سفید براق ( 3103 )','32306024486',7,45,11,4,0),(101,'صفحه کابینت','امپریا سفید ( 4412 )','41416024487',15,47,11,4,0),(102,'صفحه کابینت','امپریا سفید ( 4412 )','41416014487',5,47,11,4,0),(103,'صفحه کابینت','سامان ( 5069 )','53416024487',15,54,11,4,0),(104,'صفحه کابینت','سامان ( 5069 )','53416014487',5,54,11,4,0),(105,'صفحه کابینت','کورین تیره ( 5416 )','48416024486',5,52,11,4,0),(106,'صفحه کابینت','طرح سنگ سفید ( 4206 )','97416024487',15,70,11,4,0),(107,'صفحه کابینت','سفید براق ( 3103 )','32416024486',10,45,11,4,0),(108,'صفحه کابینت','طرح سنگ طوسی تیره ( 4408 )','98416024487',10,71,11,4,0),(109,'صفحه کابینت','طرح سنگ طوسی تیره ( 4408 )','98416014487',10,71,11,4,0),(110,'های گلاس','کتان ترا ( 1519 )','15191605851',20,198,17,1,0),(111,'PSD','116','1165711',10,136,17,2,0),(112,'صفحه کابینت','طرح سنگ طوسی روشن ( 4410 )','99304528480',10,72,17,4,0),(113,'های گلاس','سفید ( 6001 )','60011605851',120,36,18,1,0),(114,'های گلاس','خاکستری تیره ( 636 )','6361605851',40,128,18,1,0),(115,'های گلاس','سفید اکریلدار ( 670 )','6701605851',120,207,18,1,0),(116,'های گلاس','گلکسی ( 640 )','6401605851',20,206,18,1,0),(117,'های گلاس','خاکستری روشن مات ( 626 )','6261605851',40,123,18,1,0),(118,'های گلاس','سفید ( 6001 )','60011605851',40,36,19,1,0),(119,'های گلاس','سفید اکریلدار ( 670 )','6701605851',20,207,19,1,0),(120,'های گلاس','ارگون سویز ( 617 )','6171605851',20,192,19,1,0),(121,'های گلاس','متالیک دارک ( 679 )','6791605851',20,209,19,1,0),(122,'های گلاس','سفید ( 6001 )','60011605851',40,36,20,1,0),(123,'های گلاس','سفید اکریلدار ( 670 )','6701605851',40,207,20,1,0),(124,'های گلاس','خاکستری روشن مات ( 626 )','6261605851',20,123,20,1,0),(125,'های گلاس','اینکس طلائی ( 6060 )','60601605851',20,218,20,1,0),(128,'های گلاس','متالیک آنتراسیت','3451605851',40,223,22,1,0),(129,'های گلاس','گلکسی ( 640 )','6401605851',20,206,23,1,0),(130,'های گلاس','کرم تیره ( 6015 )','60151605851',40,156,23,1,0),(131,'های گلاس','متالیک آنتراسیت','3451605851',20,223,23,1,0),(132,'های گلاس','خاکستری تیره ( 636 )','6361605851',20,128,23,1,0),(133,'های گلاس','سفید اکریلدار مات ( 3006 )','30061605851',20,212,23,1,0),(134,'صفحه کابینت','ورسیلیا ( 4225 )','34416024487',8,235,24,4,0),(135,'صفحه کابینت','ورسیلیا ( 4225 )','34416014487',3,235,24,4,0),(136,'صفحه کابینت','بلوط آمریکایی ( 4525 )','84416024487',8,62,24,4,0),(137,'صفحه کابینت','سیروس ( 4090 )','92416024487',5,68,24,4,0),(138,'صفحه کابینت','سیروس ( 4090 )','92416014487',2,68,24,4,0),(139,'صفحه کابینت','لئون ( 4070 )','93416024487',7,69,24,4,0),(140,'صفحه کابینت','لئون ( 4070 )','93416014487',3,69,24,4,0),(141,'صفحه کابینت','سفید متالیک ( 4030 )','88416024487',3,64,24,4,0),(142,'صفحه کابینت','طوسی ( 4409 )','40416024487',7,46,24,4,0),(143,'صفحه کابینت','طوسی ( 4409 )','40416014487',3,46,24,4,0),(144,'صفحه کابینت','طرح سنگ طوسی روشن ( 4410 )','99416024487',5,72,24,4,0),(145,'صفحه کابینت','طرح سنگ کرم ( 4207 )','50416024487',4,53,24,4,0),(146,'صفحه کابینت','طرح سنگ طوسی تیره ( 4408 )','98416024487',4,71,24,4,0),(147,'صفحه کابینت','بلوط آمریکایی ( 4525 )','84416024327',7,62,24,4,0),(148,'صفحه کابینت','ورسیلیا ( 4225 )','34416024327',10,235,24,4,0),(149,'صفحه کابینت','سیروس ( 4090 )','92416024327',5,68,24,4,0),(150,'صفحه کابینت','لئون ( 4070 )','93416024327',7,69,24,4,0),(151,'صفحه کابینت','طوسی ( 4409 )','40416024327',4,46,24,4,0),(152,'های گلاس','سفید اکریل دار اکووان (341)','3411605851',60,285,25,1,0),(153,'های گلاس','بیانکو اکووان (311)','3111605851',20,245,25,1,0),(154,'های گلاس','سفید مات اکووان ( 300 )','3001605851',20,237,25,1,0),(155,'های گلاس','خاکستری تیره اکووان (362)','3621605851',20,253,25,1,0),(156,'های گلاس','متالیک دارک اکووان (347)','3471605851',20,287,25,1,0),(157,'های گلاس','انیکس طلایی اکووان (348)','3481605851',20,291,25,1,0),(158,'های گلاس','سفید اکووان (301)','3011605851',340,238,25,1,0),(159,'های گلاس','ارگن سویز اکووان (316)','3161605851',10,258,25,1,0),(160,'های گلاس','مشکی اکریل دار اکووان (344)','3441605851',10,284,25,1,0),(161,'های گلاس','انتراسیت مات اکووان (374)','3741605851',10,294,25,1,0),(162,'های گلاس','آجری سوپر مات اکووان (371)','3711605851',10,293,25,1,0),(163,'های گلاس','سفید zirve','160381',60,295,26,1,0),(164,'های گلاس','سفيد اکریل دار zirve','160381',40,296,26,1,0),(165,'های گلاس','اکروکرم zirve','160381',20,297,26,1,0),(166,'های گلاس','انيكس طلایی zirve','160381',20,298,26,1,0),(167,'های گلاس','سفید مات اکووان ( 300 )','300160681',20,237,26,1,0),(168,'های گلاس','سفید اکریل دار اکووان (341)','341160681',40,285,26,1,0),(169,'های گلاس','خاکستری یخی اکووان (387)','387160681',20,292,27,1,0),(170,'صفحه کابینت','ورسیلیا ( 4225 )','34416024487',10,235,28,4,0),(171,'صفحه کابینت','ورسیلیا ( 4225 )','34416024327',5,235,28,4,0),(172,'صفحه کابینت','سفید براق ( 3103 )','32416024486',45,45,28,4,0),(173,'صفحه کابینت','سفید براق ( 3103 )','32416024486',50,45,29,4,0),(174,'صفحه کابینت','سفید براق ( 3103 )','32416024327',30,45,29,4,0),(175,'صفحه کابینت','سامان ( 5069 )','53416024487',15,54,29,4,0),(176,'صفحه کابینت','سامان ( 5069 )','53416014487',5,54,29,4,0),(177,'صفحه کابینت','ورسیلیا ( 4225 )','34416024487',13,235,29,4,0),(178,'صفحه کابینت','ورسیلیا ( 4225 )','34416014487',7,235,29,4,0),(179,'صفحه کابینت','امپریا مشکی ( 4416 )','42416024487',20,48,29,4,0),(180,'صفحه کابینت','امپریا مشکی ( 4416 )','42416014487',10,48,29,4,0),(181,'صفحه کابینت','بلوط آمریکایی ( 4525 )','84306024487',10,62,29,4,0),(182,'صفحه کابینت','بلوط آمریکایی ( 4525 )','84306014487',5,62,29,4,0),(183,'صفحه کابینت','ونگه ( 4572 )','14306024326',20,43,29,4,0),(184,'صفحه کابینت','لئون ( 4070 )','93306024487',10,69,29,4,0),(185,'صفحه کابینت','لئون ( 4070 )','93306014487',5,69,29,4,0),(186,'های گلاس','متالیک دارک ( 679 )','6791605851',40,209,30,1,0),(187,'های گلاس','سفید اکریلدار ( 670 )','6701605851',40,207,30,1,0),(188,'های گلاس','سفید ( 6001 )','60011605851',100,36,30,1,0),(189,'های گلاس','متالیک آنتراسیت','3451605851',40,223,30,1,0),(190,'های گلاس','متالیک دارک ( 679 )','6791605851',40,209,31,1,0),(191,'های گلاس','سفید اکریلدار ( 670 )','6701605851',40,207,31,1,0),(192,'های گلاس','متالیک آنتراسیت','3451605851',40,223,31,1,0),(193,'های گلاس','سفید ( 6001 )','60011605851',100,36,31,1,0),(194,'های گلاس','ارگون سویز ( 617 )','6171605851',360,192,32,1,0),(195,'های گلاس','سفید ( 6001 )','60011605851',140,36,33,1,0),(196,'های گلاس','سفید اکریلدار ( 670 )','6701605851',140,207,33,1,0),(197,'های گلاس','متالیک آنتراسیت','3451605851',40,223,33,1,0),(198,'های گلاس','خاکستری تیره براق (990)','6361605851',40,230,33,1,0),(199,'صفحه کابینت','بلوط آمریکایی ( 4525 )','84306024487',5,62,34,4,0),(200,'صفحه کابینت','بلوط آمریکایی ( 4525 )','84306014487',3,62,34,4,0),(201,'صفحه کابینت','طرح سنگ سفید ( 5657 )','87416024486',4,63,34,4,0),(202,'صفحه کابینت','طرح سنگ سفید ( 5657 )','87416014486',3,63,34,4,0),(203,'صفحه کابینت','طرح سنگ سفید ( 4206 )','97416024487',25,70,35,4,0),(204,'صفحه کابینت','طرح سنگ طوسی روشن ( 4410 )','99416024487',7,72,35,4,0),(205,'صفحه کابینت','طرح سنگ طوسی روشن ( 4410 )','99416014487',3,72,35,4,0),(206,'صفحه کابینت','امپریا سفید ( 4412 )','41416024487',24,47,35,4,0),(207,'صفحه کابینت','امپریا سفید ( 4412 )','41416014487',10,47,35,4,0),(208,'صفحه کابینت','سامان ( 5069 )','53416024487',35,54,35,4,0),(209,'صفحه کابینت','سامان ( 5069 )','53416014487',15,54,35,4,0),(210,'صفحه کابینت','طرح سنگ سفید ( 4206 )','974110028487',1,70,35,4,0),(211,'صفحه کابینت','طرح سنگ سفید ( 4206 )','97416024487',10,70,36,4,0),(212,'صفحه کابینت','طرح سنگ سفید ( 4206 )','97416014487',4,70,36,4,0),(213,'صفحه کابینت','طرح سنگ سفید ( 4206 )','97416524487',5,70,36,4,0),(214,'صفحه کابینت','طرح سنگ سفید ( 4206 )','97417528487',2,70,36,4,0),(215,'صفحه کابینت','طرح سنگ طوسی کوارتز روشن ( 4327 )','56416024486',7,55,36,4,0),(216,'صفحه کابینت','طرح سنگ طوسی کوارتز روشن ( 4327 )','56416014486',3,55,36,4,0),(217,'صفحه کابینت','کوارتز تیره ( 4325 )','43416024486',7,49,36,4,0),(218,'صفحه کابینت','کوارتز تیره ( 4325 )','43416014486',3,49,36,4,0),(219,'صفحه کابینت','طرح سنگ کرم ( 4207 )','50416024487',8,53,36,4,0),(220,'صفحه کابینت','طرح سنگ کرم ( 4207 )','50416014487',4,53,36,4,0),(221,'صفحه کابینت','طرح سنگ تیره براق ( 5658 )','82416024487',7,60,36,4,0),(222,'صفحه کابینت','طرح سنگ تیره براق ( 5658 )','82416014487',3,60,36,4,0),(223,'صفحه کابینت','کورین تیره ( 5416 )','48416024486',7,52,36,4,0),(224,'صفحه کابینت','کورین تیره ( 5416 )','48416014486',3,52,36,4,0),(225,'صفحه کابینت','امپریا مشکی ( 4416 )','42416024487',8,48,36,4,0),(226,'صفحه کابینت','امپریا مشکی ( 4416 )','42416014487',4,48,36,4,0),(227,'صفحه کابینت','سفید براق ( 3103 )','32416024486',8,45,36,4,0),(228,'صفحه کابینت','سفید براق ( 3103 )','32416014486',4,45,36,4,0),(229,'صفحه کابینت','سفید براق ( 3103 )','32416524486',4,45,36,4,0),(230,'صفحه کابینت','طرح سنگ سفید ( 5657 )','87416524486',3,63,36,4,0),(231,'صفحه کابینت','طوسی ( 4409 )','40416024487',10,46,36,4,0),(232,'صفحه کابینت','بلوط آمریکایی ( 4525 )','84306524487',5,62,36,4,0),(233,'صفحه کابینت','لئون ( 4070 )','93306024487',10,69,36,4,0),(234,'صفحه کابینت','سفید متالیک ( 4030 )','88416524487',3,64,36,4,0),(235,'صفحه کابینت','امپریا سفید ( 4412 )','41417524487',1,47,36,4,0),(236,'های گلاس','اکرو کرم ( 590 )','5901605851',100,204,37,1,0),(237,'های گلاس','گلکسی ( 640 )','6401605851',40,206,37,1,0),(238,'های گلاس','زرد ( 521 )','5211605851',20,111,37,1,0),(239,'های گلاس','مشکی اکریلدار ( 671 )','6711605851',20,208,37,1,0),(240,'های گلاس','کاپوچینو ( 623 )','6231605851',20,122,37,1,0),(241,'های گلاس','آکروکرم مات (3005)','30051605851',40,231,37,1,0),(242,'های گلاس','سفید مات ( 634 )','6341605851',60,125,37,1,0),(243,'های گلاس','سفید اکریلدار ( 670 )','6701605851',60,207,37,1,0),(244,'های گلاس','ترا کرم ( 674 )','6741605851',20,197,37,1,0),(245,'های گلاس','سبزآبی ( 520 )','5201605851',10,110,37,1,0),(246,'های گلاس','بتونی فیلی ( 7002 )','7002 1605851',20,221,37,1,0),(247,'های گلاس','خاکستری دلفینی (656)','6561605851',40,300,38,1,0),(248,'های گلاس','خکستری یخی (616)','6161605851',120,299,38,1,0),(249,'های گلاس','اکرو کرم ( 590 )','5901605851',100,204,39,1,0),(250,'های گلاس','گلکسی ( 640 )','6401605851',40,206,39,1,0),(251,'های گلاس','زرد ( 521 )','5211605851',20,111,39,1,0),(252,'های گلاس','مشکی اکریلدار ( 671 )','6711605851',20,208,39,1,0),(253,'های گلاس','کاپوچینو ( 623 )','6231605851',20,122,39,1,0),(254,'های گلاس','آکروکرم مات (3005)','30051605851',40,231,39,1,0),(255,'های گلاس','خکستری یخی (616)','6161605851',60,299,39,1,0),(256,'های گلاس','خاکستری دلفینی (656)','6561605851',40,300,39,1,0),(257,'های گلاس','سفید مات ( 634 )','6341605851',60,125,39,1,0),(258,'های گلاس','سفید اکریلدار ( 670 )','6701605851',60,207,39,1,0),(259,'های گلاس','ترا کرم ( 674 )','6741605851',20,197,39,1,0),(260,'های گلاس','سبزآبی ( 520 )','5201605851',10,110,39,1,0),(261,'های گلاس','بنفش (6007)','60071605851',10,301,39,1,0),(262,'های گلاس','بتونی فیلی ( 7002 )','7002 1605851',20,221,39,1,0),(263,'های گلاس','سفید ( 6001 )','60011605851',40,36,39,1,0),(264,'های گلاس','سفید ( 6001 )','60011605851',60,36,40,1,0),(265,'های گلاس','بیانکو ( 647 )','647160681',20,133,40,1,0),(266,'های گلاس','سفید مات ( 634 )','634160681',20,125,40,1,0),(267,'های گلاس','خاکستری تیره ( 636 )','636160681',20,128,40,1,0),(268,'های گلاس','سفید اکریلدار ( 670 )','670160681',40,207,40,1,0),(269,'های گلاس','خکستری یخی (616)','6161605851',20,299,40,1,0),(270,'های گلاس','آکروکرم مات (3005)','30051605851',20,231,40,1,0),(271,'های گلاس','آنتراسیت مات ( 508 )','508160681',20,200,40,1,0),(272,'های گلاس','انيكس طلایی zirve','1605851',20,298,41,1,0),(273,'های گلاس','گلکسی ( 640 )','6401605851',20,206,41,1,0),(274,'های گلاس','سفید اکریلدار ( 670 )','6701605851',100,207,42,1,0),(275,'صفحه کابینت','لئون ( 4070 )','93306024487',5,69,43,4,0),(276,'صفحه کابینت','کوارتز تیره ( 4325 )','43416024486',5,49,43,4,0),(277,'صفحه کابینت','سیروس ( 4090 )','92416024487',10,68,43,4,0),(278,'صفحه کابینت','سفید براق ( 3103 )','32416028487',5,45,43,4,0),(279,'صفحه کابینت','اسپارک سفید ( 3096 )','66416024487',5,58,43,4,0),(280,'صفحه کابینت','سامان ( 5069 )','53416024486',10,54,43,4,0),(281,'صفحه کابینت','امپریا سفید ( 4412 )','41306024487',5,47,43,4,0),(282,'صفحه کابینت','امپریا سفید ( 4412 )','41416024487',10,47,43,4,0),(283,'صفحه کابینت','کورین مشکی ( 5077 )','64306028487',3,57,43,4,0),(284,'صفحه کابینت','مشکی ( 3190 )','31306024487',2,44,43,4,0),(285,'صفحه کابینت','طوسی ( 4409 )','40306024487',5,46,43,4,0),(286,'صفحه کابینت','سامان ( 5069 )','53416524486',5,54,44,4,0),(287,'صفحه کابینت','سامان ( 5069 )','53417528486',2,54,44,4,0),(288,'صفحه کابینت','اسپارک سفید ( 3096 )','66416024487',5,58,44,4,0),(289,'صفحه کابینت','اسپارک سفید ( 3096 )','66416524487',2,58,44,4,0),(290,'صفحه کابینت','سفید براق ( 3103 )','32416024486',7,45,44,4,0),(291,'صفحه کابینت','سامان ( 5069 )','53416014486',3,54,44,4,0),(292,'صفحه کابینت','طرح سنگ تیره براق ( 5658 )','82416524487',2,60,44,4,0),(293,'صفحه کابینت','طرح سنگ سفید ( 5657 )','87416024326',10,63,44,4,0),(294,'صفحه کابینت','طرح سنگ سفید ( 4206 )','97416024487',10,70,44,4,0),(295,'صفحه کابینت','طرح سنگ سفید ( 4206 )','97416524487',5,70,44,4,0),(296,'صفحه کابینت','طرح سنگ سفید ( 4206 )','97417528487',2,70,44,4,0),(297,'صفحه کابینت','امپریا سفید ( 4412 )','41416024487',5,47,44,4,0),(298,'صفحه کابینت','مشکی ( 3190 )','31416024487',3,44,44,4,0),(299,'صفحه کابینت','مشکی ( 3190 )','31416024327',3,44,44,4,0),(300,'صفحه کابینت','نقره ای ( 5344 )','6306024327',5,1,44,4,0),(337,'های گلاس','گلکسی ( 640 )','6401605851',80,206,49,1,0),(333,'های گلاس','سفید ( 6001 )','60011605851',200,36,49,1,0),(334,'های گلاس','اینکس طلائی ( 6060 )','60601605851',80,218,49,1,0),(387,'صفحه کابینت','امپریا مشکی طلایی ( 4215 )','33416014487',2,229,46,4,0),(332,'های گلاس','سفید اکریلدار ( 670 )','6701605851',100,207,49,1,0),(324,'های گلاس','سفید مات ( 634 )','6341605851',20,125,48,1,0),(335,'های گلاس','اینکس ( 6040 )','60401605851',20,217,49,1,0),(323,'های گلاس','خاکستری تیره ( 636 )','6361605851',40,128,48,1,0),(319,'صفحه کابینت','سامان ( 5069 )','53306524327',2,54,47,4,0),(320,'صفحه کابینت','کورین تیره ( 5416 )','48306024326',2,52,47,4,0),(321,'صفحه کابینت','طرح سنگ سفید ( 4206 )','97418028487',1,70,47,4,0),(322,'صفحه کابینت','کورین تیره ( 5416 )','48307528326',1,52,47,4,0),(336,'های گلاس','کاپوچینو ( 623 )','6231605851',20,122,49,1,0),(338,'های گلاس','متالیک دارک ( 679 )','6791605851',20,209,49,1,0),(339,'های گلاس','کرم تیره ( 6015 )','60151605851',20,156,49,1,0),(365,'صفحه کابینت','سفید براق ( 3103 )','32306014486',5,45,46,4,0),(363,'صفحه کابینت','سفید براق ( 3103 )','32306014326',4,45,46,4,0),(364,'صفحه کابینت','سفید براق ( 3103 )','32306024326',4,45,46,4,0),(360,'صفحه کابینت','طرح سنگ سفید ( 4206 )','97416014487',10,70,46,4,0),(361,'صفحه کابینت','طرح سنگ سفید ( 4206 )','97416024487',10,70,46,4,0),(362,'صفحه کابینت','طرح سنگ سفید ( 4206 )','97416524487',4,70,46,4,0),(366,'صفحه کابینت','سفید براق ( 3103 )','32306024486',5,45,46,4,0),(367,'صفحه کابینت','سفید براق ( 3103 )','32306524486',2,45,46,4,0),(368,'صفحه کابینت','طرح سنگ سفید ( 4206 )','97306014487',4,70,46,4,0),(369,'صفحه کابینت','طرح سنگ سفید ( 4206 )','97306024487',4,70,46,4,0),(370,'صفحه کابینت','سامان ( 5069 )','53306014480',3,54,46,4,0),(371,'صفحه کابینت','سامان ( 5069 )','53306024480',7,54,46,4,0),(372,'صفحه کابینت','سامان ( 5069 )','53306524480',2,54,46,4,0),(373,'صفحه کابینت','سامان ( 5069 )','53416014327',2,54,46,4,0),(374,'صفحه کابینت','سامان ( 5069 )','53416024327',3,54,46,4,0),(375,'صفحه کابینت','سامان ( 5069 )','53416524327',1,54,46,4,0),(376,'صفحه کابینت','سامان ( 5069 )','53416014487',3,54,46,4,0),(377,'صفحه کابینت','سامان ( 5069 )','53416024487',3,54,46,4,0),(378,'صفحه کابینت','سامان ( 5069 )','53416524487',1,54,46,4,0),(379,'صفحه کابینت','طرح سنگ سفید ( 5657 )','87416014486',5,63,46,4,0),(380,'صفحه کابینت','طرح سنگ سفید ( 5657 )','87416024486',7,63,46,4,0),(381,'صفحه کابینت','طرح سنگ سفید ( 5657 )','87416524486',2,63,46,4,0),(382,'صفحه کابینت','امپریا مشکی ( 4416 )','42306024487',5,48,46,4,0),(383,'صفحه کابینت','امپریا مشکی ( 4416 )','42306524487',1,48,46,4,0),(384,'صفحه کابینت','امپریا مشکی ( 4416 )','42416024487',10,48,46,4,0),(385,'صفحه کابینت','امپریا مشکی ( 4416 )','42416524487',3,48,46,4,0),(386,'صفحه کابینت','اسپارک سفید ( 3096 )','66416524487',2,58,46,4,0),(388,'صفحه کابینت','امپریا مشکی طلایی ( 4215 )','33416024487',2,229,46,4,0),(389,'های گلاس','خاکستری تیره ( 636 )','6361605851',40,128,51,1,0),(390,'های گلاس','سفید مات ( 634 )','6341605851',40,125,51,1,0),(391,'های گلاس','سفید ( 6001 )','60011605851',140,36,51,1,0),(392,'های گلاس','بیانکو ( 647 )','6471605851',20,133,52,1,0),(393,'صفحه کابینت','امپریا سفید ( 4412 )','41416524487',5,47,53,4,0),(394,'های گلاس','سفید ( 6001 )','60011605851',80,36,54,1,0),(395,'های گلاس','مشکی ( 6002 )','60021605851',20,37,54,1,0),(396,'های گلاس','بیانکو ( 647 )','6471605851',40,133,54,1,0),(397,'های گلاس','اروپاتیک ( 602 )','6021605851',20,191,54,1,0),(398,'های گلاس','ارگون سویز ( 617 )','6171605851',20,192,54,1,0),(399,'های گلاس','متالیک آنتراسیت','3451605851',40,223,54,1,0),(400,'های گلاس','سفید اکریلدار ( 670 )','6701605851',60,207,54,1,0),(401,'های گلاس','اکرو کرم ( 590 )','5901605851',20,204,54,1,0),(402,'های گلاس','اینکس طلائی ( 6060 )','60601605851',20,218,54,1,0),(403,'های گلاس','اینکس ( 6040 )','60401605851',20,217,54,1,0),(404,'صفحه کابینت','بلوط آمریکایی ( 4525 )','84306024487',7,62,55,4,0),(405,'صفحه کابینت','بلوط آمریکایی ( 4525 )','84306014487',3,62,55,4,0),(406,'صفحه کابینت','بلوط آمریکایی ( 4525 )','84416024487',5,62,55,4,0),(407,'صفحه کابینت','بلوط آمریکایی ( 4525 )','84416014487',3,62,55,4,0),(408,'صفحه کابینت','طرح سنگ سفید ( 4206 )','97416024487',10,70,55,4,0),(409,'صفحه کابینت','سفید متالیک ( 4030 )','88416024487',7,64,55,4,0),(410,'صفحه کابینت','سفید متالیک ( 4030 )','88416014487',3,64,55,4,0),(411,'صفحه کابینت','طرح سنگ طوسی تیره ( 4408 )','98416024487',5,71,55,4,0),(412,'صفحه کابینت','طرح سنگ طوسی تیره ( 4408 )','98416014487',3,71,55,4,0),(413,'صفحه کابینت','امپریا سفید ( 4412 )','41416024487',8,47,55,4,0),(414,'صفحه کابینت','امپریا مشکی ( 4416 )','42416024487',5,48,55,4,0),(415,'صفحه کابینت','کورین تیره ( 5416 )','48416024486',5,52,55,4,0),(416,'صفحه کابینت','کورین تیره ( 5416 )','48306024486',10,52,56,4,0),(417,'صفحه کابینت','سامان ( 5069 )','53416024486',20,54,56,4,0),(418,'صفحه کابینت','سامان ( 5069 )','53416014486',5,54,56,4,0),(419,'صفحه کابینت','طرح سنگ سفید ( 4206 )','97416024487',7,70,56,4,0),(420,'صفحه کابینت','طرح سنگ سفید ( 4206 )','97416014487',3,70,56,4,0),(421,'صفحه کابینت','آنتیک جویز (3093)','12306024327',10,307,56,4,0),(422,'صفحه کابینت','مشکی ( 3190 )','31306024487',3,44,57,4,0),(423,'صفحه کابینت','سامان ( 5069 )','53418028487',1,54,57,4,0),(424,'صفحه کابینت','بلوط آمریکایی ( 4525 )','84417028487',1,62,57,4,0),(425,'صفحه کابینت','طرح سنگ سفید ( 4206 )','97416024487',15,70,58,4,0),(426,'صفحه کابینت','طرح سنگ سفید ( 4206 )','97416014487',5,70,58,4,0),(427,'صفحه کابینت','سامان ( 5069 )','53416024487',7,54,58,4,0),(428,'صفحه کابینت','سامان ( 5069 )','53416014487',3,54,58,4,0),(429,'صفحه کابینت','سامان ( 5069 )','53306024487',8,54,58,4,0),(430,'صفحه کابینت','بلوط آمریکایی ( 4525 )','84306024487',3,62,58,4,0),(431,'صفحه کابینت','سفید براق ( 3103 )','32416024486',5,45,58,4,0),(432,'صفحه کابینت','امپریا مشکی ( 4416 )','42416024487',3,48,58,4,0),(433,'صفحه کابینت','طرح سنگ سفید ( 5657 )','87416024486',5,63,58,4,0),(434,'صفحه کابینت','امپریا سفید ( 4412 )','41416024487',3,47,58,4,0),(435,'صفحه کابینت','سامان ( 5069 )','53416024327',10,54,58,4,0),(436,'صفحه کابینت','سفید براق ( 3103 )','32416024326',5,45,58,4,0),(437,'صفحه کابینت','طرح سنگ سفید ( 5657 )','87416024326',5,63,58,4,0),(438,'صفحه کابینت','سامان ( 5069 )','53416024486',10,54,59,4,0),(439,'صفحه کابینت','سامان ( 5069 )','53306024486',20,54,59,4,0),(440,'صفحه کابینت','طرح سنگ سفید ( 4206 )','97306024487',16,70,59,4,0),(441,'صفحه کابینت','سامان ( 5069 )','53306014486',4,54,59,4,0),(442,'صفحه کابینت','طرح سنگ سفید ( 4206 )','97416024487',7,70,59,4,0),(443,'صفحه کابینت','طرح سنگ سفید ( 4206 )','97416014487',3,70,59,4,0),(484,'صفحه کابینت','کورین تیره ( 5416 )','48416024486',5,52,66,4,0),(485,'صفحه کابینت','طوسی ( 4409 )','40306024487',7,46,66,4,0),(451,'صفحه کابینت','سامان ( 5069 )','53306024486',20,54,61,4,0),(448,'صفحه کابینت','طرح سنگ سفید ( 5657 )','87416524486',2,63,60,4,0),(452,'صفحه کابینت','سامان ( 5069 )','53416024486',10,54,61,4,0),(453,'صفحه کابینت','امپریا سفید ( 4412 )','41416024487',7,47,61,4,0),(454,'صفحه کابینت','امپریا سفید ( 4412 )','41416014487',3,47,61,4,0),(455,'صفحه کابینت','سیروس ( 4090 )','92416024487',7,68,61,4,0),(456,'صفحه کابینت','سیروس ( 4090 )','92416014487',3,68,61,4,0),(457,'صفحه کابینت','بلوط آمریکایی ( 4525 )','84418024487',1,62,62,4,0),(458,'صفحه کابینت','طرح سنگ تیره براق ( 5658 )','82417028487',2,60,62,4,0),(459,'صفحه کابینت','بلوط آمریکایی ( 4525 )','84306024487',13,62,63,4,0),(460,'صفحه کابینت','بلوط آمریکایی ( 4525 )','84306014487',7,62,63,4,0),(461,'صفحه کابینت','سامان ( 5069 )','53416024487',50,54,63,4,0),(462,'صفحه کابینت','سامان ( 5069 )','53416014487',20,54,63,4,0),(463,'صفحه کابینت','سامان ( 5069 )','53306024487',35,54,63,4,0),(464,'صفحه کابینت','سامان ( 5069 )','53306014487',15,54,63,4,0),(465,'صفحه کابینت','سامان ( 5069 )','53306024327',30,54,63,4,0),(466,'صفحه کابینت','سفید براق ( 3103 )','32416024326',30,45,63,4,0),(467,'صفحه کابینت','بلوط آمریکایی ( 4525 )','84306024327',10,62,63,4,0),(468,'صفحه کابینت','سامان ( 5069 )','53416024327',10,54,63,4,0),(469,'صفحه کابینت','کورین تیره ( 5416 )','48416024486',15,52,63,4,0),(470,'صفحه کابینت','سفید براق ( 3103 )','32306024486',15,45,63,4,0),(471,'صفحه کابینت','سفید براق ( 3103 )','32416024486',30,45,64,4,0),(472,'صفحه کابینت','سامان ( 5069 )','53416024487',10,54,64,4,0),(473,'صفحه کابینت','سامان ( 5069 )','53416014487',5,54,64,4,0),(474,'صفحه کابینت','طرح سنگ سفید ( 4206 )','97416024487',18,70,64,4,0),(475,'صفحه کابینت','طرح سنگ سفید ( 4206 )','97416014487',7,70,64,4,0),(476,'صفحه کابینت','طرح سنگ سفید ( 5657 )','87416024486',20,63,64,4,0),(477,'صفحه کابینت','طرح سنگ سفید ( 5657 )','87416014486',10,63,64,4,0),(478,'صفحه کابینت','امپریا سفید ( 4412 )','41416024487',10,47,64,4,0),(479,'صفحه کابینت','سفید براق ( 3103 )','32416024326',20,45,64,4,0),(480,'صفحه کابینت','امپریا مشکی ( 4416 )','42416024487',5,48,64,4,0),(481,'های گلاس','سفید اکووان (301)','301160681',100,238,65,1,0),(482,'های گلاس','انیکس طلایی اکووان (348)','348160681',20,291,65,1,0),(483,'های گلاس','خاکستری تیره اکووان (362)','362160681',40,253,65,1,0),(486,'صفحه کابینت','طوسی ( 4409 )','40306014487',3,46,66,4,0),(487,'صفحه کابینت','طرح سنگ کرم ( 4207 )','50306024487',5,53,66,4,0),(488,'صفحه کابینت','لئون ( 4070 )','93306024487',5,69,66,4,0),(489,'صفحه کابینت','بلوط آمریکایی ( 4525 )','84306024487',5,62,66,4,0),(490,'صفحه کابینت','بلوط آمریکایی ( 4525 )','84306014487',5,62,66,4,0),(491,'صفحه کابینت','کوارتز تیره ( 4325 )','43416024486',7,49,66,4,0),(492,'صفحه کابینت','کوارتز تیره ( 4325 )','43416014486',3,49,66,4,0),(493,'صفحه کابینت','کورین تیره ( 5416 )','48306024486',5,52,66,4,0),(494,'صفحه کابینت','امپریا مشکی ( 4416 )','42306024487',5,48,66,4,0),(495,'صفحه کابینت','مشکی ( 3190 )','31416024487',5,44,66,4,0),(496,'صفحه کابینت','سیروس ( 4090 )','92416024487',5,68,66,4,0),(497,'صفحه کابینت','سیروس ( 4090 )','92416014487',2,68,66,4,0),(498,'صفحه کابینت','طرح سنگ طوسی کوارتز روشن (4327)','56416024486',10,308,66,4,0),(499,'صفحه کابینت','امپریا مشکی ( 4416 )','42416024487',17,48,67,4,0),(500,'صفحه کابینت','امپریا مشکی ( 4416 )','42416014487',7,48,67,4,0),(501,'صفحه کابینت','کورین تیره ( 5416 )','48416024486',24,52,67,4,0),(502,'صفحه کابینت','طرح سنگ طوسی تیره ( 4408 )','98416024487',17,71,67,4,0),(503,'صفحه کابینت','طرح سنگ طوسی تیره ( 4408 )','98416014487',7,71,67,4,0),(504,'های گلاس','سفید ( 6001 )','60011605851',60,36,68,1,0),(505,'های گلاس','متالیک آنتراسیت','3451605851',20,223,68,1,0),(506,'های گلاس','سفید اکریلدار ( 670 )','6701605851',60,207,68,1,0),(507,'های گلاس','اکرو کرم ( 590 )','5901605851',20,204,68,1,0),(508,'های گلاس','مشکی ( 6002 )','60021605851',20,37,68,1,0),(509,'صفحه کابینت','سامان ( 5069 )','53306024327',3,54,69,4,0),(510,'صفحه کابینت','لئون ( 4070 )','93306024327',4,69,69,4,0),(511,'صفحه کابینت','طرح سنگ سفید ( 4206 )','97416024327',3,70,69,4,0),(512,'صفحه کابینت','سفید براق ( 3103 )','32306024326',2,45,69,4,0),(513,'صفحه کابینت','سامان ( 5069 )','53416024327',5,54,69,4,0),(514,'صفحه کابینت','بلوط آمریکایی ( 4525 )','84306024327',5,62,69,4,0),(515,'صفحه کابینت','سامان ( 5069 )','53306024487',10,54,69,4,0),(516,'صفحه کابینت','طرح سنگ طوسی تیره ( 4408 )','98416024487',4,71,69,4,0),(517,'صفحه کابینت','طرح سنگ طوسی تیره ( 4408 )','98416014487',2,71,69,4,0),(518,'صفحه کابینت','امپریا سفید ( 4412 )','41416024487',10,47,69,4,0),(519,'صفحه کابینت','امپریا سفید ( 4412 )','41416014487',5,47,69,4,0),(520,'صفحه کابینت','طرح سنگ سفید ( 5657 )','87416024486',7,63,69,4,0),(521,'صفحه کابینت','طرح سنگ سفید ( 5657 )','87416014486',3,63,69,4,0),(522,'صفحه کابینت','نقره ای ( 5344 )','6416024487',4,1,69,4,0),(523,'صفحه کابینت','سفید براق ( 3103 )','32306024486',2,45,69,4,0),(524,'صفحه کابینت','طوسی ( 4409 )','40416024487',4,46,69,4,0),(525,'صفحه کابینت','طوسی ( 4409 )','40416014487',2,46,69,4,0),(526,'صفحه کابینت','کورین تیره ( 5416 )','48416024486',5,52,69,4,0),(527,'صفحه کابینت','سفید براق ( 3103 )','32416024486',15,45,69,4,0),(528,'صفحه کابینت','بلوط آمریکایی ( 4525 )','84416024487',4,62,69,4,0),(529,'صفحه کابینت','بلوط آمریکایی ( 4525 )','84416014487',2,62,69,4,0),(530,'صفحه کابینت','امپریا مشکی ( 4416 )','42416014487',3,48,69,4,0),(531,'صفحه کابینت','طرح سنگ سفید ( 4206 )','97416024487',5,70,69,4,0),(532,'صفحه کابینت','سفید براق ( 3103 )','32417528486',2,45,69,4,0),(533,'صفحه کابینت','سامان ( 5069 )','53307028487',2,54,69,4,0),(534,'صفحه کابینت','سامان ( 5069 )','53307528487',2,54,69,4,0),(535,'صفحه کابینت','طرح سنگ طوسی کوارتز روشن ( 4327 )','56416024486',4,55,69,4,0),(536,'صفحه کابینت','سیروس ( 4090 )','92416024487',5,68,69,4,0),(537,'صفحه کابینت','سیروس ( 4090 )','92416014487',3,68,69,4,0),(538,'های گلاس','اینکس طلائی ( 6060 )','60601605851',20,218,70,1,0),(539,'های گلاس','سفید اکریلدار ( 670 )','6701605851',40,207,70,1,0),(540,'های گلاس','سفید ( 6001 )','60011605851',20,36,70,1,0),(541,'های گلاس','سفید ( 6001 )','60011605851',40,36,71,1,0),(542,'های گلاس','خاکستری مات ( 635 )','6351605851',20,126,71,1,0),(543,'های گلاس','خاکستری تیره ( 636 )','6361605851',20,128,71,1,0),(544,'های گلاس','سفید اکریلدار ( 670 )','6701605851',40,207,71,1,0),(545,'های گلاس','سفید اکریلدار ( 670 )','6701605851',140,207,72,1,0),(546,'های گلاس','سفید ( 6001 )','60011605851',260,36,72,1,0),(547,'های گلاس','ماتریکس سفید ( 519 )','5191605851',20,189,72,1,0),(548,'های گلاس','سفید مات ( 634 )','6341605851',20,125,72,1,0),(549,'های گلاس','اینکس طلائی ( 6060 )','60601605851',20,218,72,1,0),(550,'های گلاس','متالیک آنتراسیت','3451605851',20,223,72,1,0),(551,'های گلاس','اکرو کرم ( 590 )','5901605851',20,204,72,1,0),(552,'های گلاس','گلکسی ( 640 )','6401605851',20,206,72,1,0),(553,'های گلاس','سفید zirve','160381',80,295,73,1,0),(554,'های گلاس','سفید مات zirve','160381',40,304,73,1,0),(555,'های گلاس','سفید ( 6001 )','60011605851',120,36,74,1,0),(556,'های گلاس','متالیک آنتراسیت','3451605851',40,223,74,1,0),(557,'های گلاس','سفید اکریلدار ( 670 )','6701605851',120,207,74,1,0),(558,'های گلاس','اکرو کرم ( 590 )','5901605851',40,204,74,1,0),(559,'های گلاس','کاپوچینو ( 623 )','6231605851',20,122,74,1,0),(560,'های گلاس','گلکسی ( 640 )','6401605851',20,206,74,1,0),(561,'های گلاس','بیانکو ( 647 )','6471605851',20,133,74,1,0),(562,'های گلاس','اینکس طلائی ( 6060 )','60601605851',20,218,74,1,0),(563,'های گلاس','اکروکرم اکووان (346)','346160681',20,288,75,1,0),(564,'های گلاس','مشکی اکریل دار اکووان (344)','344160681',20,284,75,1,0),(565,'های گلاس','سفید اکووان (301)','301160681',20,238,75,1,0),(566,'های گلاس','گلکسی ( 640 )','6401605851',20,206,76,1,0),(567,'های گلاس','متالیک دارک ( 679 )','6791605851',20,209,76,1,0),(568,'های گلاس','متالیک آنتراسیت','3451605851',20,223,76,1,0),(569,'های گلاس','مشکی اکریلدار ( 671 )','6711605851',20,208,76,1,0),(570,'های گلاس','سفید اکریلدار ( 670 )','6701605851',60,207,76,1,0),(571,'های گلاس','اکرو کرم ( 590 )','5901605851',20,204,76,1,0),(572,'های گلاس','اینکس طلائی ( 6060 )','60601605851',40,218,76,1,0),(573,'های گلاس','ارگون سویز ( 617 )','6171605851',20,192,76,1,0),(574,'های گلاس','سفید ( 6001 )','60011605851',40,36,76,1,0),(575,'های گلاس','کاپوچینو ( 623 )','6231605851',20,122,76,1,0),(576,'های گلاس','کرم تیره ( 6015 )','60151605851',20,156,76,1,0),(577,'های گلاس','متالیک براون ( 688 )','6881605851',20,210,76,1,0),(578,'های گلاس','ترا قهوه ( 653 )','6531605851',40,196,76,1,0),(579,'صفحه کابینت','طرح سنگ سفید ( 4206 )','974110028487',3,70,77,4,0),(580,'صفحه کابینت','سفید براق ( 3103 )','324110028486',1,45,77,4,0),(581,'صفحه کابینت','سفید براق ( 3103 )','32416024326',45,45,78,4,0),(582,'صفحه کابینت','سفید براق ( 3103 )','32416024486',45,45,78,4,0),(583,'صفحه کابینت','سامان ( 5069 )','53416024327',10,54,78,4,0),(584,'صفحه کابینت','طرح سنگ سفید ( 5657 )','87416024326',30,63,78,4,0),(585,'صفحه کابینت','لئون ( 4070 )','93416024327',8,69,78,4,0),(586,'صفحه کابینت','طرح سنگ کرم ( 4207 )','50416024487',6,53,78,4,0),(587,'صفحه کابینت','طرح سنگ کرم ( 4207 )','50416524487',2,53,78,4,0),(588,'صفحه کابینت','گردوئی ویکتوریا ( 4399 )','69416024327',6,59,78,4,0),(589,'صفحه کابینت','گردوئی ویکتوریا ( 4399 )','69416014327',4,59,78,4,0),(590,'صفحه کابینت','طرح سنگ سفید ( 5657 )','87416524486',5,63,78,4,0),(591,'صفحه کابینت','طرح فانتزی ( 5041 )','45306024326',3,50,79,4,0),(592,'صفحه کابینت','سامان ( 5069 )','53417528486',3,54,79,4,0),(593,'صفحه کابینت','سفید براق ( 3103 )','32416024326',10,45,79,4,0),(594,'صفحه کابینت','مشکی ( 3190 )','31306024487',3,44,79,4,0),(595,'صفحه کابینت','طرح سنگ سفید ( 4206 )','97416024487',7,70,79,4,0),(596,'صفحه کابینت','طرح سنگ سفید ( 4206 )','97416014487',3,70,79,4,0),(597,'صفحه کابینت','طرح سنگ سفید ( 4206 )','97419028487',2,70,79,4,0),(598,'صفحه کابینت','امپریا مشکی ( 4416 )','42416024487',5,48,79,4,0),(599,'صفحه کابینت','امپریا مشکی ( 4416 )','42416014487',2,48,79,4,0),(600,'صفحه کابینت','امپریا مشکی ( 4416 )','42419028487',1,48,79,4,0),(601,'صفحه کابینت','امپریا سفید ( 4412 )','41416024487',5,47,79,4,0),(602,'صفحه کابینت','امپریا سفید ( 4412 )','41416014487',2,47,79,4,0),(603,'صفحه کابینت','امپریا سفید ( 4412 )','41419028487',1,47,79,4,0),(604,'صفحه کابینت','طرح سنگ سفید ( 4206 )','97416024327',20,70,79,4,0),(605,'صفحه کابینت','لئون ( 4070 )','93416024487',2,69,79,4,0),(606,'صفحه کابینت','طرح سنگ سفید ( 4206 )','97419028487',1,70,80,4,0),(607,'صفحه کابینت','طرح سنگ سفید ( 4206 )','97416024487',2,70,80,4,0),(608,'های گلاس','خاکستری روشن اکووان (351)','351160681',20,252,81,1,0),(609,'های گلاس','انیکس نقره اکووان (349)','349160681',20,276,81,1,0),(610,'های گلاس','متالیک انتراسیت اکووان (345)','345160681',20,283,81,1,0),(611,'های گلاس','سفید مات اکووان ( 300 )','300160681',20,237,81,1,0),(612,'های گلاس','کاپوچینو اکووان (308)','308160681',20,243,81,1,0),(613,'های گلاس','اکروکرم اکووان (346)','346160681',20,288,81,1,0),(614,'های گلاس','گلکسی اکووان (343)','343160681',20,286,81,1,0),(615,'های گلاس','مشکی اکریل دار اکووان (344)','344160681',20,284,81,1,0),(616,'های گلاس','سفید اکریل دار اکووان (341)','341160681',160,285,81,1,0),(617,'های گلاس','سفید اکووان (301)','301160681',220,238,81,1,0),(618,'صفحه کابینت','سفید براق ( 3103 )','32416014326',5,45,82,4,0),(619,'صفحه کابینت','سفید براق ( 3103 )','32416024326',10,45,82,4,0),(620,'صفحه کابینت','سفید براق ( 3103 )','32416014486',10,45,82,4,0),(621,'صفحه کابینت','سفید براق ( 3103 )','32416024486',11,45,82,4,0),(622,'صفحه کابینت','سامان ( 5069 )','53416014327',5,54,82,4,0),(623,'صفحه کابینت','سامان ( 5069 )','53416024327',10,54,82,4,0),(624,'صفحه کابینت','سامان ( 5069 )','53416014487',10,54,82,4,0),(625,'صفحه کابینت','سامان ( 5069 )','53416024487',10,54,82,4,0),(626,'صفحه کابینت','کورین تیره ( 5416 )','48416014326',5,52,82,4,0),(627,'صفحه کابینت','کورین تیره ( 5416 )','48416024326',5,52,82,4,0),(628,'صفحه کابینت','کورین تیره ( 5416 )','48416014486',5,52,82,4,0),(629,'صفحه کابینت','کورین تیره ( 5416 )','48416024486',5,52,82,4,0),(630,'صفحه کابینت','طرح سنگ سفید ( 4206 )','97416024327',3,70,82,4,0),(631,'صفحه کابینت','سیروس ( 4090 )','92416024327',3,68,82,4,0),(632,'صفحه کابینت','طرح سنگ سفید ( 4206 )','97416024487',7,70,82,4,0),(633,'صفحه کابینت','طرح سنگ سفید ( 4206 )','97416014487',3,70,82,4,0),(634,'صفحه کابینت','امپریا مشکی ( 4416 )','42416024487',5,48,82,4,0),(635,'صفحه کابینت','امپریا مشکی ( 4416 )','42416014487',2,48,82,4,0),(636,'صفحه کابینت','سامان ( 5069 )','53418028487',2,54,82,4,0),(637,'های گلاس','بیانکو ( 647 )','6471605851',20,133,83,1,0),(638,'های گلاس','کاپوچینو ( 623 )','6231605851',20,122,83,1,0),(639,'های گلاس','آنتراسیت مات ( 508 )','5081605851',20,200,83,1,0),(640,'های گلاس','گلکسی ( 640 )','6401605851',20,206,83,1,0),(641,'های گلاس','سفید اکریلدار ( 670 )','6701605851',20,207,83,1,0),(642,'های گلاس','سفید ( 6001 )','60011605851',80,36,84,1,0),(643,'های گلاس','سفید مات ( 634 )','6341605851',20,125,84,1,0),(644,'صفحه کابینت','امپریا مشکی ( 4416 )','42419028487',1,48,85,4,0),(645,'صفحه کابینت','سفید براق ( 3103 )','32419028326',1,45,86,4,0),(646,'صفحه کابینت','امپریا مشکی ( 4416 )','424110028327',1,48,86,4,0),(647,'صفحه کابینت','کورین تیره ( 5416 )','48416014486',1,52,87,4,0),(648,'صفحه کابینت','کورین تیره ( 5416 )','48416024486',1,52,87,4,0),(649,'صفحه کابینت','سامان ( 5069 )','53416014487',20,54,87,4,0),(650,'صفحه کابینت','سامان ( 5069 )','53416024487',20,54,87,4,0),(651,'صفحه کابینت','امپریا مشکی ( 4416 )','42416024487',10,48,87,4,0),(652,'صفحه کابینت','سیروس ( 4090 )','92416014487',1,68,87,4,0),(653,'صفحه کابینت','طرح سنگ سفید ( 4206 )','97416014487',1,70,87,4,0),(654,'صفحه کابینت','امپریا سفید ( 4412 )','41416024487',5,47,87,4,0),(655,'صفحه کابینت','امپریا سفید ( 4412 )','41416014487',5,47,87,4,0),(656,'صفحه کابینت','سفید ( 3103 )','32416024326',1,45,88,4,0),(657,'صفحه کابینت','سفید ( 3103 )','32306024326',1,45,88,4,0),(658,'صفحه کابینت','سفید ( 3103 )','32416024486',2,45,88,4,0),(659,'صفحه کابینت','سامان ( 5069 )','53416524486',1,54,45,4,0),(660,'صفحه کابینت','سامان ( 5069 )','53416524486',1,54,89,4,0),(661,'صفحه کابینت','سفید ( 3103 )','32416524486',2,45,90,4,0),(662,'های گلاس','خاکستری تیره ( 636 )','6361605851',40,128,91,1,0),(663,'های گلاس','بیانکو ( 647 )','6471605851',40,133,91,1,0),(664,'های گلاس','خاکستری تیره براق (990)','9901605851',20,230,91,1,0),(665,'های گلاس','سفید مات ( 634 )','6341605851',20,125,91,1,0),(666,'های گلاس','کاپوچینو مات سافتاچ ( 732 )','7321605851',20,141,91,1,0),(667,'های گلاس','ترا قهوه ( 653 )','6531605851',20,196,91,1,0),(668,'های گلاس','ترا کرم ( 674 )','6741605851',20,197,91,1,0),(669,'های گلاس','مشکی اکریلدار ( 671 )','6711605851',20,208,91,1,0),(670,'های گلاس','سفید اکریلدار ( 670 )','6701605851',40,207,92,1,0),(671,'های گلاس','سفید مات ( 634 )','6341605851',40,125,92,1,0),(672,'های گلاس','انیکس ( 6040 )','60401605851',40,217,92,1,0),(673,'های گلاس','متالیک آنتراسیت','3451605851',20,223,92,1,0),(674,'های گلاس','سفید ( 6001 )','60011605851',40,36,92,1,0),(675,'صفحه کابینت','طرح سنگ سفید ( 4206 )','97417028487',1,70,93,4,0),(676,'صفحه کابینت','سفید ( 3103 )','32416024486',50,45,94,4,0),(677,'صفحه کابینت','سفید ( 3103 )','32416014486',20,45,94,4,0),(678,'صفحه کابینت','طرح سنگ سفید ( 5657 )','87416024486',35,63,94,4,0),(679,'صفحه کابینت','طرح سنگ سفید ( 5657 )','87416014486',15,63,94,4,0),(680,'صفحه کابینت','طرح سنگ سفید ( 4206 )','97416024487',20,70,94,4,0),(681,'صفحه کابینت','طرح سنگ سفید ( 4206 )','97416014487',20,70,94,4,0),(682,'صفحه کابینت','طرح سنگ کرم ( 4207 )','50416024487',10,53,94,4,0),(683,'صفحه کابینت','طرح سنگ طوسی تیره ( 4408 )','98416024487',6,71,94,4,0),(684,'صفحه کابینت','طرح سنگ طوسی تیره ( 4408 )','98416014487',4,71,94,4,0),(685,'صفحه کابینت','طرح سنگ طوسی تیره ( 4408 )','98306024487',6,71,94,4,0),(686,'صفحه کابینت','طرح سنگ طوسی تیره ( 4408 )','98306014487',4,71,94,4,0),(687,'صفحه کابینت','طرح سنگ طوسی روشن ( 4410 )','99306024487',4,72,94,4,0),(688,'صفحه کابینت','طرح سنگ طوسی روشن ( 4410 )','99306014487',3,72,94,4,0),(689,'صفحه کابینت','امپریا سفید ( 4412 )','41416024487',6,47,94,4,0),(690,'صفحه کابینت','امپریا سفید ( 4412 )','41416014487',4,47,94,4,0),(691,'صفحه کابینت','امپریا مشکی ( 4416 )','42416024487',6,48,94,4,0),(692,'صفحه کابینت','امپریا مشکی ( 4416 )','42416014487',4,48,94,4,0),(693,'صفحه کابینت','بلوط آمریکایی ( 4525 )','84306024487',5,62,94,4,0),(694,'صفحه کابینت','بلوط آمریکایی ( 4525 )','84306014487',5,62,94,4,0),(695,'صفحه کابینت','نقره ای ( 5344 )','6416024487',5,1,94,4,0),(696,'صفحه کابینت','امپریا مشکی طلایی ( 4215 )','33416024487',6,229,94,4,0),(697,'صفحه کابینت','امپریا مشکی طلایی ( 4215 )','33416014487',4,229,94,4,0),(698,'های گلاس','متالیک آنتراسیت','3451605851',20,223,95,1,0),(699,'های گلاس','سفید اکریلدار ( 670 )','6701605851',20,207,95,1,0),(700,'های گلاس','سفید ( 6001 )','60011605851',60,36,95,1,0),(701,'صفحه کابینت','سفید ( 3103 )','32416524486',6,45,96,4,0),(702,'صفحه کابینت','سفید ( 3103 )','32417028486',5,45,96,4,0),(703,'صفحه کابینت','سفید ( 3103 )','32419028486',4,45,96,4,0),(704,'صفحه کابینت','سفید ( 3103 )','324110028486',1,45,96,4,0),(705,'صفحه کابینت','سامان ( 5069 )','53416524487',5,54,96,4,0),(706,'صفحه کابینت','سامان ( 5069 )','534110028487',2,54,96,4,0),(707,'صفحه کابینت','کورین تیره ( 5416 )','48416524486',5,52,96,4,0),(708,'صفحه کابینت','کورین تیره ( 5416 )','48418028486',2,52,96,4,0),(709,'صفحه کابینت','کورین تیره ( 5416 )','48419028486',3,52,96,4,0),(710,'صفحه کابینت','ورسیلیا ( 4225 )','34416524487',4,235,96,4,0),(711,'صفحه کابینت','ورسیلیا ( 4225 )','34417028487',3,235,96,4,0),(712,'صفحه کابینت','ورسیلیا ( 4225 )','34418028487',2,235,96,4,0),(713,'صفحه کابینت','ورسیلیا ( 4225 )','34419028487',4,235,96,4,0),(714,'صفحه کابینت','ورسیلیا ( 4225 )','344110028487',2,235,96,4,0),(715,'صفحه کابینت','طرح سنگ سفید ( 4206 )','97416524487',4,70,96,4,0),(716,'صفحه کابینت','طرح سنگ سفید ( 4206 )','97417028487',3,70,96,4,0),(717,'صفحه کابینت','طرح سنگ سفید ( 4206 )','97418028487',3,70,96,4,0),(718,'صفحه کابینت','طرح سنگ سفید ( 4206 )','97419028487',4,70,96,4,0),(719,'صفحه کابینت','امپریا سفید ( 4412 )','41416524487',3,47,96,4,0),(720,'صفحه کابینت','امپریا سفید ( 4412 )','41417028487',2,47,96,4,0),(721,'صفحه کابینت','امپریا سفید ( 4412 )','41418028487',2,47,96,4,0),(722,'صفحه کابینت','امپریا سفید ( 4412 )','41419028487',2,47,96,4,0),(723,'صفحه کابینت','امپریا مشکی ( 4416 )','42416524487',2,48,96,4,0),(724,'صفحه کابینت','امپریا مشکی ( 4416 )','42417028487',2,48,96,4,0),(725,'صفحه کابینت','امپریا مشکی ( 4416 )','42418028487',2,48,96,4,0),(726,'صفحه کابینت','امپریا مشکی ( 4416 )','42419028487',2,48,96,4,0),(727,'صفحه کابینت','بلوط آمریکایی ( 4525 )','84419028487',2,62,96,4,0),(728,'صفحه کابینت','بلوط آمریکایی ( 4525 )','84306524487',2,62,96,4,0),(729,'صفحه کابینت','بلوط آمریکایی ( 4525 )','84309028487',2,62,96,4,0),(730,'های گلاس','سفید اکریلدار ( 670 )','6701605851',60,207,97,1,0),(731,'های گلاس','گلکسی ( 640 )','6401605851',40,206,97,1,0),(732,'های گلاس','سفید اکریلدار ( 670 )','6701605851',100,207,98,1,0),(733,'های گلاس','سفید ( 6001 )','60011605851',120,36,98,1,0),(734,'های گلاس','انیکس طلائی ( 6060 )','60601605851',80,218,98,1,0),(735,'های گلاس','اکرو کرم ( 590 )','5901605851',60,204,98,1,0),(736,'های گلاس','گلکسی ( 640 )','6401605851',80,206,98,1,0),(737,'های گلاس','متالیک دارک ( 679 )','6791605851',20,209,98,1,0),(738,'های گلاس','کرم تیره ( 6015 )','60151605851',20,156,98,1,0),(739,'های گلاس','بیانکو ( 647 )','6471605851',40,133,98,1,0),(740,'های گلاس','متالیک آنتراسیت','3451605851',20,223,98,1,0),(741,'صفحه کابینت','کورین تیره ( 5416 )','48306024326',7,52,99,4,0),(742,'صفحه کابینت','طرح سنگ طوسی تیره ( 4408 )','98416024327',15,71,99,4,0),(743,'صفحه کابینت','کورین تیره ( 5416 )','48416024326',5,52,99,4,0),(744,'صفحه کابینت','سفید ( 3103 )','32306024486',10,45,99,4,0),(745,'صفحه کابینت','کورین تیره ( 5416 )','48306024486',5,52,99,4,0),(746,'صفحه کابینت','امپریا مشکی ( 4416 )','42416024487',15,48,99,4,0),(747,'صفحه کابینت','امپریا مشکی ( 4416 )','42416014487',5,48,99,4,0),(748,'صفحه کابینت','سفید ( 3103 )','32416024486',20,45,99,4,0),(749,'صفحه کابینت','سفید ( 3103 )','32416014486',10,45,99,4,0),(750,'صفحه کابینت','کورین تیره ( 5416 )','48416024486',7,52,99,4,0),(751,'صفحه کابینت','سفید ( 3103 )','32307028486',2,45,100,4,0),(752,'صفحه کابینت','سفید ( 3103 )','32416024326',10,45,101,4,0),(753,'صفحه کابینت','لئون ( 4070 )','93306024327',5,69,101,4,0),(754,'صفحه کابینت','سفید ( 3103 )','32416024486',20,45,101,4,0),(755,'صفحه کابینت','کورین تیره ( 5416 )','48306024486',5,52,101,4,0),(756,'صفحه کابینت','امپریا سفید ( 4412 )','41306024487',5,47,101,4,0),(757,'صفحه کابینت','امپریا سفید ( 4412 )','41416024487',15,47,101,4,0),(758,'صفحه کابینت','امپریا سفید ( 4412 )','41416014487',5,47,101,4,0),(759,'صفحه کابینت','طرح سنگ کرم ( 4207 )','50306024487',10,53,101,4,0),(760,'صفحه کابینت','سامان ( 5069 )','53306014487',5,54,101,4,0),(761,'صفحه کابینت','امپریا مشکی ( 4416 )','42416024487',7,48,101,4,0),(762,'صفحه کابینت','امپریا مشکی ( 4416 )','42416014487',3,48,101,4,0),(763,'صفحه کابینت','طرح سنگ سفید ( 4206 )','97416024487',15,70,101,4,0),(764,'صفحه کابینت','طرح سنگ سفید ( 4206 )','97416014487',7,70,101,4,0),(765,'صفحه کابینت','سامان ( 5069 )','53416024487',15,54,101,4,0),(766,'صفحه کابینت','سامان ( 5069 )','53416014487',5,54,101,4,0),(767,'صفحه کابینت','طرح سنگ سفید ( 5657 )','87416024486',7,63,101,4,0),(768,'صفحه کابینت','طرح سنگ سفید ( 5657 )','87416014486',3,63,101,4,0),(769,'صفحه کابینت','بلوط آمریکایی ( 4525 )','84306024487',5,62,101,4,0),(770,'صفحه کابینت','بلوط آمریکایی ( 4525 )','84306014487',3,62,101,4,0),(771,'صفحه کابینت','لئون ( 4070 )','93306024487',5,69,101,4,0),(772,'صفحه کابینت','لئون ( 4070 )','93306014487',3,69,101,4,0),(773,'صفحه کابینت','طرح سنگ طوسی روشن ( 4410 )','99416024487',5,72,101,4,0),(774,'صفحه کابینت','طرح سنگ طوسی روشن ( 4410 )','99416014487',3,72,101,4,0),(775,'صفحه کابینت','نقره ای ( 5344 )','6416024487',5,1,101,4,0),(776,'صفحه کابینت','طرح سنگ سفید ( 4206 )','97306024487',7,70,101,4,0),(777,'صفحه کابینت','امپریا مشکی طلایی ( 4215 )','33416024487',5,229,101,4,0),(778,'صفحه کابینت','سفید ( 3103 )','32416024486',10,45,102,4,0),(779,'های گلاس','سفید اکریلدار ( 670 )','6701605851',100,207,103,1,0),(780,'های گلاس','سفید ( 6001 )','60011605851',160,36,103,1,0),(781,'های گلاس','انیکس طلائی ( 6060 )','60601605851',40,218,103,1,0),(782,'های گلاس','اکرو کرم ( 590 )','5901605851',40,204,103,1,0),(783,'های گلاس','کرم روشن (6005)','60051605851',40,232,103,1,0),(784,'های گلاس','بیانکو ( 647 )','6471605851',40,133,103,1,0),(785,'های گلاس','گلکسی ( 640 )','6401605851',20,206,103,1,0),(786,'های گلاس','متالیک دارک ( 679 )','6791605851',20,209,103,1,0),(787,'های گلاس','ترا قهوه ( 653 )','6531605851',20,196,103,1,0),(788,'های گلاس','مشکی ( 6002 )','60021605851',20,37,103,1,0),(789,'های گلاس','خاکستری روشن مات ( 626 )','6261605851',20,123,103,1,0),(790,'های گلاس','خاکستری تیره ( 636 )','6361605851',20,128,103,1,0),(791,'های گلاس','سفید اکووان (301)','301160681',40,238,104,1,0),(792,'های گلاس','مشکی اکووان (302)','302160681',20,239,104,1,0),(793,'های گلاس','سفید اکریل دار اکووان (341)','341160681',20,285,104,1,0),(794,'های گلاس','انیکس طلایی اکووان (348)','348160681',20,291,104,1,0),(795,'صفحه کابینت','طرح سنگ طوسی تیره ( 4408 )','98416024487',5,71,105,4,0),(796,'صفحه کابینت','طرح سنگ سفید ( 4206 )','97416024487',5,70,105,4,0),(797,'صفحه کابینت','طرح سنگ سفید ( 4206 )','97416014487',3,70,105,4,0),(798,'صفحه کابینت','طرح سنگ سفید ( 5657 )','87416024486',5,63,105,4,0),(799,'صفحه کابینت','طرح سنگ سفید ( 5657 )','87416014486',3,63,105,4,0),(800,'صفحه کابینت','سامان ( 5069 )','53416024487',5,54,105,4,0),(801,'صفحه کابینت','سامان ( 5069 )','53416014487',3,54,105,4,0),(802,'صفحه کابینت','سامان ( 5069 )','53306024487',5,54,105,4,0),(803,'صفحه کابینت','سامان ( 5069 )','53306024327',5,54,105,4,0),(804,'صفحه کابینت','امپریا مشکی ( 4416 )','42416024487',15,48,106,4,0),(805,'صفحه کابینت','امپریا مشکی ( 4416 )','42416014487',5,48,106,4,0),(806,'صفحه کابینت','امپریا سفید ( 4412 )','41416024487',15,47,106,4,0),(807,'صفحه کابینت','امپریا سفید ( 4412 )','41416014487',5,47,106,4,0),(808,'صفحه کابینت','لئون ( 4070 )','93306024487',5,69,106,4,0),(809,'صفحه کابینت','طرح سنگ سفید ( 4206 )','97416024487',15,70,106,4,0),(810,'صفحه کابینت','طرح سنگ سفید ( 4206 )','97416014487',5,70,106,4,0),(811,'صفحه کابینت','طرح سنگ تیره براق ( 5658 )','82416024487',10,60,106,4,0),(812,'صفحه کابینت','طرح سنگ تیره براق ( 5658 )','82416014487',5,60,106,4,0),(813,'صفحه کابینت','طرح سنگ تیره براق ( 5658 )','82416014327',1,60,106,4,0),(814,'صفحه کابینت','سامان ( 5069 )','53306024326',10,54,106,4,0),(815,'صفحه کابینت','سامان ( 5069 )','53306014326',3,54,106,4,0),(816,'صفحه کابینت','سامان ( 5069 )','53416024326',20,54,106,4,0),(817,'صفحه کابینت','سامان ( 5069 )','53416014326',2,54,106,4,0),(818,'صفحه کابینت','طرح سنگ سفید ( 5657 )','87416024486',10,63,106,4,0),(819,'صفحه کابینت','طرح سنگ سفید ( 5657 )','87416014486',5,63,106,4,0),(820,'صفحه کابینت','امپریا مشکی ( 4416 )','42416524487',4,48,106,4,0),(821,'صفحه کابینت','امپریا مشکی ( 4416 )','42418028487',2,48,106,4,0),(822,'صفحه کابینت','امپریا سفید ( 4412 )','41416524487',4,47,106,4,0),(823,'صفحه کابینت','امپریا سفید ( 4412 )','41418028487',3,47,106,4,0),(824,'صفحه کابینت','سامان ( 5069 )','53306024486',15,54,106,4,0),(825,'صفحه کابینت','سامان ( 5069 )','53306014486',10,54,106,4,0),(826,'صفحه کابینت','سامان ( 5069 )','53416024486',30,54,106,4,0),(827,'صفحه کابینت','سامان ( 5069 )','53416014486',10,54,106,4,0),(828,'صفحه کابینت','بلوط آمریکایی ( 4525 )','84416024487',15,62,106,4,0),(829,'صفحه کابینت','بلوط آمریکایی ( 4525 )','84416014487',5,62,106,4,0),(830,'صفحه کابینت','سفید ( 3103 )','32416024486',15,45,106,4,0),(831,'صفحه کابینت','سفید ( 3103 )','32416524486',4,45,106,4,0),(832,'صفحه کابینت','طوسی ( 4409 )','40416024487',10,46,106,4,0),(833,'صفحه کابینت','طوسی ( 4409 )','40416014487',5,46,106,4,0),(834,'صفحه کابینت','طرح سنگ کرم ( 4207 )','50306024487',7,53,106,4,0),(835,'صفحه کابینت','طرح سنگ کرم ( 4207 )','50306014487',3,53,106,4,0),(836,'صفحه کابینت','سیروس ( 4090 )','92416024487',13,68,106,4,0),(837,'صفحه کابینت','سیروس ( 4090 )','92416014487',7,68,106,4,0),(838,'صفحه کابینت','طرح سنگ طوسی تیره ( 4408 )','98416024487',7,71,106,4,0),(839,'صفحه کابینت','طرح سنگ طوسی تیره ( 4408 )','98416014487',3,71,106,4,0),(840,'صفحه کابینت','سفید ( 3103 )','32306024486',10,45,106,4,0),(841,'صفحه کابینت','طرح سنگ سفید ( 4206 )','97416024327',5,70,106,4,0),(842,'صفحه کابینت','سفید ( 3103 )','32306524486',3,45,106,4,0),(843,'صفحه کابینت','طرح سنگ طوسی کوارتز روشن (4327)','56416524486',2,308,106,4,0),(844,'صفحه کابینت','گردوئی ویکتوریا ( 4399 )','69306014327',3,59,106,4,0),(845,'صفحه کابینت','بلوط آمریکایی ( 4525 )','84416014327',1,62,106,4,0),(846,'صفحه کابینت','بلوط آمریکایی ( 4525 )','84306014487',3,62,106,4,0),(847,'صفحه کابینت','مشکی ( 3190 )','31416014487',2,44,106,4,0),(848,'صفحه کابینت','گردوئی ویکتوریا ( 4399 )','69306024486',1,59,106,4,0),(849,'صفحه کابینت','سفید ( 3103 )','32306024327',1,45,106,4,0),(851,'های گلاس','خاکستری مات ( 635 )','6351605851',20,126,108,1,0),(852,'های گلاس','خاکستری تیره ( 636 )','6361605851',40,128,108,1,0),(853,'های گلاس','سفید ( 6001 )','60011605851',40,36,108,1,0),(854,'های گلاس','سفید ( 6001 )','60011605851',40,36,109,1,0),(855,'های گلاس','سفید اکریلدار ( 670 )','6701605851',40,207,109,1,0),(856,'های گلاس','گلکسی ( 640 )','6401605851',20,206,109,1,0),(857,'های گلاس','سفید اکووان (301)','301160681',100,238,110,1,0),(858,'های گلاس','انیکس نقره اکووان (349)','349160681',20,276,110,1,0),(859,'های گلاس','خاکستری تیره اکووان (362)','362160681',20,253,110,1,0),(860,'های گلاس','سفید اکریل دار اکووان (341)','341160681',80,285,110,1,0),(861,'های گلاس','متالیک انتراسیت اکووان (345)','345160681',40,283,110,1,0),(862,'های گلاس','اکروقهوه اکووان (342)','342160681',20,289,110,1,0),(863,'های گلاس','سبز آبی اکووان (310)','310160681',20,244,110,1,0),(864,'های گلاس','میلانو سویز اکووان (315)','315160681',20,257,110,1,0),(865,'های گلاس','بیانکو اکووان (311)','311160681',20,245,110,1,0),(866,'های گلاس','اروپاتیک اکووان (320)','320160681',20,262,110,1,0),(867,'های گلاس','گلکسی اکووان (343)','343160681',20,286,110,1,0),(868,'صفحه کابینت','سفید متالیک ( 4030 )','88416024487',4,64,111,4,0),(869,'صفحه کابینت','سفید متالیک ( 4030 )','88416014487',3,64,111,4,0),(870,'صفحه کابینت','سامان ( 5069 )','53416024487',8,54,111,4,0),(871,'صفحه کابینت','سفید ( 3103 )','32306024486',4,45,111,4,0),(872,'صفحه کابینت','سیروس ( 4090 )','92306024487',13,68,111,4,0),(873,'صفحه کابینت','سیروس ( 4090 )','92306014487',7,68,111,4,0),(874,'صفحه کابینت','بلوط آمریکایی ( 4525 )','84416024487',3,62,111,4,0),(875,'صفحه کابینت','بلوط آمریکایی ( 4525 )','84416014487',3,62,111,4,0),(876,'صفحه کابینت','بلوط آمریکایی ( 4525 )','84306024487',3,62,111,4,0),(877,'صفحه کابینت','بلوط آمریکایی ( 4525 )','84306014487',3,62,111,4,0),(878,'صفحه کابینت','مشکی ( 3190 )','31416024487',3,44,111,4,0),(879,'صفحه کابینت','سفید ( 3103 )','32416024486',20,45,111,4,0),(880,'صفحه کابینت','سفید ( 3103 )','32416014486',5,45,111,4,0),(881,'صفحه کابینت','سامان ( 5069 )','53416524487',8,54,111,4,0),(882,'صفحه کابینت','سفید ( 3103 )','32416524486',8,45,111,4,0),(883,'صفحه کابینت','سیروس ( 4090 )','92306524487',8,68,111,4,0),(884,'صفحه کابینت','سیروس ( 4090 )','92416524487',5,68,111,4,0),(885,'صفحه کابینت','بلوط آمریکایی ( 4525 )','84416024487',7,62,112,4,0),(886,'صفحه کابینت','بلوط آمریکایی ( 4525 )','84416014487',3,62,112,4,0),(887,'صفحه کابینت','امپریا مشکی ( 4416 )','42416024487',15,48,112,4,0),(888,'صفحه کابینت','امپریا مشکی ( 4416 )','42416014487',5,48,112,4,0),(889,'صفحه کابینت','نقره ای ( 5344 )','6416024327',10,1,112,4,0),(890,'صفحه کابینت','نقره ای ( 5344 )','6416014327',1,1,112,4,0),(891,'صفحه کابینت','مشکی ( 3190 )','31416024327',10,44,112,4,0),(892,'صفحه کابینت','طرح سنگ کرم ( 4207 )','50306024487',7,53,112,4,0),(893,'صفحه کابینت','طرح سنگ کرم ( 4207 )','50306014487',3,53,112,4,0),(894,'صفحه کابینت','سفید ( 3103 )','32416024486',40,45,112,4,0),(895,'صفحه کابینت','سامان ( 5069 )','53306024327',7,54,112,4,0),(896,'صفحه کابینت','سامان ( 5069 )','53306014327',3,54,112,4,0),(897,'صفحه کابینت','سفید ( 3103 )','32416024487',20,45,113,4,0),(898,'صفحه کابینت','سفید ( 3103 )','32416014487',10,45,113,4,0),(899,'صفحه کابینت','طرح سنگ سفید ( 4206 )','97416024487',7,70,113,4,0),(900,'صفحه کابینت','طرح سنگ سفید ( 4206 )','97416014487',3,70,113,4,0),(901,'صفحه کابینت','سامان ( 5069 )','53417028487',2,54,113,4,0),(902,'صفحه کابینت','طرح سنگ سفید ( 4206 )','97416524487',5,70,113,4,0),(903,'صفحه کابینت','طرح سنگ سفید ( 4206 )','97417028487',2,70,113,4,0),(904,'صفحه کابینت','طوسی ( 4409 )','40416024487',6,46,113,4,0),(905,'صفحه کابینت','طوسی ( 4409 )','40416014487',4,46,113,4,0),(906,'صفحه کابینت','طوسی ( 4409 )','40416524487',5,46,113,4,0),(907,'صفحه کابینت','بلوط آمریکایی ( 4525 )','84416024487',5,62,113,4,0),(908,'صفحه کابینت','بلوط آمریکایی ( 4525 )','84416524487',2,62,113,4,0),(909,'صفحه کابینت','طوسی ( 4409 )','40417028487',2,46,113,4,0),(910,'صفحه کابینت','بلوط آمریکایی ( 4525 )','84417028487',2,62,113,4,0),(911,'های گلاس','سفید ( 6001 )','60011605851',100,36,114,1,0),(912,'های گلاس','سفید اکریلدار ( 670 )','6701605851',100,207,114,1,0),(913,'های گلاس','بیانکو ( 647 )','6471605851',40,133,114,1,0),(914,'های گلاس','انیکس طلائی ( 6060 )','60601605851',40,218,114,1,0),(915,'های گلاس','خاکستری تیره ( 636 )','6361605851',40,128,114,1,0),(916,'های گلاس','خاکستری روشن مات ( 626 )','6261605851',40,123,114,1,0),(917,'های گلاس','گلکسی ( 640 )','6401605851',20,206,114,1,0),(918,'های گلاس','اکرو کرم ( 590 )','5901605851',20,204,114,1,0),(919,'صفحه کابینت','سفید ( 3103 )','32416024486',10,45,115,4,0),(920,'صفحه کابینت','سفید ( 3103 )','32416014486',5,45,115,4,0),(921,'صفحه کابینت','بلوط آمریکایی ( 4525 )','84416024487',4,62,115,4,0),(922,'صفحه کابینت','بلوط آمریکایی ( 4525 )','84416014487',3,62,115,4,0),(923,'صفحه کابینت','طرح سنگ سفید ( 4206 )','97416024487',7,70,115,4,0),(924,'صفحه کابینت','طرح سنگ سفید ( 4206 )','97416014487',3,70,115,4,0),(925,'صفحه کابینت','امپریا مشکی ( 4416 )','42416024487',13,48,115,4,0),(926,'صفحه کابینت','امپریا مشکی ( 4416 )','42416014487',7,48,115,4,0),(927,'صفحه کابینت','طرح سنگ سفید ( 5657 )','87416024486',5,63,115,4,0),(928,'صفحه کابینت','طرح سنگ سفید ( 5657 )','87416014486',3,63,115,4,0),(929,'صفحه کابینت','سفید ( 3103 )','32416024326',70,45,116,4,0),(930,'صفحه کابینت','سفید ( 3103 )','32416024326',20,45,117,4,0),(931,'صفحه کابینت','سفید ( 3103 )','32416024486',21,45,117,4,0),(932,'صفحه کابینت','سامان ( 5069 )','53306024326',10,54,117,4,0),(933,'صفحه کابینت','سامان ( 5069 )','53306024486',7,54,117,4,0),(934,'صفحه کابینت','سامان ( 5069 )','53306014486',3,54,117,4,0),(935,'صفحه کابینت','سامان ( 5069 )','53416024326',20,54,117,4,0),(936,'صفحه کابینت','سامان ( 5069 )','53416024486',15,54,117,4,0),(937,'صفحه کابینت','سامان ( 5069 )','53416014486',5,54,117,4,0),(938,'صفحه کابینت','طرح سنگ سفید ( 4206 )','97416024487',15,70,117,4,0),(939,'صفحه کابینت','طرح سنگ سفید ( 4206 )','97416014487',5,70,117,4,0),(940,'صفحه کابینت','کرم ( 1039 )','60416024486',5,56,117,4,0),(941,'صفحه کابینت','آنتیک لایت ( 3092 )','13306024327',5,42,117,4,0),(942,'صفحه کابینت','آنتیک جویز ( 3093 )','12306024327',5,41,117,4,0),(943,'صفحه کابینت','گردوئی ویکتوریا ( 4399 )','69306014327',5,59,117,4,0),(944,'صفحه کابینت','طرح سنگ طوسی تیره ( 4408 )','98416024487',7,71,117,4,0),(945,'صفحه کابینت','طرح سنگ طوسی تیره ( 4408 )','98416014487',3,71,117,4,0),(946,'های گلاس','تراکرم اکووان 325)','674160681',10,264,118,1,0),(947,'های گلاس','مشکی اکووان (302)','6002160681',40,239,118,1,0),(948,'های گلاس','سفید مات اکووان ( 300 )','634160681',60,237,118,1,0),(949,'های گلاس','سبز آبی اکووان (310)','310160681',10,244,118,1,0),(950,'های گلاس','سدیر اکووان (317)','317160681',10,259,118,1,0),(951,'های گلاس','انیکس نقره اکووان (349)','349160681',20,276,118,1,0),(952,'های گلاس','خاکستری یخی اکووان (387)','387160681',20,292,118,1,0),(953,'های گلاس','کاپوچینو اکووان (308)','308160681',20,243,118,1,0),(954,'های گلاس','سفید اکووان (301)','301160681',40,238,118,1,0),(955,'های گلاس','خاکستری تیره اکووان (362)','362160681',40,253,118,1,0),(956,'های گلاس','گلکسی اکووان (343)','343160681',20,286,118,1,0),(957,'های گلاس','متالیک دارک اکووان (347)','347160681',20,287,118,1,0),(958,'های گلاس','آجری سوپر مات اکووان (371)','371160681',10,293,118,1,0),(959,'های گلاس','انتراسیت مات اکووان (374)','374160681',40,294,118,1,0),(960,'های گلاس','خاکستری مات اکووان (365)','365160681',20,309,118,1,0),(961,'های گلاس','گلکسی مات بژ روشن اکووان (375)','375160681',20,310,118,1,0),(962,'صفحه کابینت','طرح سنگ کرم ( 4207 )','50416024487',5,53,107,4,0),(963,'های گلاس','خاکستری تیره zirve','1605851',10,305,119,1,0),(964,'صفحه کابینت','طرح سنگ سفید ( 4206 )','97417528487',1,70,120,4,0),(965,'صفحه کابینت','طرح سنگ سفید ( 4206 )','97416024487',4,70,120,4,0),(966,'صفحه کابینت','طرح سنگ سفید ( 4206 )','97416014487',2,70,120,4,0),(967,'صفحه کابینت','طرح سنگ سفید ( 5657 )','87416524486',10,63,120,4,0),(968,'صفحه کابینت','طرح سنگ سفید ( 5657 )','87416024486',10,63,120,4,0),(969,'صفحه کابینت','طرح سنگ سفید ( 5657 )','87416014486',5,63,120,4,0),(970,'صفحه کابینت','سفید ( 3103 )','32416024487',20,45,121,4,0),(971,'صفحه کابینت','سامان ( 5069 )','53416024487',35,54,121,4,0),(972,'صفحه کابینت','سامان ( 5069 )','53416024327',20,54,121,4,0),(973,'صفحه کابینت','امپریا مشکی ( 4416 )','42416024487',5,48,121,4,0),(974,'صفحه کابینت','طرح سنگ سفید ( 4206 )','97416024487',20,70,121,4,0),(975,'صفحه کابینت','طرح سنگ سفید ( 4206 )','97416014487',10,70,121,4,0),(976,'صفحه کابینت','طرح سنگ سفید ( 5657 )','87416024486',10,63,121,4,0),(977,'صفحه کابینت','طرح سنگ سفید ( 5657 )','87416014486',5,63,121,4,0),(978,'صفحه کابینت','امپریا سفید ( 4412 )','41416024487',10,47,121,4,0),(979,'صفحه کابینت','امپریا مشکی ( 4416 )','424111028487',1,48,121,4,0),(980,'صفحه کابینت','امپریا مشکی ( 4416 )','42419028487',1,48,122,4,0),(981,'صفحه کابینت','سامان ( 5069 )','53308028486',1,54,122,4,0),(982,'صفحه کابینت','طرح سنگ سفید ( 4206 )','97416028487',30,70,123,4,0),(983,'صفحه کابینت','طرح سنگ سفید ( 4206 )','97416014487',10,70,123,4,0),(984,'صفحه کابینت','طرح سنگ تیره براق ( 5658 )','82416024487',7,60,123,4,0),(985,'صفحه کابینت','طرح سنگ تیره براق ( 5658 )','82416014487',3,60,123,4,0),(986,'صفحه کابینت','طرح سنگ سفید ( 5657 )','87416024486',30,63,123,4,0),(987,'صفحه کابینت','طرح سنگ سفید ( 5657 )','87416014486',10,63,123,4,0),(988,'صفحه کابینت','امپریا سفید ( 4412 )','41416024487',35,47,123,4,0),(989,'صفحه کابینت','امپریا سفید ( 4412 )','41416014487',5,47,123,4,0),(990,'صفحه کابینت','امپریا مشکی ( 4416 )','42416024487',30,48,123,4,0),(991,'صفحه کابینت','امپریا مشکی ( 4416 )','42416014487',10,48,123,4,0),(992,'صفحه کابینت','طرح سنگ سفید ( 4206 )','97306024487',30,70,123,4,0),(993,'صفحه کابینت','طرح سنگ سفید ( 4206 )','97306014487',10,70,123,4,0),(994,'صفحه کابینت','امپریا مشکی ( 4416 )','42306024487',7,48,123,4,0),(995,'صفحه کابینت','امپریا مشکی ( 4416 )','42306014487',3,48,123,4,0),(996,'صفحه کابینت','بلوط آمریکایی ( 4525 )','84306024487',25,62,123,4,0),(997,'صفحه کابینت','بلوط آمریکایی ( 4525 )','84306014487',15,62,123,4,0),(998,'صفحه کابینت','سفید ( 3103 )','32306024486',10,45,123,4,0),(999,'صفحه کابینت','سفید ( 3103 )','32306024326',10,45,123,4,0),(1000,'صفحه کابینت','طرح سنگ سفید ( 4206 )','97306024327',10,70,123,4,0),(1001,'صفحه کابینت','طرح سنگ سفید ( 4206 )','97417528487',2,70,123,4,0),(1002,'صفحه کابینت','طرح سنگ سفید ( 5657 )','87417528486',2,63,123,4,0),(1003,'صفحه کابینت','طرح سنگ سفید ( 4206 )','97419028487',2,70,123,4,0),(1004,'صفحه کابینت','طرح سنگ سفید ( 5657 )','87419028486',2,63,123,4,0),(1005,'صفحه کابینت','سفید ( 3103 )','32419028486',2,45,123,4,0),(1006,'صفحه کابینت','طرح سنگ سفید ( 5657 )','87416024326',10,63,123,4,0),(1007,'صفحه کابینت','لئون ( 4070 )','93306024327',10,69,123,4,0),(1008,'های گلاس','سفید ( 6001 )','60011605851',200,36,124,1,0),(1009,'های گلاس','بیانکو ( 647 )','6471605851',40,133,124,1,0),(1010,'های گلاس','خاکستری تیره براق (990)','9901605851',120,230,124,1,0),(1011,'های گلاس','مشکی ( 6002 )','60021605851',20,37,124,1,0),(1012,'های گلاس','سفید مات ( 634 )','6341605851',80,125,124,1,0),(1013,'های گلاس','مشکی اکریلدار مات ( 3009 )','30091605851',20,215,124,1,0),(1014,'های گلاس','خکستری یخی (616)','6161605851',20,299,124,1,0),(1015,'های گلاس','انیکس طلائی ( 6060 )','60601605851',20,218,124,1,0),(1017,'صفحه کابینت','سامان ( 5069 )','53418028487',1,54,126,4,0),(1018,'صفحه کابینت','سامان ( 5069 )','53416024487',1,54,126,4,0),(1019,'های گلاس','سفید اکووان (301)','301160681',140,238,127,1,0),(1020,'های گلاس','بیانکو اکووان (311)','311160681',80,245,127,1,0),(1021,'های گلاس','خاکستری مات اکووان (365)','365160681',40,309,127,1,0),(1022,'های گلاس','خاکستری تیره اکووان (362)','362160681',20,253,127,1,0),(1023,'های گلاس','سفید اکریل دار اکووان (341)','341160681',80,285,127,1,0),(1024,'های گلاس','اکروکرم اکووان (346)','346160681',20,288,127,1,0),(1025,'های گلاس','انتراسیت مات اکووان (374)','374160681',40,294,127,1,0),(1026,'های گلاس','مشکی اکریل دار اکووان (344)','344160681',20,284,127,1,0),(1027,'های گلاس','انیکس طلایی اکووان (348)','348160681',20,291,127,1,0),(1028,'های گلاس','گلکسی اکووان (343)','343160681',20,286,127,1,0),(1029,'های گلاس','خاکستری روشن اکووان (351)','351160681',20,252,127,1,0),(1030,'های گلاس','متالیک دارک مات اکووان (379)','379160681',20,311,127,1,0),(1031,'های گلاس','گلکسی مات بژ تیره اکووان (376)','376160681',20,312,127,1,0),(1032,'های گلاس','سفید اکووان (301)','301160681',220,238,128,1,0),(1033,'های گلاس','سفید مات اکووان ( 300 )','300160681',20,237,128,1,0),(1034,'های گلاس','خاکستری تیره اکووان (362)','362160681',20,253,128,1,0),(1035,'های گلاس','گلکسی اکووان (343)','343160681',20,286,128,1,0),(1036,'های گلاس','سفید اکریل دار اکووان (341)','341160681',100,285,128,1,0),(1037,'های گلاس','متالیک انتراسیت اکووان (345)','345160681',40,283,128,1,0),(1038,'های گلاس','متالیک دارک مات اکووان (379)','379160681',20,311,128,1,0),(1039,'های گلاس','انیکس طلایی اکووان (348)','348160681',20,291,128,1,0),(1040,'های گلاس','مشکی اکریل دار اکووان (344)','344160681',20,284,128,1,0),(1041,'های گلاس','کرم مات اکووان (361)','361160681',20,314,128,1,0),(1042,'های گلاس','سفید اکریل دار مات اکووان (378)','378160681',40,313,128,1,0),(1043,'صفحه کابینت','طرح سنگ سفید ( 4206 )','97416024487',28,70,129,4,0),(1044,'صفحه کابینت','طرح سنگ سفید ( 4206 )','97416014487',16,70,129,4,0),(1045,'صفحه کابینت','سفید ( 3103 )','32416024487',5,45,129,4,0),(1046,'صفحه کابینت','سامان ( 5069 )','53416024487',5,54,129,4,0),(1047,'صفحه کابینت','امپریا سفید ( 4412 )','41416024487',10,47,129,4,0),(1048,'صفحه کابینت','طرح سنگ سفید ( 4206 )','97416524487',5,70,129,4,0),(1049,'صفحه کابینت','بلوط آمریکایی ( 4525 )','84306024487',3,62,129,4,0),(1050,'صفحه کابینت','سامان ( 5069 )','53306024487',8,54,129,4,0),(1051,'صفحه کابینت','نقره ای ( 5344 )','6416024487',3,1,130,4,0),(1052,'صفحه کابینت','نقره ای ( 5344 )','6416014487',2,1,130,4,0),(1053,'صفحه کابینت','سفید ( 3103 )','32306024326',5,45,131,4,0),(1054,'صفحه کابینت','سامان ( 5069 )','53417528486',2,54,131,4,0),(1055,'صفحه کابینت','سامان ( 5069 )','53419028486',2,54,131,4,0),(1056,'صفحه کابینت','سامان ( 5069 )','53306524486',5,54,131,4,0),(1057,'صفحه کابینت','طرح سنگ سفید ( 5657 )','87416524486',5,63,131,4,0),(1058,'صفحه کابینت','بلوط آمریکایی ( 4525 )','84306024487',3,62,131,4,0),(1059,'صفحه کابینت','بلوط آمریکایی ( 4525 )','84306014487',2,62,131,4,0),(1060,'صفحه کابینت','امپریا سفید ( 4412 )','41416024487',7,47,131,4,0),(1061,'صفحه کابینت','امپریا سفید ( 4412 )','41416014487',3,47,131,4,0),(1062,'صفحه کابینت','طرح سنگ سفید ( 4206 )','97416524487',5,70,131,4,0),(1063,'صفحه کابینت','طرح سنگ سفید ( 4206 )','97419028487',2,70,131,4,0),(1064,'صفحه کابینت','لئون ( 4070 )','93306024487',3,69,131,4,0),(1065,'صفحه کابینت','نقره ای ( 5344 )','6306024327',5,1,131,4,0),(1066,'صفحه کابینت','طرح سنگ سفید ( 4206 )','97416024327',10,70,131,4,0),(1067,'صفحه کابینت','طرح سنگ سفید ( 4206 )','97306024327',5,70,131,4,0),(1068,'های گلاس','خاکستری مات اکووان (365)','365160681',40,309,132,1,0),(1069,'های گلاس','سفید اکریل دار مات اکووان (378)','378160681',20,313,132,1,0),(1070,'های گلاس','بیانکو اکووان (311)','311160681',40,245,132,1,0),(1071,'های گلاس','سفید اکووان (301)','301160681',40,238,132,1,0),(1072,'های گلاس','مشکی اکووان (302)','302160681',20,239,132,1,0),(1073,'های گلاس','سفید اکریل دار اکووان (341)','341160681',20,285,132,1,0),(1074,'های گلاس','سبز آبی اکووان (310)','310160681',20,244,132,1,0),(1075,'های گلاس','گلکسی مات بژ روشن اکووان (375)','375160681',60,310,133,1,0),(1076,'های گلاس','بتونی کرم اکووان (383)','383160681',20,315,133,1,0),(1077,'های گلاس','گلکسی مات اکووان (380)','380160681',20,316,133,1,0),(1078,'های گلاس','سفید اکریل دار اکووان (341)','341160681',60,285,134,1,0),(1079,'های گلاس','سفید اکریل دار zirve','160381',40,302,134,1,0),(1080,'های گلاس','سفید اکریلدار ( 670 )','6701605851',40,207,134,1,0),(1081,'های گلاس','سفید مات اکووان ( 300 )','300160681',100,237,134,1,0),(1082,'های گلاس','متالیک انتراسیت اکووان (345)','345160681',20,283,134,1,0),(1083,'های گلاس','متالیک دارک اکووان (347)','347160681',20,287,134,1,0),(1084,'های گلاس','سفید اکووان (301)','301160681',300,238,135,1,0),(1085,'های گلاس','مشکی اکووان (302)','302160681',20,239,135,1,0),(1086,'های گلاس','سفید اکریل دار اکووان (341)','341160681',60,285,135,1,0),(1087,'های گلاس','سفید اکریلدار ( 670 )','6701605851',40,207,136,1,0),(1088,'های گلاس','سفید ( 6001 )','60011605851',40,36,136,1,0),(1089,'های گلاس','بیانکو ( 647 )','6471605851',60,133,136,1,0),(1090,'های گلاس','ماتریکس سفید ( 519 )','5191605851',20,189,136,1,0),(1091,'های گلاس','ترا کرم ( 674 )','6741605851',20,197,136,1,0),(1092,'های گلاس','متالیک آنتراسیت','3451605851',20,223,136,1,0),(1093,'های گلاس','کروکودیل ( 641 )','6411605851',20,194,136,1,0),(1094,'های گلاس','سفید ( 6001 )','60011605851',100,36,137,1,0),(1095,'های گلاس','سفید اکریلدار ( 670 )','6701605851',20,207,137,1,0),(1096,'های گلاس','سفید اکریل دار اکووان (341)','341160681',80,285,138,1,0),(1097,'های گلاس','اکرو کرم ( 590 )','590160681',40,204,138,1,0),(1098,'های گلاس','گلکسی ( 640 )','640160681',40,206,138,1,0),(1099,'های گلاس','بیانکو اکووان (311)','311160681',40,245,138,1,0),(1100,'های گلاس','متالیک انتراسیت اکووان (345)','345160681',20,283,138,1,0),(1101,'های گلاس','سفید اکریلدار ( 670 )','6701605851',40,207,139,1,0),(1102,'صفحه کابینت','کوارتز تیره ( 4325 )','43416024486',10,49,140,4,0),(1103,'صفحه کابینت','طرح سنگ کرم ( 4207 )','50416024487',20,53,140,4,0),(1104,'صفحه کابینت','سیروس ( 4090 )','92416024487',7,68,140,4,0),(1105,'صفحه کابینت','سیروس ( 4090 )','92416014487',3,68,140,4,0),(1106,'صفحه کابینت','طرح سنگ سفید ( 4206 )','97416024487',45,70,140,4,0),(1107,'صفحه کابینت','طرح سنگ سفید ( 4206 )','97416014487',25,70,140,4,0),(1108,'صفحه کابینت','طرح سنگ طوسی کوارتز روشن (4327)','56416024486',10,308,140,4,0),(1109,'صفحه کابینت','امپریا سفید ( 4412 )','41416024327',5,47,141,4,0),(1110,'صفحه کابینت','امپریا سفید ( 4412 )','41416024487',15,47,141,4,0),(1111,'صفحه کابینت','امپریا سفید ( 4412 )','41416014487',5,47,141,4,0),(1112,'صفحه کابینت','طرح سنگ سفید ( 4206 )','97416024327',20,70,141,4,0),(1113,'صفحه کابینت','طرح سنگ سفید ( 4206 )','97416024487',30,70,141,4,0),(1114,'صفحه کابینت','طرح سنگ سفید ( 4206 )','97416014487',10,70,141,4,0),(1115,'صفحه کابینت','سامان ( 5069 )','53416024326',20,54,141,4,0),(1116,'صفحه کابینت','سامان ( 5069 )','53416024486',10,54,141,4,0),(1117,'صفحه کابینت','امپریا مشکی ( 4416 )','42416024327',10,48,141,4,0),(1118,'صفحه کابینت','امپریا مشکی ( 4416 )','42416024487',10,48,141,4,0),(1119,'صفحه کابینت','امپریا مشکی ( 4416 )','42416014487',5,48,141,4,0),(1120,'صفحه کابینت','نقره ای ( 5344 )','6416024487',10,1,141,4,0),(1121,'صفحه کابینت','سامان ( 5069 )','53419028486',1,54,141,4,0),(1122,'صفحه کابینت','سفید ( 3103 )','32419028486',1,45,141,4,0),(1123,'های گلاس','سفید ( 6001 )','60011605851',40,36,142,1,0),(1124,'صفحه کابینت','سفید ( 3103 )','32416024487',15,45,143,4,0),(1125,'صفحه کابینت','طرح سنگ طوسی تیره ( 4408 )','98416024487',7,71,144,4,0),(1126,'صفحه کابینت','طرح سنگ طوسی تیره ( 4408 )','98416014487',3,71,144,4,0),(1127,'صفحه کابینت','طوسی ( 4409 )','40306024487',7,46,144,4,0),(1128,'صفحه کابینت','طوسی ( 4409 )','40306014487',3,46,144,4,0),(1129,'صفحه کابینت','طوسی ( 4409 )','40416024487',7,46,144,4,0),(1130,'صفحه کابینت','طوسی ( 4409 )','40416014487',3,46,144,4,0),(1131,'صفحه کابینت','سفید ( 3103 )','32416024486',5,45,144,4,0),(1132,'صفحه کابینت','سفید ( 3103 )','32306024486',5,45,144,4,0),(1133,'صفحه کابینت','سیروس ( 4090 )','92416024487',5,68,144,4,0),(1134,'صفحه کابینت','سیروس ( 4090 )','92306024487',5,68,144,4,0),(1135,'صفحه کابینت','لئون ( 4070 )','93306024487',5,69,144,4,0),(1136,'صفحه کابینت','لئون ( 4070 )','93306024327',5,69,144,4,0),(1137,'های گلاس','سفید اکووان (301)','301160681',120,238,145,1,0),(1138,'های گلاس','سفید اکریل دار اکووان (341)','341160681',120,285,145,1,0),(1139,'صفحه کابینت','سامان ( 5069 )','53307028487',3,54,146,4,0),(1140,'صفحه کابینت','طرح سنگ سفید ( 4206 )','97416024487',28,70,147,4,0),(1141,'صفحه کابینت','طرح سنگ سفید ( 4206 )','97416018487',16,70,147,4,0),(1142,'صفحه کابینت','سفید ( 3103 )','32416024487',5,45,147,4,0),(1143,'صفحه کابینت','سامان ( 5069 )','53416024487',5,54,147,4,0),(1144,'صفحه کابینت','امپریا سفید ( 4412 )','41416024487',10,47,147,4,0),(1145,'صفحه کابینت','طرح سنگ سفید ( 4206 )','97416524487',5,70,147,4,0),(1146,'صفحه کابینت','بلوط آمریکایی ( 4525 )','84306024487',3,62,147,4,0),(1147,'صفحه کابینت','سامان ( 5069 )','53306024327',8,54,147,4,0),(1148,'صفحه کابینت','سامان ( 5069 )','53416024327',8,54,147,4,0),(1149,'های گلاس','سفید ( 6001 )','60011605851',40,36,148,1,0),(1150,'های گلاس','سفید ( 6001 )','60011605851',220,36,149,1,0),(1151,'صفحه کابینت','سفید ( 3103 )','32416024486',5,45,150,4,0),(1152,'صفحه کابینت','طرح سنگ سفید ( 4206 )','97416024487',10,70,150,4,0),(1153,'صفحه کابینت','طرح سنگ سفید ( 5657 )','87416024486',10,63,150,4,0),(1154,'صفحه کابینت','امپریا سفید ( 4412 )','41416024487',5,47,150,4,0),(1155,'صفحه کابینت','سامان ( 5069 )','53416024487',10,54,150,4,0),(1156,'صفحه کابینت','سیروس ( 4090 )','92416024487',5,68,150,4,0),(1157,'صفحه کابینت','سامان ( 5069 )','53306024487',5,54,150,4,0),(1158,'صفحه کابینت','طرح سنگ سفید ( 4206 )','97416024327',10,70,150,4,0),(1159,'صفحه کابینت','طرح سنگ سفید ( 5657 )','87416024326',10,63,150,4,0),(1160,'صفحه کابینت','سامان ( 5069 )','53416024327',4,54,150,4,0),(1161,'صفحه کابینت','سامان ( 5069 )','53306024327',4,54,150,4,0),(1162,'صفحه کابینت','طرح سنگ سفید ( 5657 )','87416024486',15,63,151,4,0),(1163,'صفحه کابینت','طرح سنگ سفید ( 5657 )','87416014486',5,63,151,4,0),(1164,'صفحه کابینت','طرح سنگ سفید ( 4206 )','97416024487',20,70,151,4,0),(1165,'صفحه کابینت','طرح سنگ سفید ( 4206 )','97416014487',10,70,151,4,0),(1166,'صفحه کابینت','سفید ( 3103 )','32416024486',105,45,151,4,0),(1167,'صفحه کابینت','طوسی ( 4409 )','40416024487',10,46,151,4,0),(1168,'صفحه کابینت','طوسی ( 4409 )','40416014487',5,46,151,4,0),(1169,'صفحه کابینت','امپریا مشکی ( 4416 )','42416024487',10,48,151,4,0),(1170,'صفحه کابینت','امپریا مشکی ( 4416 )','42416014487',5,48,151,4,0),(1171,'صفحه کابینت','سامان ( 5069 )','53416024486',50,54,151,4,0),(1172,'صفحه کابینت','سامان ( 5069 )','53416014486',20,54,151,4,0),(1173,'صفحه کابینت','سفید ( 3103 )','32416024326',20,45,151,4,0),(1174,'صفحه کابینت','سفید ( 3103 )','32416014326',5,45,151,4,0),(1175,'صفحه کابینت','طرح سنگ سفید ( 4206 )','97416024487',10,70,152,4,0),(1176,'صفحه کابینت','طرح سنگ سفید ( 4206 )','97416014487',5,70,152,4,0),(1177,'صفحه کابینت','سامان ( 5069 )','53416024487',15,54,152,4,0),(1178,'صفحه کابینت','طرح سنگ تیره براق ( 5658 )','82416024487',7,60,152,4,0),(1179,'صفحه کابینت','طرح سنگ تیره براق ( 5658 )','82416014487',3,60,152,4,0),(1180,'صفحه کابینت','سیروس ( 4090 )','92416024487',5,68,152,4,0),(1181,'صفحه کابینت','لئون ( 4070 )','93416024487',5,69,152,4,0),(1182,'صفحه کابینت','طرح سنگ طوسی تیره ( 4408 )','98416024487',10,71,152,4,0),(1183,'صفحه کابینت','سامان ( 5069 )','53306024487',5,54,152,4,0),(1184,'صفحه کابینت','طرح سنگ تیره براق ( 5658 )','82416024327',5,60,152,4,0),(1185,'صفحه کابینت','سامان ( 5069 )','53416024327',10,54,152,4,0),(1186,'صفحه کابینت','سیروس ( 4090 )','92416024327',5,68,152,4,0),(1187,'صفحه کابینت','سفید ( 3103 )','32416024486',16,45,153,4,0),(1188,'صفحه کابینت','بلوط آمریکایی ( 4525 )','84306024487',10,62,153,4,0),(1189,'صفحه کابینت','بلوط آمریکایی ( 4525 )','84306014487',4,62,153,4,0),(1190,'صفحه کابینت','طرح سنگ سفید ( 4206 )','97416024487',10,70,153,4,0),(1191,'صفحه کابینت','طرح سنگ سفید ( 4206 )','97416014487',2,70,153,4,0),(1192,'صفحه کابینت','امپریا سفید ( 4412 )','41416024487',10,47,153,4,0),(1193,'صفحه کابینت','امپریا سفید ( 4412 )','41416014487',4,47,153,4,0),(1194,'صفحه کابینت','طرح سنگ طوسی تیره ( 4408 )','98416024487',7,71,153,4,0),(1195,'صفحه کابینت','طرح سنگ طوسی تیره ( 4408 )','98416014487',3,71,153,4,0),(1196,'صفحه کابینت','طرح سنگ طوسی کوارتز روشن ( 4327 )','56416024486',8,55,153,4,0),(1197,'صفحه کابینت','امپریا مشکی ( 4416 )','42416024487',7,48,153,4,0),(1198,'صفحه کابینت','امپریا مشکی ( 4416 )','42416014487',3,48,153,4,0),(1199,'صفحه کابینت','سیروس ( 4090 )','92416024487',10,68,153,4,0),(1200,'صفحه کابینت','آنتیک جویز (3093)','12306024327',6,307,153,4,0),(1201,'صفحه کابینت','ونگه ( 4572 )','14306024327',4,43,153,4,0),(1202,'صفحه کابینت','طرح سنگ سفید ( 4206 )','97417528487',2,70,153,4,0),(1203,'صفحه کابینت','بلوط آمریکایی ( 4525 )','84417528487',2,62,153,4,0),(1204,'صفحه کابینت','امپریا مشکی ( 4416 )','42417528487',2,48,153,4,0),(1205,'صفحه کابینت','امپریا مشکی ( 4416 )','42419028487',2,48,153,4,0),(1206,'صفحه کابینت','طرح سنگ تیره براق ( 5658 )','82416524487',2,60,153,4,0),(1207,'صفحه کابینت','ابری مشکی ( 4217 )','21416024487',6,234,153,4,0),(1208,'صفحه کابینت','طرح سنگ سفید ( 5657 )','87416024486',30,63,154,4,0),(1209,'صفحه کابینت','طرح سنگ سفید ( 5657 )','87416014486',15,63,154,4,0),(1210,'صفحه کابینت','سیروس ( 4090 )','92416014487',5,68,154,4,0),(1211,'صفحه کابینت','طرح سنگ سفید ( 4206 )','97416024487',13,70,154,4,0),(1212,'صفحه کابینت','طرح سنگ سفید ( 4206 )','97416014487',7,70,154,4,0),(1213,'صفحه کابینت','لئون ( 4070 )','93416024487',7,69,154,4,0),(1214,'صفحه کابینت','لئون ( 4070 )','93416014487',3,69,154,4,0),(1215,'صفحه کابینت','سفید ( 3103 )','32416024486',15,45,154,4,0),(1216,'صفحه کابینت','سفید ( 3103 )','32416014486',20,45,154,4,0),(1217,'صفحه کابینت','بلوط آمریکایی ( 4525 )','84416024327',10,62,154,4,0),(1218,'صفحه کابینت','طوسی ( 4409 )','40416024487',5,46,154,4,0),(1219,'صفحه کابینت','سفید ( 3103 )','32416014326',20,45,154,4,0),(1221,'صفحه کابینت','لئون ( 4070 )','93306024487',13,69,156,4,0),(1222,'صفحه کابینت','لئون ( 4070 )','93306014487',7,69,156,4,0),(1223,'صفحه کابینت','امپریا مشکی ( 4416 )','42416024487',13,48,156,4,0),(1224,'صفحه کابینت','امپریا مشکی ( 4416 )','42416014487',7,48,156,4,0),(1225,'صفحه کابینت','لئون ( 4070 )','93416024487',7,69,156,4,0),(1226,'صفحه کابینت','لئون ( 4070 )','93416014487',3,69,156,4,0),(1227,'صفحه کابینت','امپریا سفید ( 4412 )','41416024487',25,47,156,4,0),(1228,'صفحه کابینت','امپریا سفید ( 4412 )','41416014487',10,47,156,4,0),(1229,'صفحه کابینت','بلوط آمریکایی ( 4525 )','84416024487',13,62,156,4,0),(1230,'صفحه کابینت','بلوط آمریکایی ( 4525 )','84416014487',7,62,156,4,0),(1231,'صفحه کابینت','بلوط آمریکایی ( 4525 )','84306024487',20,62,156,4,0),(1232,'صفحه کابینت','بلوط آمریکایی ( 4525 )','84306014487',10,62,156,4,0),(1233,'صفحه کابینت','ونگه ( 4572 )','14306024487',15,43,156,4,0),(1234,'صفحه کابینت','ونگه ( 4572 )','14306024327',20,43,156,4,0),(1235,'صفحه کابینت','طرح سنگ سفید ( 5657 )','87416024486',13,63,156,4,0),(1236,'صفحه کابینت','طرح سنگ سفید ( 5657 )','87416014486',7,63,156,4,0),(1237,'های گلاس','سفید ( 6001 )','60011605851',140,36,157,1,0),(1238,'های گلاس','سفید اکریلدار ( 670 )','6701605851',100,207,157,1,0),(1239,'های گلاس','ترا قهوه ( 653 )','6531605851',20,196,157,1,0),(1240,'های گلاس','انیکس طلائی ( 6060 )','60601605851',40,218,157,1,0),(1241,'های گلاس','انیکس ( 6040 )','60401605851',40,217,157,1,0),(1242,'صفحه کابینت','طرح سنگ سفید ( 4206 )','97416024327',15,70,155,4,0),(1243,'صفحه کابینت','سامان ( 5069 )','53416024327',20,54,155,4,0),(1244,'صفحه کابینت','بلوط آمریکایی ( 4525 )','84306024487',10,62,155,4,0),(1245,'صفحه کابینت','طرح سنگ سفید ( 4206 )','97416024487',15,70,155,4,0),(1246,'صفحه کابینت','طرح سنگ سفید ( 4206 )','97416014487',5,70,155,4,0),(1247,'صفحه کابینت','مشکی ( 3190 )','31306024487',7,44,158,4,0),(1248,'صفحه کابینت','مشکی ( 3190 )','31306014487',3,44,158,4,0),(1249,'صفحه کابینت','مشکی ( 3190 )','31416024487',10,44,158,4,0),(1250,'صفحه کابینت','کرم ( 1039 )','60416024486',10,56,158,4,0),(1251,'صفحه کابینت','سفید ( 3103 )','32416024486',30,45,158,4,0),(1252,'صفحه کابینت','طرح سنگ سفید ( 4206 )','97416024487',20,70,158,4,0),(1253,'صفحه کابینت','طرح سنگ سفید ( 4206 )','97416014487',10,70,158,4,0),(1254,'صفحه کابینت','سیروس ( 4090 )','92419024487',1,68,158,4,0),(1255,'صفحه کابینت','بلوط آمریکایی ( 4525 )','84419024487',1,62,158,4,0),(1256,'صفحه کابینت','سامان ( 5069 )','53306024327',10,54,158,4,0),(1257,'صفحه کابینت','سامان ( 5069 )','53416024327',10,54,158,4,0),(1258,'صفحه کابینت','ونگه ( 4572 )','14306024327',10,43,158,4,0),(1259,'صفحه کابینت','سفید ( 3103 )','32416024326',6,45,159,4,0),(1260,'صفحه کابینت','لئون ( 4070 )','93416024327',4,69,159,4,0),(1261,'صفحه کابینت','طرح سنگ طوسی تیره ( 4408 )','98306024487',4,71,159,4,0),(1262,'صفحه کابینت','طرح سنگ طوسی تیره ( 4408 )','98306014487',2,71,159,4,0),(1263,'صفحه کابینت','امپریا سفید ( 4412 )','41416024487',10,47,159,4,0),(1264,'صفحه کابینت','امپریا سفید ( 4412 )','41416014487',5,47,159,4,0),(1265,'صفحه کابینت','طرح سنگ کرم ( 4207 )','50416024487',6,53,159,4,0),(1266,'صفحه کابینت','طرح سنگ تیره براق ( 5658 )','82416024487',4,60,159,4,0),(1267,'صفحه کابینت','طرح سنگ تیره براق ( 5658 )','82416014487',2,60,159,4,0),(1268,'صفحه کابینت','طرح سنگ سفید ( 4206 )','97416024487',25,70,159,4,0),(1269,'صفحه کابینت','طرح سنگ سفید ( 4206 )','97416014487',10,70,159,4,0),(1270,'صفحه کابینت','سفید ( 3103 )','32416024486',10,45,159,4,0),(1271,'صفحه کابینت','لئون ( 4070 )','93416024487',7,69,159,4,0),(1272,'صفحه کابینت','بلوط آمریکایی ( 4525 )','84306024487',5,62,159,4,0),(1273,'صفحه کابینت','بلوط آمریکایی ( 4525 )','84306014487',2,62,159,4,0),(1274,'صفحه کابینت','امپریا مشکی ( 4416 )','42416024487',7,48,159,4,0),(1275,'صفحه کابینت','امپریا مشکی ( 4416 )','42416014487',3,48,159,4,0),(1276,'صفحه کابینت','سفید ( 3103 )','32417528486',2,45,159,4,0),(1277,'صفحه کابینت','سفید ( 3103 )','32416524486',2,45,159,4,0),(1278,'صفحه کابینت','سفید ( 3103 )','32417028486',3,45,159,4,0),(1279,'صفحه کابینت','طرح سنگ طوسی کوارتز روشن ( 4327 )','56416024486',4,55,159,4,0),(1280,'صفحه کابینت','کوارتز تیره ( 4325 )','43416024486',2,49,159,4,0),(1281,'صفحه کابینت','طرح سنگ طوسی روشن ( 4410 )','99416024487',3,72,159,4,0),(1282,'صفحه کابینت','سفید ( 3103 )','32306024487',2,45,159,4,0),(1283,'صفحه کابینت','نقره ای ( 5344 )','6416024327',2,1,159,4,0),(1284,'صفحه کابینت','نقره ای ( 5344 )','6306024327',1,1,159,4,0),(1300,'صفحه کابینت','سفید ( 3103 )','32416024326',70,45,162,4,0),(1287,'صفحه کابینت','امپریا مشکی ( 4416 )','42416024487',7,48,161,4,0),(1288,'صفحه کابینت','امپریا مشکی ( 4416 )','42416014487',3,48,161,4,0),(1289,'صفحه کابینت','طرح سنگ سفید ( 5657 )','87416024486',15,63,161,4,0),(1290,'صفحه کابینت','طرح سنگ سفید ( 5657 )','87416014486',5,63,161,4,0),(1291,'صفحه کابینت','طرح سنگ سفید ( 4206 )','97416024487',20,70,161,4,0),(1292,'صفحه کابینت','طرح سنگ سفید ( 4206 )','97416014487',10,70,161,4,0),(1293,'صفحه کابینت','امپریا سفید ( 4412 )','41416024487',7,47,161,4,0),(1294,'صفحه کابینت','امپریا سفید ( 4412 )','41416014487',3,47,161,4,0),(1295,'صفحه کابینت','سفید ( 3103 )','32416024486',20,45,161,4,0),(1296,'صفحه کابینت','سامان ( 5069 )','53416024487',30,54,161,4,0),(1297,'صفحه کابینت','سفید ( 3103 )','32416024326',10,45,161,4,0),(1298,'صفحه کابینت','سامان ( 5069 )','53416024327',10,54,161,4,0),(1299,'صفحه کابینت','سامان ( 5069 )','53419028487',1,54,161,4,0),(1301,'های گلاس','سفید اکووان (301)','301160681',360,238,163,1,0),(1302,'های گلاس','سفید اکریل دار اکووان (341)','341160681',260,285,163,1,0),(1303,'های گلاس','خاکستری تیره براق (990)','990160681',60,230,163,1,0),(1304,'های گلاس','خاکستری تیره اکووان (362)','362160681',120,253,163,1,0),(1305,'های گلاس','متالیک انتراسیت اکووان (345)','345160681',60,283,163,1,0),(1306,'های گلاس','مشکی اکریل دار اکووان (344)','344160681',20,284,163,1,0),(1307,'های گلاس','انیکس نقره اکووان (349)','349160681',20,276,163,1,0),(1308,'های گلاس','انتراسیت مات اکووان (374)','374160681',20,294,163,1,0),(1309,'های گلاس','سفید مات اکووان ( 300 )','300160681',40,237,163,1,0),(1310,'های گلاس','مشکی اکریل دار مات اکووان (381)','381160681',20,317,163,1,0),(1311,'های گلاس','سفید ( 6001 )','60011605851',200,36,164,1,0),(1312,'های گلاس','مشکی ( 6002 )','60021605851',20,37,164,1,0),(1313,'های گلاس','سفید مات ( 634 )','6341605851',20,125,164,1,0),(1314,'های گلاس','کرم مات ( 630 )','6301605851',20,124,164,1,0),(1315,'های گلاس','ماتریکس سفید ( 519 )','5191605851',20,189,164,1,0),(1316,'های گلاس','سفید اکریلدار ( 670 )','6701605851',140,207,164,1,0),(1317,'های گلاس','اکرو کرم ( 590 )','5901605851',60,204,164,1,0),(1318,'های گلاس','آنتراسیت مات ( 508 )','5081605851',40,200,164,1,0),(1319,'های گلاس','گلکسی ( 640 )','6401605851',20,206,164,1,0),(1320,'های گلاس','انیکس طلائی ( 6060 )','60601605851',40,218,164,1,0),(1321,'های گلاس','انیکس ( 6040 )','60401605851',40,217,164,1,0),(1322,'های گلاس','بتونی فیلی ( 7002 )','7002 1605851',20,221,164,1,0),(1323,'های گلاس','سبزآبی ( 520 )','5201605851',20,110,164,1,0),(1324,'های گلاس','زرد ( 521 )','5211605851',20,111,164,1,0),(1325,'صفحه کابینت','سامان ( 5069 )','53416024487',15,54,165,4,0),(1326,'صفحه کابینت','سامان ( 5069 )','53416014487',10,54,165,4,0),(1327,'صفحه کابینت','سفید متالیک ( 4030 )','88416024487',25,64,165,4,0),(1328,'صفحه کابینت','سفید متالیک ( 4030 )','88416014487',10,64,165,4,0),(1329,'صفحه کابینت','سفید ( 3103 )','32416014326',20,45,166,4,0),(1330,'صفحه کابینت','سفید ( 3103 )','32416024326',10,45,166,4,0),(1331,'صفحه کابینت','سفید ( 3103 )','32416014486',30,45,166,4,0),(1332,'صفحه کابینت','سفید ( 3103 )','32416024486',20,45,166,4,0),(1333,'صفحه کابینت','کورین تیره ( 5416 )','48416024486',30,52,166,4,0),(1334,'صفحه کابینت','طرح سنگ سفید ( 4206 )','97416014327',3,70,166,4,0),(1335,'صفحه کابینت','طرح سنگ سفید ( 4206 )','97416024327',3,70,166,4,0),(1336,'صفحه کابینت','طرح سنگ سفید ( 4206 )','97416014487',5,70,166,4,0),(1337,'صفحه کابینت','طرح سنگ سفید ( 4206 )','97416024487',5,70,166,4,0),(1338,'صفحه کابینت','امپریا مشکی ( 4416 )','42416014487',5,48,166,4,0),(1339,'صفحه کابینت','امپریا مشکی ( 4416 )','42416024487',10,48,166,4,0),(1340,'صفحه کابینت','ورسیلیا ( 4225 )','34416024327',5,235,166,4,0),(1341,'صفحه کابینت','ورسیلیا ( 4225 )','34416014487',20,235,166,4,0),(1342,'صفحه کابینت','ورسیلیا ( 4225 )','34416024487',10,235,166,4,0),(1343,'صفحه کابینت','بلوط آمریکایی ( 4525 )','84416014327',3,62,166,4,0),(1344,'صفحه کابینت','بلوط آمریکایی ( 4525 )','84416024327',3,62,166,4,0),(1345,'صفحه کابینت','بلوط آمریکایی ( 4525 )','84306014327',3,62,166,4,0),(1346,'صفحه کابینت','بلوط آمریکایی ( 4525 )','84306024327',3,62,166,4,0),(1347,'صفحه کابینت','بلوط آمریکایی ( 4525 )','84306014487',10,62,166,4,0),(1348,'صفحه کابینت','بلوط آمریکایی ( 4525 )','84306024487',5,62,166,4,0),(1349,'صفحه کابینت','لئون ( 4070 )','93416014327',3,69,166,4,0),(1350,'صفحه کابینت','لئون ( 4070 )','93416024327',3,69,166,4,0),(1351,'صفحه کابینت','لئون ( 4070 )','93416014487',5,69,166,4,0),(1352,'صفحه کابینت','لئون ( 4070 )','93416024487',5,69,166,4,0),(1353,'صفحه کابینت','لئون ( 4070 )','93306014327',3,69,166,4,0),(1354,'صفحه کابینت','لئون ( 4070 )','93306024327',3,69,166,4,0),(1355,'صفحه کابینت','لئون ( 4070 )','93306014487',3,69,166,4,0),(1356,'صفحه کابینت','لئون ( 4070 )','93306024487',5,69,166,4,0),(1357,'صفحه کابینت','سفید ( 3103 )','32416524486',4,45,167,4,0),(1358,'صفحه کابینت','سفید ( 3103 )','32417028486',2,45,167,4,0),(1359,'صفحه کابینت','سفید ( 3103 )','32418028486',5,45,167,4,0),(1360,'صفحه کابینت','سفید ( 3103 )','32419024486',2,45,167,4,0),(1361,'صفحه کابینت','سفید ( 3103 )','324110024486',2,45,167,4,0),(1362,'صفحه کابینت','کورین تیره ( 5416 )','48416524486',4,52,167,4,0),(1363,'صفحه کابینت','کورین تیره ( 5416 )','48417028486',2,52,167,4,0),(1364,'صفحه کابینت','کورین تیره ( 5416 )','48418028486',2,52,167,4,0),(1365,'صفحه کابینت','کورین تیره ( 5416 )','484110028486',1,52,167,4,0),(1366,'صفحه کابینت','سامان ( 5069 )','53416524487',2,54,167,4,0),(1367,'صفحه کابینت','طرح سنگ سفید ( 4206 )','97416524487',3,70,167,4,0),(1368,'صفحه کابینت','طرح سنگ سفید ( 4206 )','97417028487',3,70,167,4,0),(1369,'صفحه کابینت','طرح سنگ سفید ( 4206 )','97418028487',4,70,167,4,0),(1370,'صفحه کابینت','طرح سنگ سفید ( 4206 )','97419028487',3,70,167,4,0),(1371,'صفحه کابینت','ورسیلیا ( 4225 )','34416524487',2,235,167,4,0),(1372,'صفحه کابینت','ورسیلیا ( 4225 )','34417028487',2,235,167,4,0),(1373,'صفحه کابینت','ورسیلیا ( 4225 )','34418028487',3,235,167,4,0),(1374,'صفحه کابینت','ورسیلیا ( 4225 )','344110028487',2,235,167,4,0),(1375,'صفحه کابینت','بلوط آمریکایی ( 4525 )','84417028487',2,62,167,4,0),(1376,'صفحه کابینت','ورسیلیا ( 4225 )','844110028487',3,235,167,4,0),(1377,'صفحه کابینت','بلوط آمریکایی ( 4525 )','844110028487',1,62,167,4,0),(1378,'صفحه کابینت','بلوط آمریکایی ( 4525 )','84307028487',2,62,167,4,0),(1379,'صفحه کابینت','طرح سنگ کرم ( 4207 )','50416024487',10,53,168,4,0),(1380,'صفحه کابینت','طرح سنگ کرم ( 4207 )','50306024487',10,53,168,4,0),(1381,'صفحه کابینت','طرح سنگ سفید ( 4206 )','97416024487',25,70,168,4,0),(1382,'صفحه کابینت','طرح سنگ سفید ( 4206 )','97416014487',15,70,168,4,0),(1383,'صفحه کابینت','کرم ( 1039 )','60416024486',10,56,168,4,0),(1384,'صفحه کابینت','سفید ( 3103 )','32416024486',35,45,168,4,0),(1385,'صفحه کابینت','سفید ( 3103 )','32416014486',5,45,168,4,0),(1386,'صفحه کابینت','امپریا سفید ( 4412 )','41306024487',15,47,168,4,0),(1387,'صفحه کابینت','امپریا سفید ( 4412 )','41416024487',10,47,168,4,0),(1388,'صفحه کابینت','امپریا سفید ( 4412 )','41416014487',5,47,168,4,0),(1389,'صفحه کابینت','بلوط آمریکایی ( 4525 )','84306024487',10,62,168,4,0),(1390,'صفحه کابینت','بلوط آمریکایی ( 4525 )','84306014487',5,62,168,4,0),(1391,'صفحه کابینت','سامان ( 5069 )','53416024487',15,54,168,4,0),(1392,'صفحه کابینت','سامان ( 5069 )','53416014487',5,54,168,4,0),(1393,'صفحه کابینت','سامان ( 5069 )','53306024487',15,54,168,4,0),(1394,'صفحه کابینت','سامان ( 5069 )','53306014487',5,54,168,4,0),(1395,'صفحه کابینت','لئون ( 4070 )','93416014487',3,69,168,4,0),(1396,'صفحه کابینت','لئون ( 4070 )','93416024487',5,69,168,4,0),(1397,'صفحه کابینت','طوسی ( 4409 )','40306014487',3,46,168,4,0),(1398,'صفحه کابینت','طوسی ( 4409 )','40306024487',5,46,168,4,0),(1399,'صفحه کابینت','طوسی ( 4409 )','40416014487',3,46,168,4,0),(1400,'صفحه کابینت','طوسی ( 4409 )','40416024487',5,46,168,4,0),(1401,'صفحه کابینت','طرح سنگ طوسی تیره ( 4408 )','98416024487',5,71,168,4,0),(1402,'صفحه کابینت','طرح سنگ طوسی تیره ( 4408 )','98416014487',3,71,168,4,0),(1403,'صفحه کابینت','طرح سنگ طوسی تیره ( 4408 )','98306024487',5,71,168,4,0),(1404,'صفحه کابینت','طرح سنگ طوسی تیره ( 4408 )','98306014487',3,71,168,4,0),(1405,'صفحه کابینت','طرح سنگ سفید ( 5657 )','87416024486',10,63,168,4,0),(1406,'صفحه کابینت','طرح سنگ سفید ( 5657 )','87416014486',5,63,168,4,0),(1407,'صفحه کابینت','سامان ( 5069 )','53306024327',15,54,168,4,0),(1408,'صفحه کابینت','کورین تیره ( 5416 )','48306024486',5,52,169,4,0),(1409,'صفحه کابینت','سامان ( 5069 )','53416028487',25,54,170,4,0),(1410,'صفحه کابینت','سامان ( 5069 )','53306024487',15,54,170,4,0),(1411,'صفحه کابینت','سامان ( 5069 )','53306014487',5,54,170,4,0),(1412,'صفحه کابینت','طوسی ( 4409 )','40416024487',4,46,170,4,0),(1413,'صفحه کابینت','طوسی ( 4409 )','40416014487',2,46,170,4,0),(1414,'صفحه کابینت','بلوط آمریکایی ( 4525 )','84306024487',7,62,170,4,0),(1415,'صفحه کابینت','بلوط آمریکایی ( 4525 )','84306014487',3,62,170,4,0),(1416,'صفحه کابینت','سفید ( 3103 )','32416024486',15,45,170,4,0),(1417,'صفحه کابینت','امپریا مشکی ( 4416 )','42416024487',10,48,170,4,0),(1418,'صفحه کابینت','امپریا سفید ( 4412 )','41416024487',10,47,170,4,0),(1419,'صفحه کابینت','طرح سنگ سفید ( 5657 )','87416024486',15,63,170,4,0),(1420,'صفحه کابینت','طرح سنگ سفید ( 5657 )','87416014486',5,63,170,4,0),(1421,'صفحه کابینت','لئون ( 4070 )','93306024487',5,69,170,4,0),(1422,'صفحه کابینت','طرح سنگ سفید ( 5657 )','87416024326',10,63,170,4,0),(1423,'صفحه کابینت','لئون ( 4070 )','93306024327',5,69,170,4,0),(1424,'صفحه کابینت','سفید ( 3103 )','32416024326',10,45,170,4,0),(1425,'صفحه کابینت','بلوط آمریکایی ( 4525 )','84419028487',1,62,171,4,0),(1426,'های گلاس','متالیک انتراسیت اکووان (345)','345160681',40,283,172,1,0),(1427,'های گلاس','سفید اکریل دار اکووان (341)','341160681',40,285,172,1,0),(1428,'های گلاس','بتونی فیلی اکووان (384)','384160681',20,318,172,1,0),(1429,'های گلاس','مشکی ( 6002 )','60021605851',20,37,173,1,0),(1430,'های گلاس','خاکستری تیره ( 636 )','6361605851',40,128,173,1,0),(1431,'های گلاس','سفید اکریلدار ( 670 )','6701605851',240,207,173,1,0),(1432,'های گلاس','سفید ( 6001 )','60011605851',240,36,173,1,0),(1433,'های گلاس','ارگن سویز zirve ','617160381',540,319,174,1,0),(1434,'های گلاس','اکروقهوه اکووان (342)','342160681',40,289,175,1,0),(1435,'های گلاس','سفید اکووان (301)','301160681',60,238,175,1,0),(1436,'های گلاس','اکروکرم اکووان (346)','346160681',60,288,175,1,0),(1437,'های گلاس','متالیک انتراسیت اکووان (345)','345160681',20,283,175,1,0),(1438,'های گلاس','متالیک دارک اکووان (347)','347160681',20,287,175,1,0),(1439,'های گلاس','گلکسی اکووان (343)','343160681',20,286,175,1,0),(1440,'های گلاس','سفید اکریلدار ( 670 )','6701605851',60,207,176,1,0),(1441,'های گلاس','انیکس طلائی ( 6060 )','60601605851',60,218,176,1,0),(1442,'های گلاس','اکرو کرم ( 590 )','5901605851',20,204,176,1,0),(1443,'های گلاس','ماتریکس سفید ( 519 )','5191605851',20,189,176,1,0),(1444,'های گلاس','کرم تیره ( 6015 )','60151605851',20,156,176,1,0),(1445,'های گلاس','سفید ( 6001 )','60011605851',20,36,176,1,0),(1446,'صفحه کابینت','طوسی ( 4409 )','40416024487',4,46,177,4,0),(1447,'صفحه کابینت','طوسی ( 4409 )','40417528487',1,46,177,4,0),(1448,'صفحه کابینت','کورین تیره ( 5416 )','48306024486',5,52,177,4,0),(1449,'صفحه کابینت','سامان ( 5069 )','53416024326',10,54,177,4,0),(1450,'صفحه کابینت','اسپارک سفید ( 3096 )','66416024487',5,58,177,4,0),(1451,'صفحه کابینت','طرح سنگ سفید ( 5657 )','87416024486',10,63,177,4,0),(1452,'صفحه کابینت','طرح سنگ سفید ( 4206 )','97416024487',10,70,177,4,0),(1453,'صفحه کابینت','طرح سنگ سفید ( 4206 )','97416014487',5,70,177,4,0),(1454,'صفحه کابینت','امپریا مشکی ( 4416 )','42416024487',3,48,177,4,0),(1455,'صفحه کابینت','امپریا مشکی ( 4416 )','42416014487',2,48,177,4,0),(1456,'صفحه کابینت','طوسی ( 4409 )','40306024487',3,46,177,4,0),(1457,'صفحه کابینت','طوسی ( 4409 )','40306014487',2,46,177,4,0),(1458,'صفحه کابینت','طوسی ( 4409 )','40416014487',2,46,177,4,0),(1459,'صفحه کابینت','کورین تیره ( 5416 )','48419028486',1,52,177,4,0),(1460,'صفحه کابینت','طرح سنگ سفید ( 4206 )','97419028487',1,70,178,4,0),(1461,'صفحه کابینت','امپریا سفید ( 4412 )','41416024327',15,47,179,4,0),(1462,'صفحه کابینت','امپریا سفید ( 4412 )','41416024487',20,47,179,4,0),(1463,'صفحه کابینت','امپریا سفید ( 4412 )','41416014487',10,47,179,4,0),(1464,'های گلاس','سفید اکریلدار ( 670 )','6701605851',80,207,180,1,0),(1465,'های گلاس','سفید اکریلدار ( 670 )','6701605851',20,207,181,1,0),(1466,'های گلاس','سفید ( 6001 )','60011605851',40,36,181,1,0),(1467,'های گلاس','گلکسی ( 640 )','6401605851',20,206,181,1,0),(1468,'های گلاس','انیکس طلائی ( 6060 )','60601605851',20,218,181,1,0),(1469,'های گلاس','ماتریکس سفید اکووان (329)','329160681',20,265,182,1,0),(1470,'های گلاس','ارگن سویز اکووان (316)','316160681',20,258,182,1,0),(1471,'های گلاس','سفید اکووان (301)','301160681',60,238,182,1,0),(1472,'صفحه کابینت','سفید ( 3103 )','32416024486',20,45,183,4,0),(1473,'صفحه کابینت','سامان ( 5069 )','53416024487',20,54,183,4,0),(1474,'صفحه کابینت','طرح سنگ سفید ( 4206 )','97416024487',13,70,183,4,0),(1475,'صفحه کابینت','طرح سنگ سفید ( 4206 )','97416014487',7,70,183,4,0),(1476,'صفحه کابینت','طرح سنگ سفید ( 5657 )','87416024486',13,63,183,4,0),(1477,'صفحه کابینت','طرح سنگ سفید ( 5657 )','87416014486',7,63,183,4,0),(1478,'صفحه کابینت','طرح سنگ سفید ( 5657 )','87419028486',1,63,183,4,0),(1479,'صفحه کابینت','امپریا مشکی ( 4416 )','42416024487',10,48,183,4,0),(1480,'صفحه کابینت','امپریا مشکی ( 4416 )','42416014487',5,48,183,4,0),(1481,'صفحه کابینت','امپریا سفید ( 4412 )','41416024487',7,47,183,4,0),(1482,'صفحه کابینت','امپریا سفید ( 4412 )','41416014487',3,47,183,4,0),(1483,'صفحه کابینت','امپریا مشکی طلایی ( 4215 )','33416024487',7,229,183,4,0),(1484,'صفحه کابینت','امپریا مشکی طلایی ( 4215 )','33416014487',3,229,183,4,0),(1485,'صفحه کابینت','لئون ( 4070 )','93416024487',5,69,183,4,0),(1486,'صفحه کابینت','بلوط آمریکایی ( 4525 )','84306024487',5,62,183,4,0),(1487,'صفحه کابینت','بلوط آمریکایی ( 4525 )','84306014487',5,62,183,4,0),(1488,'صفحه کابینت','بلوط آمریکایی ( 4525 )','84416024487',8,62,183,4,0),(1489,'صفحه کابینت','بلوط آمریکایی ( 4525 )','84416014487',7,62,183,4,0),(1490,'صفحه کابینت','امپریا سفید ( 4412 )','41416024487',13,47,184,4,0),(1491,'صفحه کابینت','امپریا سفید ( 4412 )','41416014487',7,47,184,4,0),(1492,'صفحه کابینت','امپریا مشکی ( 4416 )','42416024487',7,48,184,4,0),(1493,'صفحه کابینت','امپریا مشکی ( 4416 )','42416014487',3,48,184,4,0),(1494,'صفحه کابینت','بلوط آمریکایی ( 4525 )','84416024487',7,62,184,4,0),(1495,'صفحه کابینت','بلوط آمریکایی ( 4525 )','84416014487',3,62,184,4,0),(1496,'صفحه کابینت','سامان ( 5069 )','53416024487',45,54,184,4,0),(1497,'صفحه کابینت','سامان ( 5069 )','53416014487',15,54,184,4,0),(1498,'صفحه کابینت','طرح سنگ سفید ( 4206 )','97416024487',13,70,184,4,0),(1499,'صفحه کابینت','طرح سنگ سفید ( 4206 )','97416014487',7,70,184,4,0),(1500,'صفحه کابینت','طرح سنگ سفید ( 4206 )','97416024327',6,70,185,4,0),(1501,'صفحه کابینت','طرح سنگ سفید ( 4206 )','97416024487',15,70,185,4,0),(1502,'صفحه کابینت','طرح سنگ سفید ( 4206 )','97416014487',7,70,185,4,0),(1503,'صفحه کابینت','سفید ( 3103 )','32416024326',6,45,185,4,0),(1504,'صفحه کابینت','لئون ( 4070 )','93416024487',2,69,185,4,0),(1505,'صفحه کابینت','سامان ( 5069 )','53416024487',7,54,185,4,0),(1506,'صفحه کابینت','سامان ( 5069 )','53416014487',3,54,185,4,0),(1507,'صفحه کابینت','سامان ( 5069 )','53416024327',7,54,185,4,0),(1508,'های گلاس','کروکودیل ( 641 )','641160681',20,194,186,1,0),(1509,'های گلاس','خاکستری تیره اکووان (362)','362160681',20,253,187,1,0),(1510,'های گلاس','سفید zirve','160381',20,295,188,1,0),(1511,'های گلاس','سفید اکووان (301)','301160681',140,238,189,1,0),(1512,'های گلاس','اکروکرم اکووان (346)','346160681',20,288,189,1,0),(1513,'های گلاس','خاکستری تیره اکووان (362)','362160681',40,253,189,1,0),(1514,'های گلاس','مشکی ( 6002 )','60021605851',20,37,189,1,0),(1515,'های گلاس','سفید اکووان (301)','301160681',180,238,190,1,0),(1516,'های گلاس','سفید اکریل دار اکووان (341)','341160681',40,285,190,1,0),(1517,'های گلاس','سفید ( 6001 )','60011605851',40,36,191,1,0),(1518,'های گلاس','سفید مات ( 634 )','6341605851',40,125,191,1,0),(1519,'های گلاس','خاکستری تیره ( 636 )','3621605851',20,128,191,1,0),(1520,'های گلاس','آنتراسیت مات ( 508 )','5081605851',20,200,191,1,0),(1521,'های گلاس','سفید اکریلدار مات ( 3006 )','30061605851',20,212,191,1,0),(1522,'های گلاس','بنفش (6007)','60071605851',20,301,192,1,0),(1523,'صفحه کابینت','سامان ( 5069 )','53416024487',7,54,193,4,0),(1524,'صفحه کابینت','سامان ( 5069 )','53416014487',3,54,193,4,0),(1525,'صفحه کابینت','طرح سنگ سفید ( 4206 )','97416024487',7,70,193,4,0),(1526,'صفحه کابینت','طرح سنگ سفید ( 4206 )','97416014487',3,70,193,4,0),(1527,'صفحه کابینت','امپریا مشکی ( 4416 )','42416024487',4,48,193,4,0),(1528,'صفحه کابینت','امپریا مشکی ( 4416 )','42416014487',2,48,193,4,0),(1529,'صفحه کابینت','سفید ( 3103 )','32416024486',4,45,193,4,0),(1530,'صفحه کابینت','طرح سنگ تیره براق ( 5658 )','82416024487',3,60,193,4,0),(1531,'صفحه کابینت','طرح سنگ تیره براق ( 5658 )','82416014487',2,60,193,4,0),(1532,'صفحه کابینت','بلوط آمریکایی ( 4525 )','84306024487',2,62,193,4,0),(1533,'صفحه کابینت','بلوط آمریکایی ( 4525 )','84306014487',1,62,193,4,0),(1534,'صفحه کابینت','سامان ( 5069 )','53306024327',3,54,193,4,0),(1535,'صفحه کابینت','سامان ( 5069 )','53306014327',2,54,193,4,0),(1536,'صفحه کابینت','سامان ( 5069 )','53416024327',3,54,193,4,0),(1537,'صفحه کابینت','سامان ( 5069 )','53416014327',2,54,193,4,0),(1538,'های گلاس','سفید مات ( 634 )','6341605851',40,125,194,1,0),(1539,'های گلاس','خاکستری تیره ( 636 )','6361605851',20,128,194,1,0),(1543,'صفحه کابینت','امپریا مشکی طلایی ( 4215 )','33419028487',1,229,195,4,0),(1544,'های گلاس','سفید ( 6001 )','60011605851',140,36,196,1,0),(1545,'های گلاس','سفید اکریلدار ( 670 )','6701605851',20,207,196,1,0),(1546,'های گلاس','خاکستری روشن مات ( 626 )','6261605851',20,123,196,1,0),(1547,'های گلاس','مشکی ( 6002 )','60021605851',20,37,196,1,0),(1548,'های گلاس','خاکستری تیره براق (990)','9901605851',20,230,196,1,0),(1549,'صفحه کابینت','طرح سنگ کرم ( 4207 )','50416024487',5,53,197,4,0),(1550,'صفحه کابینت','طرح سنگ کرم ( 4207 )','50416024327',3,53,197,4,0),(1556,'صفحه کابینت','طرح سنگ سفید ( 4206 )','97414524487',10,70,199,4,0),(1555,'صفحه کابینت','سامان ( 5069 )','53416024487',15,54,199,4,0),(1553,'صفحه کابینت','سفید ( 3103 )','32309024486',1,45,198,4,0),(1554,'صفحه کابینت','سفید ( 3103 )','32306024486',1,45,198,4,0),(1557,'صفحه کابینت','طرح سنگ سفید ( 4206 )','97416014487',5,70,199,4,0),(1558,'صفحه کابینت','سامان ( 5069 )','53416014487',5,54,199,4,0),(1559,'صفحه کابینت','امپریا مشکی ( 4416 )','42416024487',5,48,199,4,0),(1560,'صفحه کابینت','امپریا مشکی ( 4416 )','42416014487',5,48,199,4,0),(1561,'صفحه کابینت','بلوط آمریکایی ( 4525 )','84416024487',5,62,199,4,0),(1562,'صفحه کابینت','بلوط آمریکایی ( 4525 )','84416014487',5,62,199,4,0),(1563,'صفحه کابینت','سفید ( 3103 )','32416024486',10,45,199,4,0),(1564,'صفحه کابینت','سامان ( 5069 )','32306024486',10,54,199,4,0),(1565,'صفحه کابینت','سفید ( 3103 )','32306014486',10,45,199,4,0),(1566,'صفحه کابینت','سفید ( 3103 )','12306014486',10,45,199,4,0),(1567,'صفحه کابینت','سامان ( 5069 )','53416024327',5,54,199,4,0),(1568,'صفحه کابینت','سامان ( 5069 )','53416014327',5,54,199,4,0),(1569,'صفحه کابینت','سامان ( 5069 )','53306024327',10,54,199,4,0),(1570,'صفحه کابینت','سامان ( 5069 )','53306014327',10,54,199,4,0),(1571,'صفحه کابینت','بلوط آمریکایی ( 4525 )','84306024487',5,62,199,4,0),(1572,'صفحه کابینت','بلوط آمریکایی ( 4525 )','84306014487',5,62,199,4,0),(1573,'صفحه کابینت','طوسی ( 4409 )','40418028487',1,46,200,4,0),(1574,'صفحه کابینت','امپریا مشکی ( 4416 )','42417028327',1,48,201,4,0),(1575,'صفحه کابینت','طوسی ( 4409 )','40306024487',4,46,202,4,0),(1576,'صفحه کابینت','طوسی ( 4409 )','40306014487',2,46,202,4,0),(1577,'صفحه کابینت','امپریا سفید ( 4412 )','41416024487',17,47,202,4,0),(1578,'صفحه کابینت','امپریا سفید ( 4412 )','41416014487',5,47,202,4,0),(1579,'صفحه کابینت','طوسی ( 4409 )','40416024487',4,46,202,4,0),(1580,'صفحه کابینت','بلوط آمریکایی ( 4525 )','84416024487',5,62,202,4,0),(1581,'صفحه کابینت','امپریا مشکی ( 4416 )','42416024487',3,48,202,4,0),(1582,'صفحه کابینت','لئون ( 4070 )','93416024487',3,69,202,4,0),(1583,'صفحه کابینت','لئون ( 4070 )','93416014487',1,69,202,4,0),(1584,'صفحه کابینت','بلوط آمریکایی ( 4525 )','84306024487',3,62,202,4,0),(1585,'صفحه کابینت','بلوط آمریکایی ( 4525 )','84306014487',3,62,202,4,0),(1586,'صفحه کابینت','طرح سنگ طوسی تیره ( 4408 )','98306024487',3,71,202,4,0),(1587,'صفحه کابینت','طرح سنگ طوسی تیره ( 4408 )','98416024487',5,71,202,4,0),(1588,'صفحه کابینت','طرح سنگ طوسی تیره ( 4408 )','98416014487',2,71,202,4,0),(1589,'صفحه کابینت','امپریا مشکی ( 4416 )','42417028487',4,48,203,4,0),(1590,'صفحه کابینت','امپریا مشکی ( 4416 )','42416024487',10,48,203,4,0),(1591,'صفحه کابینت','امپریا مشکی ( 4416 )','42416014487',5,48,203,4,0),(1592,'صفحه کابینت','طرح سنگ سفید ( 5657 )','87416024486',30,63,203,4,0),(1593,'صفحه کابینت','طرح سنگ سفید ( 5657 )','87416014486',5,63,203,4,0),(1594,'صفحه کابینت','طرح سنگ سفید ( 4206 )','97416024487',25,70,203,4,0),(1595,'صفحه کابینت','طرح سنگ سفید ( 4206 )','97416014487',10,70,203,4,0),(1596,'صفحه کابینت','امپریا سفید ( 4412 )','41416024487',7,47,203,4,0),(1597,'صفحه کابینت','امپریا سفید ( 4412 )','41416014487',3,47,203,4,0),(1598,'صفحه کابینت','سامان ( 5069 )','53416024487',40,54,203,4,0),(1599,'صفحه کابینت','سامان ( 5069 )','53416014487',10,54,203,4,0),(1600,'صفحه کابینت','سفید ( 3103 )','32416024486',15,45,203,4,0),(1601,'صفحه کابینت','سفید ( 3103 )','32416024326',15,45,203,4,0),(1602,'صفحه کابینت','طوسی ( 4409 )','40416024487',5,46,203,4,0),(1603,'صفحه کابینت','طوسی ( 4409 )','40416014487',2,46,203,4,0),(1604,'صفحه کابینت','لئون ( 4070 )','93416024487',5,69,203,4,0),(1605,'صفحه کابینت','لئون ( 4070 )','93416014487',2,69,203,4,0),(1606,'صفحه کابینت','سفید ( 3103 )','32417028486',1,45,203,4,0),(1607,'صفحه کابینت','بلوط آمریکایی ( 4525 )','84416024487',5,62,203,4,0),(1608,'صفحه کابینت','بلوط آمریکایی ( 4525 )','84416014487',2,62,203,4,0),(1609,'های گلاس','سفید اکریلدار ( 670 )','6701605851',100,207,204,1,0),(1610,'های گلاس','سفید ( 6001 )','60011605851',200,36,204,1,0),(1611,'های گلاس','سفید مات ( 634 )','6341605851',40,125,204,1,0),(1612,'های گلاس','انیکس ( 6040 )','60401605851',80,217,204,1,0),(1613,'های گلاس','کاپوچینو ( 623 )','6231605851',40,122,204,1,0),(1614,'های گلاس','متالیک دارک ( 679 )','6791605851',20,209,204,1,0),(1615,'های گلاس','متالیک آنتراسیت','3451605851',40,223,204,1,0),(1616,'های گلاس','سفید اکریلدار مات ( 3006 )','30061605851',20,212,204,1,0),(1617,'های گلاس','سفید ( 6001 )','60011605851',160,36,205,1,0),(1618,'های گلاس','سفید اکریلدار ( 670 )','6701605851',20,207,205,1,0),(1619,'های گلاس','متالیک آنتراسیت','3451605851',20,223,205,1,0),(1620,'های گلاس','اکرو کرم ( 590 )','5901605851',20,204,205,1,0),(1621,'صفحه کابینت','طوسی ( 4409 )','40418028487',1,46,206,4,0),(1622,'صفحه کابینت','امپریا سفید ( 4412 )','41416024487',20,47,207,4,0),(1623,'صفحه کابینت','امپریا مشکی ( 4416 )','42416024487',15,48,207,4,0),(1624,'صفحه کابینت','سفید ( 3103 )','32416024486',20,45,207,4,0),(1625,'صفحه کابینت','سفید ( 3103 )','32416024486',32,45,208,4,0),(1626,'صفحه کابینت','سامان ( 5069 )','53416024487',4,54,208,4,0),(1627,'صفحه کابینت','سامان ( 5069 )','53416014487',2,54,208,4,0),(1628,'صفحه کابینت','نقره ای ( 5344 )','6416024487',4,1,208,4,0),(1629,'صفحه کابینت','بلوط آمریکایی ( 4525 )','84306024487',4,62,208,4,0),(1630,'صفحه کابینت','بلوط آمریکایی ( 4525 )','84306014487',2,62,208,4,0),(1631,'صفحه کابینت','سفید ( 3103 )','32416024326',10,45,208,4,0),(1632,'صفحه کابینت','سامان ( 5069 )','53416024327',6,54,208,4,0),(1633,'صفحه کابینت','نقره ای ( 5344 )','6416024327',4,1,208,4,0),(1634,'صفحه کابینت','بلوط آمریکایی ( 4525 )','84306024327',4,62,208,4,0),(1635,'صفحه کابینت','ونگه ( 4572 )','14306024327',2,43,208,4,0),(1636,'های گلاس','متالیک آنتراسیت (608)','6081605851',20,223,209,1,0),(1637,'های گلاس','سفید اکریلدار ( 670 )','6701605851',20,207,209,1,0),(1638,'صفحه کابینت','مشکی ( 3190 )','31416024487',7,44,210,4,0),(1639,'صفحه کابینت','سفید ( 3103 )','32416024486',13,45,210,4,0),(1640,'صفحه کابینت','طرح سنگ طوسی تیره ( 4408 )','98416024487',3,71,210,4,0),(1641,'صفحه کابینت','طرح سنگ طوسی تیره ( 4408 )','98416014487',2,71,210,4,0),(1642,'صفحه کابینت','طوسی ( 4409 )','40306024487',4,46,210,4,0),(1643,'صفحه کابینت','طوسی ( 4409 )','40306014487',2,46,210,4,0),(1644,'صفحه کابینت','طوسی ( 4409 )','40416024487',4,46,210,4,0),(1645,'صفحه کابینت','طوسی ( 4409 )','40416014487',2,46,210,4,0),(1646,'صفحه کابینت','امپریا مشکی ( 4416 )','42416024487',7,48,210,4,0),(1647,'صفحه کابینت','امپریا مشکی ( 4416 )','42416014487',3,48,210,4,0),(1648,'صفحه کابینت','ونگه ( 4572 )','14306024487',4,43,210,4,0),(1649,'صفحه کابینت','ونگه ( 4572 )','14306024327',4,43,210,4,0),(1650,'صفحه کابینت','سفید ( 3103 )','32306024486',10,45,210,4,0),(1651,'های گلاس','سفید ( 6001 )','60011605851',60,36,211,1,0),(1652,'های گلاس','مشکی ( 6002 )','60021605851',20,37,211,1,0),(1653,'های گلاس','خاکستری تیره ( 636 )','6361605851',80,128,211,1,0),(1654,'های گلاس','سفید اکریلدار ( 670 )','6701605851',40,207,211,1,0),(1655,'های گلاس','خاکستری روشن ( 626 )','6261605851',20,123,211,1,0),(1656,'صفحه کابینت','طرح سنگ سفید ( 4206 )','97416024327',35,70,212,4,0),(1657,'صفحه کابینت','طرح سنگ سفید ( 4206 )','97416024487',25,70,212,4,0),(1658,'صفحه کابینت','طرح سنگ سفید ( 4206 )','97416014487',10,70,212,4,0),(1659,'های گلاس','کروکدیل اکووان (373)','373160681',20,320,213,1,0),(1660,'های گلاس','ترا کرم ( 674 )','6741605851',20,197,213,1,0),(1661,'های گلاس','ترا قهوه ( 653 )','6531605851',20,196,213,1,0),(1662,'های گلاس','خاکستری تیره براق (990)','9901605851',20,230,213,1,0),(1663,'های گلاس','سفید ( 6001 )','60011605851',80,36,213,1,0),(1664,'های گلاس','سفید اکریلدار ( 670 )','6701605851',60,207,213,1,0),(1665,'صفحه کابینت','سفید ( 3103 )','32416024487',40,45,214,4,0),(1666,'صفحه کابینت','طرح سنگ سفید ( 4206 )','97416024487',10,70,214,4,0),(1667,'صفحه کابینت','سامان ( 5069 )','53416024487',10,54,214,4,0),(1668,'صفحه کابینت','امپریا مشکی ( 4416 )','42418028487',1,48,215,4,0),(1669,'های گلاس','سفید اکریلدار ( 670 )','6701605851',20,207,216,1,0),(1670,'های گلاس','سفید ( 6001 )','60011605851',300,36,217,1,0),(1671,'های گلاس','زرد ( 521 )','5211605851',20,111,217,1,0),(1672,'های گلاس','کرم روشن (6005)','60051605851',20,232,217,1,0),(1673,'های گلاس','کاپوچینو ( 623 )','6231605851',20,122,217,1,0),(1674,'های گلاس','کرم مات ( 630 )','6301605851',20,124,217,1,0),(1675,'های گلاس','خاکستری تیره ( 636 )','6361605851',80,128,218,1,0),(1676,'های گلاس','بیانکو ( 647 )','6471605851',40,133,218,1,0),(1677,'های گلاس','سفید مات ( 634 )','6341605851',20,125,218,1,0),(1678,'صفحه کابینت','کورین تیره ( 5416 )','48306024486',10,52,219,4,0),(1679,'صفحه کابینت','سفید ( 3103 )','32416024486',5,45,219,4,0),(1680,'صفحه کابینت','طرح سنگ سفید ( 5657 )','87416024486',10,63,219,4,0),(1681,'صفحه کابینت','طوسی ( 4409 )','40417528487',1,46,219,4,0),(1682,'صفحه کابینت','طرح سنگ سفید ( 4206 )','97416024487',30,70,219,4,0),(1683,'صفحه کابینت','طرح سنگ سفید ( 4206 )','97417528487',1,70,219,4,0),(1684,'صفحه کابینت','سفید ( 3103 )','32416014326',15,45,220,4,0),(1685,'صفحه کابینت','ونگه ( 4572 )','14416024327',10,43,220,4,0),(1686,'صفحه کابینت','مشه ( 4208 )','9416014327',10,24,220,4,0),(1687,'صفحه کابینت','سفید ( 3103 )','32416024486',15,45,220,4,0),(1688,'صفحه کابینت','مشکی ( 3190 )','31416014487',10,44,220,4,0),(1689,'صفحه کابینت','طوسی ( 4409 )','40416014487',10,46,220,4,0),(1690,'صفحه کابینت','طرح سنگ سفید ( 5657 )','87416024486',7,63,220,4,0),(1691,'صفحه کابینت','طرح سنگ سفید ( 5657 )','87416014486',3,63,220,4,0),(1692,'صفحه کابینت','طرح سنگ سفید ( 4206 )','97306024487',7,70,220,4,0),(1693,'صفحه کابینت','طرح سنگ سفید ( 4206 )','97306014487',3,70,220,4,0),(1694,'صفحه کابینت','بلوط آمریکایی ( 4525 )','84306014487',15,62,220,4,0),(1695,'صفحه کابینت','سامان ( 5069 )','53416524487',10,54,221,4,0),(1696,'صفحه کابینت','سامان ( 5069 )','53306524487',10,54,221,4,0),(1697,'صفحه کابینت','سفید ( 3103 )','32416024486',10,45,221,4,0),(1698,'صفحه کابینت','طرح سنگ سفید ( 5657 )','87416024486',10,63,221,4,0),(1699,'صفحه کابینت','طرح سنگ سفید ( 5657 )','87416524486',10,63,221,4,0),(1700,'صفحه کابینت','کرم آلمانی ( 5712 )','8416024487',4,23,221,4,0),(1701,'صفحه کابینت','بلوط آمریکایی ( 4525 )','84416024487',5,62,221,4,0),(1702,'صفحه کابینت','بلوط آمریکایی ( 4525 )','84416524487',5,62,221,4,0),(1703,'صفحه کابینت','سامان ( 5069 )','53416524327',10,54,221,4,0),(1704,'صفحه کابینت','سفید ( 3103 )','32416024326',5,45,221,4,0),(1705,'صفحه کابینت','طرح سنگ سفید ( 5657 )','87416524326',5,63,221,4,0),(1706,'های گلاس','سفید اکریلدار ( 670 )','6701605851',40,207,222,1,0),(1707,'های گلاس','سفید ( 6001 )','60011605851',60,36,222,1,0),(1708,'های گلاس','انیکس ( 6040 )','60401605851',40,217,222,1,0),(1709,'های گلاس','سفید مات ( 634 )','6341605851',20,125,222,1,0),(1710,'های گلاس','متالیک آنتراسیت (608)','6081605851',20,223,222,1,0),(1711,'های گلاس','ترا کرم ( 674 )','6741605851',20,197,222,1,0),(1712,'صفحه کابینت','امپریا سفید ( 4412 )','41416024487',10,47,223,4,0),(1713,'صفحه کابینت','طرح سنگ سفید ( 4206 )','97416024487',8,70,223,4,0),(1714,'صفحه کابینت','طرح سنگ سفید ( 5657 )','87416024486',8,63,223,4,0),(1715,'صفحه کابینت','سیروس ( 4090 )','92416024487',4,68,223,4,0),(1716,'صفحه کابینت','بلوط آمریکایی ( 4525 )','84416024487',4,62,223,4,0),(1717,'صفحه کابینت','سامان ( 5069 )','53416024487',8,54,223,4,0),(1718,'صفحه کابینت','سفید ( 3103 )','32416024486',8,45,223,4,0),(1719,'صفحه کابینت','سامان ( 5069 )','53306024487',4,54,223,4,0),(1720,'صفحه کابینت','سفید ( 3103 )','32416024326',5,45,223,4,0),(1721,'صفحه کابینت','امپریا سفید ( 4412 )','41416024327',8,47,223,4,0),(1722,'صفحه کابینت','سامان ( 5069 )','53416024327',5,54,223,4,0),(1723,'صفحه کابینت','سامان ( 5069 )','53306024327',4,54,223,4,0),(1724,'های گلاس','سفید ( 6001 )','60011605851',20,36,224,1,0),(1725,'های گلاس','سفید اکریلدار ( 670 )','6701605851',20,207,224,1,0),(1726,'های گلاس','خاکستری تیره ( 636 )','6361605851',20,128,224,1,0),(1727,'های گلاس','سفید اکریلدار ( 670 )','6701605851',20,207,225,1,0),(1728,'های گلاس','متالیک دارک ( 679 )','6791605851',20,209,225,1,0),(1729,'های گلاس','سفید ( 6001 )','60011605851',280,36,226,1,0),(1730,'های گلاس','سفید اکریلدار ( 670 )','6701605851',20,207,226,1,0),(1731,'های گلاس','متالیک آنتراسیت (608)','6081605851',20,223,226,1,0),(1732,'های گلاس','گلکسی ( 640 )','6401605851',20,206,226,1,0),(1733,'های گلاس','سفید مات ( 634 )','6341605851',20,125,226,1,0),(1734,'های گلاس','خاکستری تیره ( 636 )','6361605851',20,128,226,1,0),(1735,'های گلاس','خاکستری روشن ( 626 )','6261605851',20,123,226,1,0),(1736,'های گلاس','خاکستری تیره براق (990)','9901605851',20,230,226,1,0),(1737,'صفحه کابینت','طرح سنگ طوسی تیره ( 4408 )','12306024487',10,71,227,4,0),(1738,'صفحه کابینت','سیروس ( 4090 )','92416014327',6,68,228,4,0),(1739,'صفحه کابینت','سامان ( 5069 )','53416014327',5,54,228,4,0),(1740,'صفحه کابینت','سامان ( 5069 )','53306024327',5,54,228,4,0),(1741,'صفحه کابینت','سفید ( 3103 )','32416014326',5,45,228,4,0),(1742,'صفحه کابینت','سفید ( 3103 )','32416024326',3,45,228,4,0),(1743,'صفحه کابینت','سامان ( 5069 )','53416014487',5,54,228,4,0),(1744,'صفحه کابینت','سامان ( 5069 )','53306024487',15,54,228,4,0),(1745,'صفحه کابینت','سامان ( 5069 )','53306014487',5,54,228,4,0),(1746,'صفحه کابینت','سفید ( 3103 )','32416024486',15,45,228,4,0),(1747,'صفحه کابینت','سفید ( 3103 )','32416014486',2,45,228,4,0),(1748,'صفحه کابینت','سیروس ( 4090 )','92416024487',4,68,228,4,0),(1749,'صفحه کابینت','سیروس ( 4090 )','92416014487',5,68,228,4,0),(1751,'صفحه کابینت','طرح سنگ سفید ( 5657 )','87306024486',7,63,230,4,0),(1752,'صفحه کابینت','طرح سنگ سفید ( 5657 )','87416024486',7,63,230,4,0),(1753,'صفحه کابینت','امپریا سفید ( 4412 )','41416024487',10,47,230,4,0),(1754,'صفحه کابینت','امپریا سفید ( 4412 )','41416014487',5,47,230,4,0),(1755,'صفحه کابینت','سامان ( 5069 )','53306024327',10,54,230,4,0),(1756,'صفحه کابینت','سامان ( 5069 )','53306024487',6,54,230,4,0),(1757,'صفحه کابینت','سامان ( 5069 )','53416024487',10,54,230,4,0),(1758,'صفحه کابینت','سامان ( 5069 )','53416024327',6,54,230,4,0),(1759,'صفحه کابینت','طرح سنگ سفید ( 5657 )','87416024326',7,63,230,4,0),(1760,'صفحه کابینت','سفید ( 3103 )','32416024486',15,45,230,4,0),(1761,'صفحه کابینت','سفید ( 3103 )','32416024326',12,45,230,4,0),(1762,'صفحه کابینت','طرح سنگ سفید ( 4206 )','97416024487',10,70,230,4,0),(1763,'صفحه کابینت','طرح سنگ سفید ( 4206 )','97416014487',5,70,230,4,0),(1764,'صفحه کابینت','طرح سنگ طوسی تیره ( 4408 )','98416024487',8,71,230,4,0),(1765,'صفحه کابینت','بلوط آمریکایی ( 4525 )','84306024327',7,62,230,4,0),(1766,'صفحه کابینت','بلوط آمریکایی ( 4525 )','84416024327',5,62,230,4,0),(1767,'صفحه کابینت','بلوط آمریکایی ( 4525 )','84306024487',6,62,230,4,0),(1768,'صفحه کابینت','بلوط آمریکایی ( 4525 )','84306014487',4,62,230,4,0),(1769,'صفحه کابینت','بلوط آمریکایی ( 4525 )','84416024487',6,62,230,4,0),(1770,'های گلاس','سفید ( 6001 )','60011605851',140,36,231,1,0),(1771,'های گلاس','سفید اکریلدار ( 670 )','6701605851',100,207,231,1,0),(1772,'های گلاس','انیکس ( 6040 )','60401605851',20,217,231,1,0),(1773,'های گلاس','گلکسی ( 640 )','6401605851',20,206,231,1,0),(1774,'های گلاس','بیانکو ( 647 )','6471605851',20,133,231,1,0),(1775,'های گلاس','مشکی ( 6002 )','60021605851',20,37,231,1,0),(1776,'های گلاس','سفید اکریلدار ( 670 )','6701605851',40,207,232,1,0),(1777,'های گلاس','متالیک دارک ( 679 )','6791605851',20,209,232,1,0),(1778,'های گلاس','سفید zirve','160381',60,295,233,1,0),(1779,'های گلاس','سفید اکووان (301)','301160681',100,238,229,1,0),(1780,'های گلاس','گلکسی اکووان (343)','343160681',20,286,229,1,0),(1781,'های گلاس','متالیک دارک اکووان (347)','347160681',20,287,229,1,0),(1782,'های گلاس','انیکس نقره اکووان (349)','349160681',40,276,229,1,0),(1783,'های گلاس','سفید اکریل دار اکووان (341)','341160681',40,285,229,1,0),(1784,'های گلاس','سفید ( 6001 )','60011605851',200,36,234,1,0),(1785,'های گلاس','سفید اکریلدار ( 670 )','6701605851',100,207,234,1,0),(1786,'های گلاس','انیکس ( 6040 )','60401605851',20,217,235,1,0),(1787,'های گلاس','خاکستری دلفینی (656)','6561605851',20,300,235,1,0),(1788,'های گلاس','سفید ( 6001 )','60011605851',60,36,235,1,0),(1789,'های گلاس','متالیک آنتراسیت (608)','6081605851',20,223,236,1,0),(1790,'های گلاس','خاکستری تیره ( 636 )','6361605851',20,128,236,1,0),(1791,'های گلاس','آنتراسیت مات ( 508 )','5081605851',20,200,236,1,0),(1792,'های گلاس','کرم مات ( 630 )','6301605851',20,124,236,1,0),(1793,'های گلاس','انیکس طلائی ( 6060 )','60601605851',20,218,236,1,0),(1794,'های گلاس','متالیک دارک ( 679 )','6791605851',20,209,236,1,0),(1795,'های گلاس','سفید ( 6001 )','60011605851',40,36,236,1,0),(1796,'های گلاس','سفید اکریلدار ( 670 )','6701605851',40,207,236,1,0),(1816,'های گلاس','ماتریکس سفید اکووان (329)','329160681',40,265,239,1,0),(1799,'های گلاس','خاکستری تیره ( 636 )','6361605851',40,128,237,1,0),(1800,'های گلاس','ارگون سویز ( 617 )','6171605851',20,192,237,1,0),(1801,'های گلاس','بنفش (6007)','60071605851',20,301,237,1,0),(1802,'های گلاس','متالیک دارک ( 679 )','6791605851',40,209,237,1,0),(1803,'های گلاس','سفید مات ( 634 )','6341605851',40,125,237,1,0),(1804,'های گلاس','سفید اکریلدار ( 670 )','6701605851',60,207,237,1,0),(1805,'های گلاس','کرم تیره ( 6015 )','60151605851',20,156,237,1,0),(1806,'های گلاس','اکرو کرم ( 590 )','5901605851',20,204,237,1,0),(1807,'های گلاس','مشکی ( 6002 )','60021605851',20,37,237,1,0),(1808,'های گلاس','سفید ( 6001 )','60011605851',20,36,237,1,0),(1809,'های گلاس','زرد ( 521 )','5211605851',10,111,237,1,0),(1810,'های گلاس','سبزآبی ( 520 )','5201605851',10,110,237,1,0),(1815,'های گلاس','گلکسی اکووان (343)','343160681',20,286,238,1,0),(1818,'های گلاس','انیکس طلایی اکووان (348)','348160681',20,291,239,1,0),(1817,'های گلاس','خاکستری مات اکووان (365)','365160681',80,309,239,1,0),(1814,'های گلاس','خاکستری مات اکووان (365)','365160681',20,309,238,1,0),(1819,'های گلاس','گلکسی اکووان (343)','343160681',40,286,239,1,0),(1820,'های گلاس','سفید اکووان (301)','301160681',80,238,239,1,0),(1821,'های گلاس','متالیک دارک اکووان (347)','347160681',20,287,239,1,0),(1822,'های گلاس','خاکستری یخی اکووان (387)','387160681',60,292,239,1,0),(1823,'های گلاس','سفید اکریل دار اکووان (341)','341160681',140,285,239,1,0),(1824,'های گلاس','انیکس نقره اکووان (349)','349160681',20,276,239,1,0),(1825,'های گلاس','خاکستری دلفینی اکووان (388)','388160681',20,321,239,1,0),(1826,'صفحه کابینت','سامان ( 5069 )','53416024486',22,54,240,4,0),(1827,'صفحه کابینت','سامان ( 5069 )','53416524486',4,54,240,4,0),(1828,'صفحه کابینت','سامان ( 5069 )','53417528486',2,54,240,4,0),(1829,'صفحه کابینت','طرح سنگ سفید ( 4206 )','97416024487',15,70,240,4,0),(1830,'صفحه کابینت','طرح سنگ سفید ( 4206 )','97416014487',5,70,240,4,0),(1831,'صفحه کابینت','طرح سنگ سفید ( 4206 )','97416524487',2,70,240,4,0),(1832,'صفحه کابینت','طرح سنگ سفید ( 4206 )','97417528487',3,70,240,4,0),(1833,'صفحه کابینت','طرح سنگ سفید ( 4206 )','97416024327',10,70,240,4,0),(1834,'صفحه کابینت','طرح سنگ طوسی کوارتز روشن ( 4327 )','56416024486',12,55,240,4,0),(1835,'صفحه کابینت','سفید ( 3103 )','32416024486',5,45,240,4,0),(1836,'صفحه کابینت','بلوط آمریکایی ( 4525 )','84417528487',2,62,240,4,0),(1837,'صفحه کابینت','امپریا مشکی ( 4416 )','42416524487',2,48,240,4,0),(1838,'صفحه کابینت','طرح سنگ سفید ( 4206 )','97417028487',1,70,241,4,0),(1839,'صفحه کابینت','سامان ( 5069 )','53416024487',14,54,241,4,0),(1840,'صفحه کابینت','سامان ( 5069 )','53416014487',6,54,241,4,0),(1841,'صفحه کابینت','سفید ( 3103 )','32416024326',35,45,241,4,0),(1842,'صفحه کابینت','سامان ( 5069 )','53416024327',25,54,241,4,0),(1843,'صفحه کابینت','طرح سنگ سفید ( 4206 )','97416024487',20,70,241,4,0),(1844,'صفحه کابینت','طرح سنگ سفید ( 4206 )','97416014487',10,70,241,4,0),(1845,'صفحه کابینت','امپریا سفید ( 4412 )','41416024487',10,47,241,4,0),(1846,'صفحه کابینت','امپریا سفید ( 4412 )','41416014487',5,47,241,4,0),(1847,'صفحه کابینت','طرح سنگ سفید ( 5657 )','87416024486',10,63,241,4,0),(1848,'صفحه کابینت','طرح سنگ سفید ( 5657 )','87416014486',5,63,241,4,0),(1849,'صفحه کابینت','امپریا مشکی ( 4416 )','42416024487',7,48,241,4,0),(1850,'صفحه کابینت','امپریا مشکی ( 4416 )','42416014487',3,48,241,4,0),(1851,'صفحه کابینت','سامان ( 5069 )','53417028327',1,54,242,4,0),(1852,'صفحه کابینت','لئون ( 4070 )','93416024487',7,69,243,4,0),(1853,'صفحه کابینت','لئون ( 4070 )','93416014487',3,69,243,4,0),(1854,'صفحه کابینت','کورین تیره ( 5416 )','48416024487',7,52,243,4,0),(1855,'صفحه کابینت','کورین تیره ( 5416 )','48416014487',3,52,243,4,0),(1856,'صفحه کابینت','نقره ای ( 5344 )','6416024487',9,1,243,4,0),(1857,'صفحه کابینت','سفید ( 3103 )','32416024326',7,45,243,4,0),(1858,'صفحه کابینت','نقره ای ( 5344 )','6416024487',1,1,244,4,0),(1859,'صفحه کابینت','طرح سنگ سفید ( 4206 )','97416024487',20,70,244,4,0),(1860,'صفحه کابینت','طرح سنگ سفید ( 4206 )','97416014487',10,70,244,4,0),(1861,'صفحه کابینت','ورسیلیا ( 4225 )','34416024487',15,235,244,4,0),(1862,'صفحه کابینت','ورسیلیا ( 4225 )','34416014487',10,235,244,4,0),(1863,'صفحه کابینت','سفید ( 3103 )','32416024486',20,45,244,4,0),(1864,'صفحه کابینت','بلوط آمریکایی ( 4525 )','84307028487',2,62,244,4,0),(1865,'صفحه کابینت','ورسیلیا ( 4225 )','34417028487',1,235,244,4,0),(1866,'صفحه کابینت','سفید ( 3103 )','32416024326',23,45,244,4,0),(1867,'صفحه کابینت','طرح سنگ تیره براق ( 5658 )','82416024487',10,60,245,4,0),(1868,'صفحه کابینت','طرح سنگ تیره براق ( 5658 )','82416014487',5,60,245,4,0),(1869,'صفحه کابینت','امپریا مشکی ( 4416 )','42416024487',13,48,245,4,0),(1870,'صفحه کابینت','امپریا مشکی ( 4416 )','42416014487',7,48,245,4,0),(1871,'صفحه کابینت','بلوط آمریکایی ( 4525 )','84416024487',10,62,245,4,0),(1872,'صفحه کابینت','بلوط آمریکایی ( 4525 )','84416014487',5,62,245,4,0),(1873,'صفحه کابینت','طرح سنگ سفید ( 4206 )','97416024487',20,70,245,4,0),(1874,'صفحه کابینت','طرح سنگ سفید ( 4206 )','97416014487',10,70,245,4,0),(1875,'صفحه کابینت','لئون ( 4070 )','93416024487',10,69,245,4,0),(1876,'صفحه کابینت','لئون ( 4070 )','93416014487',5,69,245,4,0),(1877,'صفحه کابینت','سامان ( 5069 )','53416024487',25,54,245,4,0),(1878,'صفحه کابینت','سامان ( 5069 )','53416014487',5,54,245,4,0),(1879,'های گلاس','سفید مات ( 634 )','634160681',100,125,246,1,0),(1880,'های گلاس','سفید ( 6001 )','60011605851',60,36,247,1,0),(1881,'های گلاس','سفید اکریلدار ( 670 )','6701605851',40,207,247,1,0),(1882,'های گلاس','مشکی ( 6002 )','60021605851',20,37,247,1,0),(1883,'های گلاس','سفید مات ( 634 )','6341605851',20,125,247,1,0),(1884,'های گلاس','خاکستری تیره ( 636 )','6361605851',20,128,247,1,0),(1885,'های گلاس','متالیک آنتراسیت (608)','6081605851',20,223,247,1,0),(1886,'صفحه کابینت','سفید ( 3103 )','32306024487',15,45,248,4,0),(1887,'صفحه کابینت','سفید ( 3103 )','32416024327',30,45,248,4,0),(1888,'صفحه کابینت','سفید ( 3103 )','32416024487',22,45,248,4,0),(1889,'صفحه کابینت','سفید ( 3103 )','32416014487',8,45,248,4,0),(1890,'صفحه کابینت','سامان ( 5069 )','53306024487',7,54,248,4,0),(1891,'صفحه کابینت','سامان ( 5069 )','53306014487',3,54,248,4,0),(1892,'صفحه کابینت','سامان ( 5069 )','53416024487',22,54,248,4,0),(1893,'صفحه کابینت','سامان ( 5069 )','53416014487',8,54,248,4,0),(1894,'صفحه کابینت','بلوط آمریکایی ( 4525 )','84306024327',20,62,248,4,0),(1895,'صفحه کابینت','بلوط آمریکایی ( 4525 )','84306014487',5,62,248,4,0),(1896,'صفحه کابینت','بلوط آمریکایی ( 4525 )','84306024487',15,62,248,4,0),(1897,'صفحه کابینت','طرح سنگ سفید ( 4206 )','97416024487',10,70,248,4,0),(1898,'صفحه کابینت','طرح سنگ سفید ( 4206 )','97416014487',5,70,248,4,0),(1899,'صفحه کابینت','طرح سنگ کرم ( 4207 )','50416024487',10,53,248,4,0),(1900,'صفحه کابینت','طرح سنگ طوسی تیره ( 4408 )','98416024487',6,71,248,4,0),(1901,'صفحه کابینت','طرح سنگ طوسی روشن ( 4410 )','99416024487',10,72,248,4,0),(1903,'صفحه کابینت','سفید ( 3103 )','32306024326',2,45,250,4,0),(1904,'صفحه کابینت','سفید ( 3103 )','32307028326',1,45,250,4,0),(1905,'صفحه کابینت','طرح سنگ سفید ( 4206 )','97419028487',1,70,251,4,0),(1906,'صفحه کابینت','بلوط آمریکایی ( 4525 )','84418028487',3,62,252,4,0),(1907,'صفحه کابینت','بلوط آمریکایی ( 4525 )','84416014487',4,62,252,4,0),(1908,'صفحه کابینت','اسپارک سفید ( 3096 )','66416524487',1,58,253,4,0),(1909,'صفحه کابینت','امپریا مشکی ( 4416 )','424110028487',1,48,254,4,0),(1910,'های گلاس','سفید مات اکووان ( 300 )','634160681',20,237,255,1,0),(1911,'های گلاس','سفید اکووان (301)','301160681',120,238,255,1,0),(1912,'های گلاس','خاکستری روشن اکووان (351)','351160681',20,252,255,1,0),(1913,'های گلاس','خاکستری تیره اکووان (362)','362160681',60,253,255,1,0),(1914,'های گلاس','سفید اکریل دار اکووان (341)','341160681',120,285,255,1,0),(1915,'های گلاس','انیکس نقره اکووان (349)','349160681',40,276,255,1,0),(1916,'های گلاس','سفید ( 6001 )','60011605851',80,36,256,1,0),(1917,'های گلاس','سفید اکریلدار ( 670 )','6701605851',40,207,256,1,0),(1918,'های گلاس','متالیک دارک ( 679 )','6791605851',40,209,256,1,0),(1919,'های گلاس','متالیک آنتراسیت (608)','6081605851',20,223,256,1,0),(1920,'های گلاس','اکرو کرم ( 590 )','5901605851',20,204,256,1,0),(1921,'صفحه کابینت','سامان ( 5069 )','53306024327',4,54,257,4,0),(1922,'صفحه کابینت','طرح سنگ طوسی تیره ( 4408 )','98416024327',3,71,257,4,0),(1923,'صفحه کابینت','نقره ای ( 5344 )','6416024327',4,1,257,4,0),(1924,'صفحه کابینت','لئون ( 4070 )','93306024327',2,69,257,4,0),(1925,'صفحه کابینت','لئون ( 4070 )','93416024327',6,69,257,4,0),(1926,'صفحه کابینت','سامان ( 5069 )','53306024486',5,54,257,4,0),(1927,'صفحه کابینت','طرح سنگ طوسی تیره ( 4408 )','98416024487',8,71,257,4,0),(1928,'صفحه کابینت','طرح سنگ طوسی تیره ( 4408 )','98306024487',2,71,257,4,0),(1929,'صفحه کابینت','امپریا سفید ( 4412 )','41416024487',5,47,257,4,0),(1930,'صفحه کابینت','امپریا سفید ( 4412 )','41416014487',3,47,257,4,0),(1931,'صفحه کابینت','طرح سنگ سفید ( 4206 )','97416024487',10,70,257,4,0),(1932,'صفحه کابینت','طرح سنگ سفید ( 4206 )','97416014487',5,70,257,4,0),(1933,'صفحه کابینت','سفید ( 3103 )','32306024486',4,45,257,4,0),(1934,'صفحه کابینت','سامان ( 5069 )','53416024487',5,54,257,4,0),(1935,'صفحه کابینت','مشکی ( 3190 )','31416024487',2,44,257,4,0),(1936,'صفحه کابینت','سفید ( 3103 )','32416024486',10,45,257,4,0),(1937,'صفحه کابینت','بلوط آمریکایی ( 4525 )','84306024487',4,62,257,4,0),(1938,'صفحه کابینت','بلوط آمریکایی ( 4525 )','84306014487',2,62,257,4,0),(1939,'صفحه کابینت','طرح سنگ کرم ( 4207 )','50416024487',6,53,257,4,0),(1940,'صفحه کابینت','طرح سنگ سفید ( 5657 )','87416024486',11,63,257,4,0),(1941,'صفحه کابینت','طرح سنگ سفید ( 5657 )','87416014486',5,63,257,4,0),(1942,'صفحه کابینت','سامان ( 5069 )','53306524487',2,54,257,4,0),(1943,'صفحه کابینت','کوارتز تیره ( 4325 )','43416024486',3,49,257,4,0),(1944,'صفحه کابینت','طرح سنگ طوسی کوارتز روشن ( 4327 )','56416024486',5,55,257,4,0),(1945,'صفحه کابینت','بلوط آمریکایی ( 4525 )','84416024487',5,62,257,4,0),(1946,'صفحه کابینت','سامان ( 5069 )','53416524487',5,54,257,4,0),(1947,'صفحه کابینت','امپریا مشکی طلایی ( 4215 )','33416024487',5,229,257,4,0),(1948,'صفحه کابینت','سامان ( 5069 )','53416024486',20,54,258,4,0),(1949,'صفحه کابینت','سامان ( 5069 )','53416524486',10,54,258,4,0),(1950,'صفحه کابینت','سامان ( 5069 )','53306024486',20,54,258,4,0),(1951,'صفحه کابینت','طرح سنگ سفید ( 5657 )','87416024486',1,63,258,4,0),(1952,'صفحه کابینت','طرح سنگ سفید ( 5657 )','87419028486',1,63,258,4,0),(1953,'صفحه کابینت','امپریا مشکی ( 4416 )','42416024487',4,48,258,4,0),(1954,'صفحه کابینت','امپریا مشکی ( 4416 )','42416014487',2,48,258,4,0),(1955,'های گلاس','سفید ( 6001 )','60011605851',200,36,259,1,0),(1956,'های گلاس','کاپوچینو مات سافتاچ ( 732 )','7321605851',40,141,259,1,0),(1957,'های گلاس','سفید مات ( 634 )','6341605851',60,125,259,1,0),(1958,'های گلاس','خاکستری تیره براق (990)','9901605851',40,230,259,1,0),(1959,'های گلاس','خاکستری روشن ( 626 )','6261605851',60,123,259,1,0),(1960,'های گلاس','خاکستری تیره ( 636 )','6361605851',100,128,259,1,0),(1961,'های گلاس','بیانکو ( 647 )','6471605851',100,133,259,1,0),(1962,'های گلاس','کاپوچینو ( 623 )','6231605851',20,122,259,1,0),(1963,'های گلاس','ترا کرم ( 674 )','6741605851',20,197,259,1,0),(1964,'های گلاس','سفید اکریلدار ( 670 )','6701605851',100,207,259,1,0),(1965,'های گلاس','اکرو کرم ( 590 )','5901605851',40,204,259,1,0),(1966,'های گلاس','آنتراسیت مات ( 508 )','5081605851',20,200,259,1,0),(1967,'های گلاس','گلکسی ( 640 )','6401605851',40,206,259,1,0),(1968,'های گلاس','مشکی اکریلدار ( 671 )','6711605851',20,208,259,1,0),(1969,'های گلاس','متالیک آنتراسیت (608)','6081605851',20,223,259,1,0),(1970,'های گلاس','سفید اکریلدار مات ( 3006 )','30061605851',20,212,259,1,0),(1981,'صفحه کابینت','بلوط آمریکایی ( 4525 )','84309028487',1,62,263,4,0),(1980,'صفحه کابینت','سامان ( 5069 )','53414524480',5,54,261,4,14750000),(1979,'صفحه کابینت','سفید ( 3103 )','32414524480',5,45,261,4,14750000),(1978,'صفحه کابینت','سفید ( 3103 )','32415024480',20,45,261,4,15350000),(1977,'صفحه کابینت','سامان ( 5069 )','53415024480',21,54,261,4,15350000),(1982,'صفحه کابینت','سفید ( 3103 )','32418028326',3,45,264,4,24800000),(1983,'صفحه کابینت','سیروس ( 4090 )','92416024487',7,68,265,4,16460000),(1984,'صفحه کابینت','سیروس ( 4090 )','92416014487',3,68,265,4,16260000),(1985,'صفحه کابینت','بلوط آمریکایی ( 4525 )','84306024487',15,62,265,4,16150000),(1986,'صفحه کابینت','طرح سنگ سفید ( 5657 )','87416024486',10,63,265,4,16460000),(1987,'صفحه کابینت','طرح سنگ طوسی تیره ( 4408 )','98306024487',10,71,265,4,16460000),(1988,'صفحه کابینت','امپریا سفید ( 4412 )','41416024487',7,47,265,4,16460000),(1989,'صفحه کابینت','امپریا سفید ( 4412 )','41416014487',3,47,265,4,16260000),(1990,'صفحه کابینت','بلوط آمریکایی ( 4525 )','84416024487',5,62,265,4,16460000),(1991,'صفحه کابینت','بلوط آمریکایی ( 4525 )','84416014487',5,62,265,4,16260000),(1992,'صفحه کابینت','طوسی ( 4409 )','40306014487',3,46,265,4,15950000),(1993,'صفحه کابینت','طوسی ( 4409 )','40306024487',3,46,265,4,16150000),(1994,'صفحه کابینت','طوسی ( 4409 )','40416014487',3,46,265,4,16260000),(1995,'صفحه کابینت','طوسی ( 4409 )','40416024487',3,46,265,4,16460000),(1996,'صفحه کابینت','طرح سنگ سفید ( 5657 )','874110028486',1,63,265,4,38250000),(1997,'صفحه کابینت','سامان ( 5069 )','53416024327',10,54,266,4,12440000),(1998,'صفحه کابینت','سامان ( 5069 )','53306024487',30,54,266,4,13490000),(1999,'صفحه کابینت','سامان ( 5069 )','53416024487',80,54,266,4,13770000),(2000,'صفحه کابینت','سفید ( 3103 )','32416024486',30,45,266,4,13770000),(2001,'صفحه کابینت','طرح سنگ سفید ( 4206 )','97416024487',60,70,266,4,13770000),(2002,'صفحه کابینت','طرح سنگ سفید ( 4206 )','97416014487',20,70,266,4,13360000),(2003,'صفحه کابینت','امپریا مشکی ( 4416 )','42416024487',30,48,266,4,13770000),(2004,'صفحه کابینت','امپریا مشکی ( 4416 )','42416014487',10,48,266,4,13360000),(2005,'صفحه کابینت','امپریا سفید ( 4412 )','41416024487',30,47,266,4,13770000),(2006,'صفحه کابینت','امپریا سفید ( 4412 )','41416014487',10,47,266,4,13360000),(2007,'صفحه کابینت','بلوط آمریکایی ( 4525 )','84416024487',30,62,266,4,13770000),(2008,'های گلاس','سفید اکووان (301)','301160681',60,238,268,1,13500000),(2009,'های گلاس','مشکی اکووان (302)','302160681',20,239,268,1,13500000),(2010,'های گلاس','انیکس طلایی اکووان (348)','348160681',20,291,268,1,15700000),(2011,'های گلاس','اروپاتیک اکووان (320)','320160681',20,262,268,1,14300000),(2012,'های گلاس','مشکی اکریل دار مات اکووان (381)','381160681',20,317,268,1,15100000),(2013,'های گلاس','سفید اکریل دار اکووان (341)','341160681',60,285,268,1,15100000),(2032,'های گلاس','سفید zirve','160381',80,295,276,1,13820000),(2015,'صفحه کابینت','طرح سنگ سفید ( 4206 )','97416024487',2,70,270,4,19300000),(2016,'صفحه کابینت','امپریا مشکی ( 4416 )','42416024487',1,48,270,4,19300000),(2017,'های گلاس','انیکس طلائی ( 6060 )','60601605851',20,218,271,1,17200000),(2018,'های گلاس','انیکس ( 6040 )','60401605851',20,217,271,1,17200000),(2019,'های گلاس','سفید مات ( 634 )','6341605851',20,125,271,1,15000000),(2020,'های گلاس','سفید ( 6001 )','60011605851',40,36,271,1,15000000),(2021,'های گلاس','خاکستری تیره اکووان (362)','362160681',60,253,272,1,15500000),(2022,'های گلاس','بیانکو اکووان (311)','311160681',40,245,272,1,15500000),(2023,'صفحه کابینت','طرح سنگ سفید ( 5657 )','87306024486',10,63,273,4,16150000),(2024,'صفحه کابینت','طرح سنگ سفید ( 5657 )','87306014486',10,63,273,4,14950000),(2025,'صفحه کابینت','طرح سنگ سفید ( 5657 )','87416024486',7,63,274,4,15730000),(2026,'صفحه کابینت','طرح سنگ سفید ( 5657 )','87416014486',3,63,274,4,15480000),(2027,'صفحه کابینت','سفید ( 3103 )','32416024487',10,45,274,4,15730000),(2028,'صفحه کابینت','سامان ( 5069 )','53416024487',10,54,274,4,15730000),(2029,'صفحه کابینت','طرح سنگ سفید ( 5657 )','87416024326',15,63,274,4,13860000),(2030,'صفحه کابینت','سفید ( 3103 )','32416024327',15,45,274,4,13860000),(2031,'صفحه کابینت','سفید ( 3103 )','32416024486',130,45,275,4,15830000),(2033,'های گلاس','بیانکو zirve','160381',20,323,276,1,13820000),(2034,'های گلاس','سفيد اکریل دار zirve','160381',80,296,276,1,15400000),(2035,'های گلاس','متالیک آنتراسیت zirve','160381',20,324,276,1,15400000),(2036,'های گلاس','اکرو قهوه ( 534 )','1605851',20,201,276,1,16600000),(2037,'های گلاس','متالیک آنتراسیت (608)','6081605851',20,223,276,1,16600000),(2038,'صفحه کابینت','طرح سنگ کرم ( 4207 )','50416014487',10,53,277,4,16260000),(2039,'صفحه کابینت','طرح سنگ کرم ( 4207 )','50416024487',10,53,277,4,16460000),(2040,'صفحه کابینت','طرح سنگ کرم ( 4207 )','50306014487',10,53,277,4,14950000),(2041,'صفحه کابینت','طرح سنگ کرم ( 4207 )','50306024487',10,53,277,4,16150000),(2042,'صفحه کابینت','امپریا مشکی ( 4416 )','42416014487',10,48,277,4,16260000),(2043,'صفحه کابینت','امپریا مشکی ( 4416 )','42416024487',10,48,277,4,16460000),(2044,'صفحه کابینت','امپریا سفید ( 4412 )','41416014487',10,47,277,4,16260000),(2045,'صفحه کابینت','امپریا سفید ( 4412 )','41416024487',10,47,277,4,16460000),(2046,'صفحه کابینت','بلوط آمریکایی ( 4525 )','84306014487',10,62,277,4,14650000),(2047,'صفحه کابینت','سیروس ( 4090 )','92416024487',10,68,278,4,18400000),(2048,'صفحه کابینت','سیروس ( 4090 )','92416014487',5,68,278,4,18000000),(2049,'صفحه کابینت','مشکی ( 3190 )','31416024487',5,44,278,4,18400000),(2050,'صفحه کابینت','سفید ( 3103 )','32416024487',10,45,278,4,18400000),(2051,'صفحه کابینت','سفید ( 3103 )','32416014487',5,45,278,4,18000000),(2052,'صفحه کابینت','امپریا سفید ( 4412 )','41416024487',10,47,278,4,18400000),(2053,'صفحه کابینت','آنتیک جویز (3093)','12416014487',5,307,278,4,18000000),(2054,'صفحه کابینت','طرح سنگ سفید ( 5657 )','87416024487',20,63,278,4,18400000),(2055,'صفحه کابینت','طرح سنگ سفید ( 5657 )','87416014487',5,63,278,4,18000000),(2056,'صفحه کابینت','طرح سنگ سفید ( 4206 )','97416014486',15,70,278,4,18400000),(2057,'صفحه کابینت','بلوط آمریکایی ( 4525 )','84416024487',10,62,278,4,18400000),(2058,'صفحه کابینت','بلوط آمریکایی ( 4525 )','84306024487',10,62,278,4,18100000),(2059,'صفحه کابینت','طرح سنگ طوسی تیره ( 4408 )','98416024487',10,71,278,4,18400000),(2060,'صفحه کابینت','طرح سنگ طوسی تیره ( 4408 )','98306024487',4,71,278,4,18100000),(2061,'صفحه کابینت','طرح سنگ طوسی تیره ( 4408 )','98306014487',2,71,278,4,17700000),(2062,'صفحه کابینت','طرح سنگ سفید ( 4206 )','97416024487',10,70,279,4,16640000),(2063,'صفحه کابینت','طرح سنگ سفید ( 4206 )','97416014487',5,70,279,4,16440000),(2064,'صفحه کابینت','سفید ( 3103 )','32416024486',15,45,279,4,16640000),(2065,'صفحه کابینت','سامان ( 5069 )','53416024487',20,54,279,4,16640000),(2066,'صفحه کابینت','سامان ( 5069 )','53417528487',3,54,279,4,23550000),(2067,'صفحه کابینت','سامان ( 5069 )','53416024327',10,54,279,4,14760000),(2068,'های گلاس','سفید اکریلدار ( 670 )','6701605851',100,207,280,1,15229358),(2069,'های گلاس','سفید ( 6001 )','60011605851',60,36,280,1,13761468),(2070,'های گلاس','انیکس طلائی ( 6060 )','60601605851',20,218,280,1,15779817),(2071,'های گلاس','متالیک آنتراسیت (608)','6081605851',40,223,280,1,15229358),(2072,'های گلاس','سفید اکووان (301)','301160681',120,238,281,1,13500000),(2073,'های گلاس','متالیک انتراسیت اکووان (345)','345160681',20,283,281,1,15100000),(2074,'های گلاس','سفید اکریل دار اکووان (341)','341160681',60,285,281,1,15100000),(2075,'های گلاس','انتراسیت مات اکووان (374)','374160681',20,294,281,1,15100000),(2076,'های گلاس','بیانکو اکووان (311)','311160681',20,245,281,1,13500000),(2084,'صفحه کابینت','طرح سنگ سفید ( 4206 )','97419028487',1,70,283,4,34380000),(2078,'های گلاس','سفید ( 6001 )','60011605851',40,36,282,1,14600000),(2079,'های گلاس','مشکی ( 6002 )','60021605851',20,37,282,1,14600000),(2080,'های گلاس','متالیک آنتراسیت (608)','6081605851',20,223,282,1,16200000),(2081,'های گلاس','خاکستری تیره ( 636 )','6361605851',20,128,282,1,14600000),(2082,'های گلاس','سفید اکریلدار ( 670 )','6701605851',20,207,282,1,16200000),(2083,'های گلاس','بیانکو ( 647 )','6471605851',20,133,282,1,14600000),(2085,'صفحه کابینت','امپریا مشکی ( 4416 )','42416024487',8,48,284,4,15700000),(2086,'صفحه کابینت','امپریا مشکی ( 4416 )','42416014487',2,48,284,4,15500000),(2087,'صفحه کابینت','سامان ( 5069 )','53306024487',10,54,284,4,15400000),(2088,'صفحه کابینت','سامان ( 5069 )','53416024487',15,54,284,4,15700000),(2089,'صفحه کابینت','طرح سنگ طوسی تیره ( 4408 )','98416024487',10,71,284,4,15700000),(2090,'صفحه کابینت','ورسیلیا ( 4225 )','34416024487',15,235,284,4,15700000),(2091,'صفحه کابینت','ورسیلیا ( 4225 )','34416014487',5,235,284,4,15500000),(2092,'صفحه کابینت','طرح سنگ سفید ( 4206 )','97416024487',10,70,284,4,15700000),(2093,'صفحه کابینت','طرح سنگ سفید ( 4206 )','97416014487',5,70,284,4,15500000),(2094,'صفحه کابینت','سفید ( 3103 )','32416024486',10,45,284,4,15700000),(2095,'صفحه کابینت','سفید ( 3103 )','32306024486',10,45,284,4,15400000),(2096,'صفحه کابینت','سامان ( 5069 )','53416024487',60,54,285,4,16750000),(2097,'صفحه کابینت','سامان ( 5069 )','53416014487',30,54,285,4,16550000),(2098,'صفحه کابینت','سفید ( 3103 )','32416024487',70,45,285,4,16750000),(2099,'صفحه کابینت','سفید ( 3103 )','32416014487',30,45,285,4,16550000),(2100,'صفحه کابینت','سامان ( 5069 )','53416024327',40,54,285,4,14900000),(2101,'صفحه کابینت','سفید ( 3103 )','32416024327',40,45,285,4,14900000),(2102,'صفحه کابینت','سیروس ( 4090 )','92416024487',7,68,285,4,16750000),(2103,'صفحه کابینت','سیروس ( 4090 )','92416014487',3,68,285,4,16550000),(2104,'صفحه کابینت','امپریا مشکی ( 4416 )','42416024487',5,48,285,4,16750000),(2105,'صفحه کابینت','امپریا مشکی ( 4416 )','42416014487',2,48,285,4,16550000),(2106,'صفحه کابینت','طرح سنگ سفید ( 4206 )','97416024487',13,70,285,4,16750000),(2107,'صفحه کابینت','طرح سنگ سفید ( 4206 )','97416014487',7,70,285,4,16550000),(2108,'صفحه کابینت','طرح سنگ طوسی روشن ( 4410 )','99416024487',5,72,285,4,16750000);
/*!40000 ALTER TABLE `base_orderitem` ENABLE KEYS */;
UNLOCK TABLES;

--
-- Table structure for table `base_orderitemdetail`
--

DROP TABLE IF EXISTS `base_orderitemdetail`;
/*!40101 SET @saved_cs_client     = @@character_set_client */;
/*!40101 SET character_set_client = utf8 */;
CREATE TABLE `base_orderitemdetail` (
  `id` bigint(20) NOT NULL AUTO_INCREMENT,
  `featureName` varchar(300) NOT NULL,
  `featureValueName` varchar(300) NOT NULL,
  `feature_id` bigint(20) DEFAULT NULL,
  `featureValue_id` bigint(20) DEFAULT NULL,
  `orderitem_id` bigint(20) NOT NULL,
  PRIMARY KEY (`id`),
  KEY `base_orderitemdetail_feature_id_5fc60443` (`feature_id`),
  KEY `base_orderitemdetail_featureValue_id_0ec373d8` (`featureValue_id`),
  KEY `base_orderitemdetail_orderitem_id_ea4e399a` (`orderitem_id`)
) ENGINE=MyISAM AUTO_INCREMENT=10756 DEFAULT CHARSET=utf8 COLLATE=utf8_general_ci;
/*!40101 SET character_set_client = @saved_cs_client */;

--
-- Dumping data for table `base_orderitemdetail`
--

LOCK TABLES `base_orderitemdetail` WRITE;
/*!40000 ALTER TABLE `base_orderitemdetail` DISABLE KEYS */;
INSERT INTO `base_orderitemdetail` VALUES (1,'نوع','مات',14,44,1),(2,'عرض','105',15,47,1),(3,'لبه','یک لبه',5,10,1),(4,'اچ پی ال','یک رو',6,12,1),(5,'ضخامت','32',4,5,1),(6,'نوع HPL','خارجی',16,48,1),(7,'تک لایه / سه لایه ','تک لایه',10,19,2),(8,'طول','2.44',7,24,2),(9,'کیفیت','آریا',8,28,2),(10,'ضخامت','3',4,29,2),(11,'خط تولید','خط 1',12,33,2),(12,'نوع','مات',14,44,3),(13,'عرض','105',15,47,3),(14,'لبه','یک لبه',5,10,3),(15,'اچ پی ال','یک رو',6,12,3),(16,'ضخامت','32',4,5,3),(17,'نوع HPL','خارجی',16,48,3),(18,'طول','2.80',7,14,4),(19,'ضخامت','2.2',4,7,4),(20,'کیفیت','درجه یک',8,15,4),(21,'نورگریز','باشد',9,17,4),(39,'لبه','دو لبه',5,11,8),(38,'عرض','60',15,73,8),(37,'نوع','براق',14,43,8),(26,'نوع','مات',14,44,6),(27,'عرض','105',15,47,6),(28,'لبه','یک لبه',5,10,6),(29,'اچ پی ال','یک رو',6,12,6),(30,'ضخامت','32',4,5,6),(31,'نوع HPL','خارجی',16,48,6),(32,'تک لایه / سه لایه ','تک لایه',10,19,7),(33,'طول','2.44',7,24,7),(34,'کیفیت','آریا',8,28,7),(35,'ضخامت','3',4,29,7),(36,'خط تولید','خط 1',12,33,7),(40,'اچ پی ال','یک رو',6,12,8),(41,'ضخامت','48',4,6,8),(42,'نوع HPL','آرتا ',16,50,8),(77,'ضخامت','48',4,6,14),(78,'نوع HPL','وایا',16,49,14),(75,'لبه','دو لبه',5,11,14),(76,'اچ پی ال','یک رو',6,12,14),(74,'عرض','60',15,73,14),(73,'نوع','براق',14,43,14),(67,'نوع','براق',14,43,13),(68,'عرض','60',15,73,13),(69,'لبه','دو لبه',5,11,13),(70,'اچ پی ال','یک رو',6,12,13),(71,'ضخامت','32',4,5,13),(72,'نوع HPL','آرتا ',16,50,13),(79,'نوع','براق',14,43,15),(80,'عرض','60',15,73,15),(81,'لبه','دو لبه',5,11,15),(82,'اچ پی ال','یک رو',6,12,15),(83,'ضخامت','32',4,5,15),(84,'نوع HPL','وایا',16,49,15),(85,'نوع','براق',14,43,16),(86,'عرض','60',15,73,16),(87,'لبه','دو لبه',5,11,16),(88,'اچ پی ال','یک رو',6,12,16),(89,'ضخامت','48',4,6,16),(90,'نوع HPL','آرتا ',16,50,16),(91,'نوع','مات',14,44,17),(92,'عرض','60',15,73,17),(93,'لبه','دو لبه',5,11,17),(94,'اچ پی ال','یک رو',6,12,17),(95,'ضخامت','32',4,5,17),(96,'نوع HPL','آرتا ',16,50,17),(97,'نوع','براق',14,43,18),(98,'عرض','60',15,73,18),(99,'لبه','دو لبه',5,11,18),(100,'اچ پی ال','یک رو',6,12,18),(101,'ضخامت','48',4,6,18),(102,'نوع HPL','وایا',16,49,18),(103,'نوع','مات',14,44,19),(104,'عرض','60',15,73,19),(105,'لبه','دو لبه',5,11,19),(106,'اچ پی ال','یک رو',6,12,19),(107,'ضخامت','32',4,5,19),(108,'نوع HPL','آرتا ',16,50,19),(109,'نوع','مات',14,44,20),(110,'عرض','70',15,75,20),(111,'لبه','دو لبه',5,11,20),(112,'اچ پی ال','یک رو',6,12,20),(113,'ضخامت','48',4,6,20),(114,'نوع HPL','آرتا ',16,50,20),(115,'نوع','براق',14,43,21),(116,'عرض','60',15,73,21),(117,'لبه','دو لبه',5,11,21),(118,'اچ پی ال','یک رو',6,12,21),(119,'ضخامت','48',4,6,21),(120,'نوع HPL','آرتا ',16,50,21),(615,'اچ پی ال','یک رو',6,12,126),(614,'لبه','دو لبه',5,11,126),(613,'عرض','60',15,73,126),(612,'نوع','براق',14,43,126),(127,'ضخامت','16',4,37,24),(128,'کیفیت','درجه یک',8,38,24),(129,'برند','ANG',13,40,24),(130,'ضخامت','16',4,37,25),(131,'کیفیت','درجه یک',8,38,25),(132,'برند','ANG',13,40,25),(133,'ضخامت','16',4,37,26),(134,'کیفیت','درجه یک',8,38,26),(135,'برند','ANG',13,40,26),(136,'ضخامت','16',4,37,27),(137,'کیفیت','درجه یک',8,38,27),(138,'برند','ANG',13,40,27),(139,'ضخامت','16',4,37,28),(140,'کیفیت','درجه یک',8,38,28),(141,'برند','ANG',13,40,28),(142,'ضخامت','16',4,37,29),(143,'کیفیت','درجه یک',8,38,29),(144,'برند','ANG',13,40,29),(145,'نوع','براق',14,43,30),(146,'عرض','75',15,76,30),(147,'لبه','یک لبه',5,10,30),(148,'اچ پی ال','دو رو',6,13,30),(149,'ضخامت','48',4,6,30),(150,'نوع HPL','خارجی',16,48,30),(151,'نوع','مات',14,44,31),(152,'عرض','45',15,70,31),(153,'لبه','دو لبه',5,11,31),(154,'اچ پی ال','دو رو',6,13,31),(155,'ضخامت','48',4,6,31),(156,'نوع HPL','خارجی',16,48,31),(157,'ضخامت','16',4,37,32),(158,'کیفیت','درجه یک',8,38,32),(159,'برند','ANG',13,40,32),(160,'ضخامت','16',4,37,33),(161,'کیفیت','درجه یک',8,38,33),(162,'برند','ANG',13,40,33),(163,'نوع','براق',14,43,34),(164,'عرض','60',15,73,34),(165,'لبه','دو لبه',5,11,34),(166,'اچ پی ال','یک رو',6,12,34),(167,'ضخامت','48',4,6,34),(168,'نوع HPL','آرتا ',16,50,34),(169,'نوع','براق',14,43,35),(170,'عرض','60',15,73,35),(171,'لبه','یک لبه',5,10,35),(172,'اچ پی ال','یک رو',6,12,35),(173,'ضخامت','48',4,6,35),(174,'نوع HPL','آرتا ',16,50,35),(175,'نوع','براق',14,43,36),(176,'عرض','60',15,73,36),(177,'لبه','دو لبه',5,11,36),(178,'اچ پی ال','یک رو',6,12,36),(179,'ضخامت','48',4,6,36),(180,'نوع HPL','آرتا ',16,50,36),(181,'نوع','براق',14,43,37),(182,'عرض','60',15,73,37),(183,'لبه','یک لبه',5,10,37),(184,'اچ پی ال','یک رو',6,12,37),(185,'ضخامت','48',4,6,37),(186,'نوع HPL','آرتا ',16,50,37),(187,'نوع','براق',14,43,38),(188,'عرض','60',15,73,38),(189,'لبه','دو لبه',5,11,38),(190,'اچ پی ال','یک رو',6,12,38),(191,'ضخامت','48',4,6,38),(192,'نوع HPL','آرتا ',16,50,38),(193,'نوع','براق',14,43,39),(194,'عرض','60',15,73,39),(195,'لبه','دو لبه',5,11,39),(196,'اچ پی ال','یک رو',6,12,39),(197,'ضخامت','48',4,6,39),(198,'نوع HPL','وایا',16,49,39),(199,'نوع','براق',14,43,40),(200,'عرض','60',15,73,40),(201,'لبه','دو لبه',5,11,40),(202,'اچ پی ال','یک رو',6,12,40),(203,'ضخامت','48',4,6,40),(204,'نوع HPL','وایا',16,49,40),(205,'نوع','براق',14,43,41),(206,'عرض','60',15,73,41),(207,'لبه','دو لبه',5,11,41),(208,'اچ پی ال','یک رو',6,12,41),(209,'ضخامت','32',4,5,41),(210,'نوع HPL','وایا',16,49,41),(222,'ضخامت','48',4,6,44),(221,'اچ پی ال','دو رو',6,13,44),(220,'لبه','دو لبه',5,11,44),(219,'عرض','80',15,77,44),(218,'نوع','براق',14,43,44),(223,'نوع HPL','آرتا ',16,50,44),(224,'نوع','براق',14,43,45),(225,'عرض','80',15,77,45),(226,'لبه','دو لبه',5,11,45),(227,'اچ پی ال','دو رو',6,13,45),(228,'ضخامت','48',4,6,45),(229,'نوع HPL','آرتا ',16,50,45),(230,'نوع','براق',14,43,46),(231,'عرض','60',15,73,46),(232,'لبه','دو لبه',5,11,46),(233,'اچ پی ال','یک رو',6,12,46),(234,'ضخامت','48',4,6,46),(235,'نوع HPL','آرتا ',16,50,46),(236,'نوع','براق',14,43,47),(237,'عرض','60',15,73,47),(238,'لبه','دو لبه',5,11,47),(239,'اچ پی ال','یک رو',6,12,47),(240,'ضخامت','48',4,6,47),(241,'نوع HPL','آرتا ',16,50,47),(252,'ضخامت','48',4,6,49),(251,'اچ پی ال','یک رو',6,12,49),(250,'لبه','دو لبه',5,11,49),(249,'عرض','60',15,73,49),(248,'نوع','براق',14,43,49),(253,'نوع HPL','وایا',16,49,49),(254,'نوع','براق',14,43,50),(255,'عرض','60',15,73,50),(256,'لبه','یک لبه',5,10,50),(257,'اچ پی ال','یک رو',6,12,50),(258,'ضخامت','48',4,6,50),(259,'نوع HPL','وایا',16,49,50),(260,'نوع','مات',14,44,51),(261,'عرض','60',15,73,51),(262,'لبه','دو لبه',5,11,51),(263,'اچ پی ال','یک رو',6,12,51),(264,'ضخامت','48',4,6,51),(265,'نوع HPL','آرتا ',16,50,51),(266,'نوع','مات',14,44,52),(267,'عرض','60',15,73,52),(268,'لبه','یک لبه',5,10,52),(269,'اچ پی ال','یک رو',6,12,52),(270,'ضخامت','48',4,6,52),(271,'نوع HPL','آرتا ',16,50,52),(272,'نوع','براق',14,43,53),(273,'عرض','60',15,73,53),(274,'لبه','دو لبه',5,11,53),(275,'اچ پی ال','یک رو',6,12,53),(276,'ضخامت','48',4,6,53),(277,'نوع HPL','آرتا ',16,50,53),(278,'نوع','براق',14,43,54),(279,'عرض','60',15,73,54),(280,'لبه','یک لبه',5,10,54),(281,'اچ پی ال','یک رو',6,12,54),(282,'ضخامت','48',4,6,54),(283,'نوع HPL','آرتا ',16,50,54),(284,'نوع','براق',14,43,55),(285,'عرض','60',15,73,55),(286,'لبه','دو لبه',5,11,55),(287,'اچ پی ال','یک رو',6,12,55),(288,'ضخامت','48',4,6,55),(289,'نوع HPL','آرتا ',16,50,55),(290,'نوع','براق',14,43,56),(291,'عرض','80',15,77,56),(292,'لبه','دو لبه',5,11,56),(293,'اچ پی ال','دو رو',6,13,56),(294,'ضخامت','48',4,6,56),(295,'نوع HPL','وایا',16,49,56),(296,'نوع','براق',14,43,57),(297,'عرض','60',15,73,57),(298,'لبه','یک لبه',5,10,57),(299,'اچ پی ال','یک رو',6,12,57),(300,'ضخامت','48',4,6,57),(301,'نوع HPL','آرتا ',16,50,57),(302,'نوع','براق',14,43,58),(303,'عرض','60',15,73,58),(304,'لبه','دو لبه',5,11,58),(305,'اچ پی ال','یک رو',6,12,58),(306,'ضخامت','48',4,6,58),(307,'نوع HPL','آرتا ',16,50,58),(308,'نوع','براق',14,43,59),(309,'عرض','60',15,73,59),(310,'لبه','یک لبه',5,10,59),(311,'اچ پی ال','یک رو',6,12,59),(312,'ضخامت','48',4,6,59),(313,'نوع HPL','آرتا ',16,50,59),(314,'نوع','براق',14,43,60),(315,'عرض','60',15,73,60),(316,'لبه','دو لبه',5,11,60),(317,'اچ پی ال','یک رو',6,12,60),(318,'ضخامت','48',4,6,60),(319,'نوع HPL','آرتا ',16,50,60),(320,'نوع','براق',14,43,61),(321,'عرض','60',15,73,61),(322,'لبه','دو لبه',5,11,61),(323,'اچ پی ال','یک رو',6,12,61),(324,'ضخامت','48',4,6,61),(325,'نوع HPL','وایا',16,49,61),(326,'نوع','مات',14,44,62),(327,'عرض','60',15,73,62),(328,'لبه','دو لبه',5,11,62),(329,'اچ پی ال','یک رو',6,12,62),(330,'ضخامت','48',4,6,62),(331,'نوع HPL','آرتا ',16,50,62),(332,'نوع','مات',14,44,63),(333,'عرض','60',15,73,63),(334,'لبه','یک لبه',5,10,63),(335,'اچ پی ال','یک رو',6,12,63),(336,'ضخامت','48',4,6,63),(337,'نوع HPL','آرتا ',16,50,63),(338,'نوع','براق',14,43,64),(339,'عرض','60',15,73,64),(340,'لبه','دو لبه',5,11,64),(341,'اچ پی ال','یک رو',6,12,64),(342,'ضخامت','32',4,5,64),(343,'نوع HPL','وایا',16,49,64),(344,'نوع','براق',14,43,65),(345,'عرض','60',15,73,65),(346,'لبه','دو لبه',5,11,65),(347,'اچ پی ال','یک رو',6,12,65),(348,'ضخامت','32',4,5,65),(349,'نوع HPL','وایا',16,49,65),(350,'تک لایه / سه لایه ','تک لایه',10,19,66),(351,'طول','2.44',7,24,66),(352,'کیفیت','آریا',8,28,66),(353,'ضخامت','3',4,29,66),(354,'خط تولید','خط 1',12,33,66),(355,'طول','2.80',7,14,67),(356,'ضخامت','2.2',4,7,67),(357,'کیفیت','درجه یک',8,15,67),(358,'نورگریز','باشد',9,17,67),(359,'ضخامت','16',4,37,68),(360,'کیفیت','درجه یک',8,38,68),(361,'برند','ANG',13,40,68),(362,'ضخامت','16',4,37,69),(363,'کیفیت','درجه یک',8,38,69),(364,'برند','ANG',13,40,69),(365,'ضخامت','16',4,37,70),(366,'کیفیت','درجه یک',8,38,70),(367,'برند','ANG',13,40,70),(368,'ضخامت','16',4,37,71),(369,'کیفیت','درجه یک',8,38,71),(370,'برند','ANG',13,40,71),(371,'ضخامت','16',4,37,72),(372,'کیفیت','درجه یک',8,38,72),(373,'برند','ANG',13,40,72),(374,'ضخامت','16',4,37,73),(375,'کیفیت','درجه یک',8,38,73),(376,'برند','ANG',13,40,73),(377,'ضخامت','16',4,37,74),(378,'کیفیت','درجه یک',8,38,74),(379,'برند','ANG',13,40,74),(380,'ضخامت','16',4,37,75),(381,'کیفیت','درجه یک',8,38,75),(382,'برند','ANG',13,40,75),(383,'ضخامت','16',4,37,76),(384,'کیفیت','درجه یک',8,38,76),(385,'برند','ANG',13,40,76),(386,'ضخامت','16',4,37,77),(387,'کیفیت','درجه یک',8,38,77),(388,'برند','ANG',13,40,77),(389,'ضخامت','16',4,37,78),(390,'کیفیت','درجه یک',8,38,78),(391,'برند','ANG',13,40,78),(392,'ضخامت','16',4,37,79),(393,'کیفیت','درجه یک',8,38,79),(394,'برند','ANG',13,40,79),(395,'ضخامت','16',4,37,80),(396,'کیفیت','درجه یک',8,38,80),(397,'برند','ANG',13,40,80),(398,'ضخامت','16',4,37,81),(399,'کیفیت','درجه یک',8,38,81),(400,'برند','ANG',13,40,81),(401,'ضخامت','16',4,37,82),(402,'کیفیت','درجه یک',8,38,82),(403,'برند','ANG',13,40,82),(404,'ضخامت','16',4,37,83),(405,'کیفیت','درجه یک',8,38,83),(406,'برند','ANG',13,40,83),(407,'ضخامت','16',4,37,84),(408,'کیفیت','درجه یک',8,38,84),(409,'برند','ANG',13,40,84),(410,'نوع','براق',14,43,85),(411,'عرض','60',15,73,85),(412,'لبه','دو لبه',5,11,85),(413,'اچ پی ال','یک رو',6,12,85),(414,'ضخامت','48',4,6,85),(415,'نوع HPL','آرتا ',16,50,85),(416,'نوع','براق',14,43,86),(417,'عرض','60',15,73,86),(418,'لبه','دو لبه',5,11,86),(419,'اچ پی ال','یک رو',6,12,86),(420,'ضخامت','48',4,6,86),(421,'نوع HPL','وایا',16,49,86),(422,'نوع','براق',14,43,87),(423,'عرض','60',15,73,87),(424,'لبه','دو لبه',5,11,87),(425,'اچ پی ال','یک رو',6,12,87),(426,'ضخامت','48',4,6,87),(427,'نوع HPL','آرتا ',16,50,87),(428,'نوع','براق',14,43,88),(429,'عرض','60',15,73,88),(430,'لبه','دو لبه',5,11,88),(431,'اچ پی ال','یک رو',6,12,88),(432,'ضخامت','48',4,6,88),(433,'نوع HPL','آرتا ',16,50,88),(434,'نوع','براق',14,43,89),(435,'عرض','60',15,73,89),(436,'لبه','دو لبه',5,11,89),(437,'اچ پی ال','یک رو',6,12,89),(438,'ضخامت','48',4,6,89),(439,'نوع HPL','وایا',16,49,89),(440,'نوع','براق',14,43,90),(441,'عرض','60',15,73,90),(442,'لبه','دو لبه',5,11,90),(443,'اچ پی ال','یک رو',6,12,90),(444,'ضخامت','48',4,6,90),(445,'نوع HPL','آرتا ',16,50,90),(446,'نوع','مات',14,44,91),(447,'عرض','60',15,73,91),(448,'لبه','دو لبه',5,11,91),(449,'اچ پی ال','یک رو',6,12,91),(450,'ضخامت','48',4,6,91),(451,'نوع HPL','آرتا ',16,50,91),(452,'نوع','براق',14,43,92),(453,'عرض','60',15,73,92),(454,'لبه','دو لبه',5,11,92),(455,'اچ پی ال','یک رو',6,12,92),(456,'ضخامت','32',4,5,92),(457,'نوع HPL','آرتا ',16,50,92),(458,'نوع','براق',14,43,93),(459,'عرض','60',15,73,93),(460,'لبه','دو لبه',5,11,93),(461,'اچ پی ال','یک رو',6,12,93),(462,'ضخامت','32',4,5,93),(463,'نوع HPL','آرتا ',16,50,93),(464,'نوع','مات',14,44,94),(465,'عرض','60',15,73,94),(466,'لبه','دو لبه',5,11,94),(467,'اچ پی ال','یک رو',6,12,94),(468,'ضخامت','32',4,5,94),(469,'نوع HPL','آرتا ',16,50,94),(470,'نوع','مات',14,44,95),(471,'عرض','60',15,73,95),(472,'لبه','دو لبه',5,11,95),(473,'اچ پی ال','یک رو',6,12,95),(474,'ضخامت','32',4,5,95),(475,'نوع HPL','آرتا ',16,50,95),(476,'نوع','مات',14,44,96),(477,'عرض','60',15,73,96),(478,'لبه','دو لبه',5,11,96),(479,'اچ پی ال','یک رو',6,12,96),(480,'ضخامت','32',4,5,96),(481,'نوع HPL','وایا',16,49,96),(482,'نوع','براق',14,43,97),(483,'عرض','60',15,73,97),(484,'لبه','دو لبه',5,11,97),(485,'اچ پی ال','یک رو',6,12,97),(486,'ضخامت','32',4,5,97),(487,'نوع HPL','وایا',16,49,97),(488,'نوع','براق',14,43,98),(489,'عرض','60',15,73,98),(490,'لبه','دو لبه',5,11,98),(491,'اچ پی ال','یک رو',6,12,98),(492,'ضخامت','32',4,5,98),(493,'نوع HPL','آرتا ',16,50,98),(494,'نوع','مات',14,44,99),(495,'عرض','60',15,73,99),(496,'لبه','دو لبه',5,11,99),(497,'اچ پی ال','یک رو',6,12,99),(498,'ضخامت','48',4,6,99),(499,'نوع HPL','آرتا ',16,50,99),(500,'نوع','مات',14,44,100),(501,'عرض','60',15,73,100),(502,'لبه','دو لبه',5,11,100),(503,'اچ پی ال','یک رو',6,12,100),(504,'ضخامت','48',4,6,100),(505,'نوع HPL','وایا',16,49,100),(506,'نوع','براق',14,43,101),(507,'عرض','60',15,73,101),(508,'لبه','دو لبه',5,11,101),(509,'اچ پی ال','یک رو',6,12,101),(510,'ضخامت','48',4,6,101),(511,'نوع HPL','آرتا ',16,50,101),(512,'نوع','براق',14,43,102),(513,'عرض','60',15,73,102),(514,'لبه','یک لبه',5,10,102),(515,'اچ پی ال','یک رو',6,12,102),(516,'ضخامت','48',4,6,102),(517,'نوع HPL','آرتا ',16,50,102),(518,'نوع','براق',14,43,103),(519,'عرض','60',15,73,103),(520,'لبه','دو لبه',5,11,103),(521,'اچ پی ال','یک رو',6,12,103),(522,'ضخامت','48',4,6,103),(523,'نوع HPL','آرتا ',16,50,103),(524,'نوع','براق',14,43,104),(525,'عرض','60',15,73,104),(526,'لبه','یک لبه',5,10,104),(527,'اچ پی ال','یک رو',6,12,104),(528,'ضخامت','48',4,6,104),(529,'نوع HPL','آرتا ',16,50,104),(530,'نوع','براق',14,43,105),(531,'عرض','60',15,73,105),(532,'لبه','دو لبه',5,11,105),(533,'اچ پی ال','یک رو',6,12,105),(534,'ضخامت','48',4,6,105),(535,'نوع HPL','وایا',16,49,105),(536,'نوع','براق',14,43,106),(537,'عرض','60',15,73,106),(538,'لبه','دو لبه',5,11,106),(539,'اچ پی ال','یک رو',6,12,106),(540,'ضخامت','48',4,6,106),(541,'نوع HPL','آرتا ',16,50,106),(542,'نوع','براق',14,43,107),(543,'عرض','60',15,73,107),(544,'لبه','دو لبه',5,11,107),(545,'اچ پی ال','یک رو',6,12,107),(546,'ضخامت','48',4,6,107),(547,'نوع HPL','وایا',16,49,107),(548,'نوع','براق',14,43,108),(549,'عرض','60',15,73,108),(550,'لبه','دو لبه',5,11,108),(551,'اچ پی ال','یک رو',6,12,108),(552,'ضخامت','48',4,6,108),(553,'نوع HPL','آرتا ',16,50,108),(554,'نوع','براق',14,43,109),(555,'عرض','60',15,73,109),(556,'لبه','یک لبه',5,10,109),(557,'اچ پی ال','یک رو',6,12,109),(558,'ضخامت','48',4,6,109),(559,'نوع HPL','آرتا ',16,50,109),(560,'ضخامت','16',4,37,110),(561,'کیفیت','درجه یک',8,38,110),(562,'برند','ANG',13,40,110),(563,'طول','2.80',7,14,111),(564,'ضخامت','2.2',4,7,111),(565,'کیفیت','درجه یک',8,15,111),(566,'نورگریز','باشد',9,17,111),(567,'نوع','مات',14,44,112),(568,'عرض','45',15,70,112),(569,'لبه','دو لبه',5,11,112),(570,'اچ پی ال','دو رو',6,13,112),(571,'ضخامت','48',4,6,112),(572,'نوع HPL','خارجی',16,48,112),(573,'ضخامت','16',4,37,113),(574,'کیفیت','درجه یک',8,38,113),(575,'برند','ANG',13,40,113),(576,'ضخامت','16',4,37,114),(577,'کیفیت','درجه یک',8,38,114),(578,'برند','ANG',13,40,114),(579,'ضخامت','16',4,37,115),(580,'کیفیت','درجه یک',8,38,115),(581,'برند','ANG',13,40,115),(582,'ضخامت','16',4,37,116),(583,'کیفیت','درجه یک',8,38,116),(584,'برند','ANG',13,40,116),(585,'ضخامت','16',4,37,117),(586,'کیفیت','درجه یک',8,38,117),(587,'برند','ANG',13,40,117),(588,'ضخامت','16',4,37,118),(589,'کیفیت','درجه یک',8,38,118),(590,'برند','ANG',13,40,118),(591,'ضخامت','16',4,37,119),(592,'کیفیت','درجه یک',8,38,119),(593,'برند','ANG',13,40,119),(594,'ضخامت','16',4,37,120),(595,'کیفیت','درجه یک',8,38,120),(596,'برند','ANG',13,40,120),(597,'ضخامت','16',4,37,121),(598,'کیفیت','درجه یک',8,38,121),(599,'برند','ANG',13,40,121),(600,'ضخامت','16',4,37,122),(601,'کیفیت','درجه یک',8,38,122),(602,'برند','ANG',13,40,122),(603,'ضخامت','16',4,37,123),(604,'کیفیت','درجه یک',8,38,123),(605,'برند','ANG',13,40,123),(606,'ضخامت','16',4,37,124),(607,'کیفیت','درجه یک',8,38,124),(608,'برند','ANG',13,40,124),(609,'ضخامت','16',4,37,125),(610,'کیفیت','درجه یک',8,38,125),(611,'برند','ANG',13,40,125),(616,'ضخامت','48',4,6,126),(617,'نوع HPL','وایا',16,49,126),(618,'ضخامت','16',4,37,127),(619,'کیفیت','درجه یک',8,38,127),(620,'برند','ANG',13,40,127),(621,'ضخامت','16',4,37,128),(622,'کیفیت','درجه یک',8,38,128),(623,'برند','ANG',13,40,128),(624,'ضخامت','16',4,37,129),(625,'کیفیت','درجه یک',8,38,129),(626,'برند','ANG',13,40,129),(627,'ضخامت','16',4,37,130),(628,'کیفیت','درجه یک',8,38,130),(629,'برند','ANG',13,40,130),(630,'ضخامت','16',4,37,131),(631,'کیفیت','درجه یک',8,38,131),(632,'برند','ANG',13,40,131),(633,'ضخامت','16',4,37,132),(634,'کیفیت','درجه یک',8,38,132),(635,'برند','ANG',13,40,132),(636,'ضخامت','16',4,37,133),(637,'کیفیت','درجه یک',8,38,133),(638,'برند','ANG',13,40,133),(639,'نوع','براق',14,43,134),(640,'عرض','60',15,73,134),(641,'لبه','دو لبه',5,11,134),(642,'اچ پی ال','یک رو',6,12,134),(643,'ضخامت','48',4,6,134),(644,'نوع HPL','آرتا ',16,50,134),(645,'نوع','براق',14,43,135),(646,'عرض','60',15,73,135),(647,'لبه','یک لبه',5,10,135),(648,'اچ پی ال','یک رو',6,12,135),(649,'ضخامت','48',4,6,135),(650,'نوع HPL','آرتا ',16,50,135),(651,'نوع','براق',14,43,136),(652,'عرض','60',15,73,136),(653,'لبه','دو لبه',5,11,136),(654,'اچ پی ال','یک رو',6,12,136),(655,'ضخامت','48',4,6,136),(656,'نوع HPL','آرتا ',16,50,136),(657,'نوع','براق',14,43,137),(658,'عرض','60',15,73,137),(659,'لبه','دو لبه',5,11,137),(660,'اچ پی ال','یک رو',6,12,137),(661,'ضخامت','48',4,6,137),(662,'نوع HPL','آرتا ',16,50,137),(663,'نوع','براق',14,43,138),(664,'عرض','60',15,73,138),(665,'لبه','یک لبه',5,10,138),(666,'اچ پی ال','یک رو',6,12,138),(667,'ضخامت','48',4,6,138),(668,'نوع HPL','آرتا ',16,50,138),(669,'نوع','براق',14,43,139),(670,'عرض','60',15,73,139),(671,'لبه','دو لبه',5,11,139),(672,'اچ پی ال','یک رو',6,12,139),(673,'ضخامت','48',4,6,139),(674,'نوع HPL','آرتا ',16,50,139),(675,'نوع','براق',14,43,140),(676,'عرض','60',15,73,140),(677,'لبه','یک لبه',5,10,140),(678,'اچ پی ال','یک رو',6,12,140),(679,'ضخامت','48',4,6,140),(680,'نوع HPL','آرتا ',16,50,140),(681,'نوع','براق',14,43,141),(682,'عرض','60',15,73,141),(683,'لبه','دو لبه',5,11,141),(684,'اچ پی ال','یک رو',6,12,141),(685,'ضخامت','48',4,6,141),(686,'نوع HPL','آرتا ',16,50,141),(687,'نوع','براق',14,43,142),(688,'عرض','60',15,73,142),(689,'لبه','دو لبه',5,11,142),(690,'اچ پی ال','یک رو',6,12,142),(691,'ضخامت','48',4,6,142),(692,'نوع HPL','آرتا ',16,50,142),(693,'نوع','براق',14,43,143),(694,'عرض','60',15,73,143),(695,'لبه','یک لبه',5,10,143),(696,'اچ پی ال','یک رو',6,12,143),(697,'ضخامت','48',4,6,143),(698,'نوع HPL','آرتا ',16,50,143),(699,'نوع','براق',14,43,144),(700,'عرض','60',15,73,144),(701,'لبه','دو لبه',5,11,144),(702,'اچ پی ال','یک رو',6,12,144),(703,'ضخامت','48',4,6,144),(704,'نوع HPL','آرتا ',16,50,144),(705,'نوع','براق',14,43,145),(706,'عرض','60',15,73,145),(707,'لبه','دو لبه',5,11,145),(708,'اچ پی ال','یک رو',6,12,145),(709,'ضخامت','48',4,6,145),(710,'نوع HPL','آرتا ',16,50,145),(711,'نوع','براق',14,43,146),(712,'عرض','60',15,73,146),(713,'لبه','دو لبه',5,11,146),(714,'اچ پی ال','یک رو',6,12,146),(715,'ضخامت','48',4,6,146),(716,'نوع HPL','آرتا ',16,50,146),(717,'نوع','براق',14,43,147),(718,'عرض','60',15,73,147),(719,'لبه','دو لبه',5,11,147),(720,'اچ پی ال','یک رو',6,12,147),(721,'ضخامت','32',4,5,147),(722,'نوع HPL','آرتا ',16,50,147),(723,'نوع','براق',14,43,148),(724,'عرض','60',15,73,148),(725,'لبه','دو لبه',5,11,148),(726,'اچ پی ال','یک رو',6,12,148),(727,'ضخامت','32',4,5,148),(728,'نوع HPL','آرتا ',16,50,148),(729,'نوع','براق',14,43,149),(730,'عرض','60',15,73,149),(731,'لبه','دو لبه',5,11,149),(732,'اچ پی ال','یک رو',6,12,149),(733,'ضخامت','32',4,5,149),(734,'نوع HPL','آرتا ',16,50,149),(735,'نوع','براق',14,43,150),(736,'عرض','60',15,73,150),(737,'لبه','دو لبه',5,11,150),(738,'اچ پی ال','یک رو',6,12,150),(739,'ضخامت','32',4,5,150),(740,'نوع HPL','آرتا ',16,50,150),(741,'نوع','براق',14,43,151),(742,'عرض','60',15,73,151),(743,'لبه','دو لبه',5,11,151),(744,'اچ پی ال','یک رو',6,12,151),(745,'ضخامت','32',4,5,151),(746,'نوع HPL','آرتا ',16,50,151),(747,'ضخامت','16',4,37,152),(748,'کیفیت','درجه یک',8,38,152),(749,'برند','Ecoone',13,41,152),(750,'ضخامت','16',4,37,153),(751,'کیفیت','درجه یک',8,38,153),(752,'برند','Ecoone',13,41,153),(753,'ضخامت','16',4,37,154),(754,'کیفیت','درجه یک',8,38,154),(755,'برند','Ecoone',13,41,154),(756,'ضخامت','16',4,37,155),(757,'کیفیت','درجه یک',8,38,155),(758,'برند','Ecoone',13,41,155),(759,'ضخامت','16',4,37,156),(760,'کیفیت','درجه یک',8,38,156),(761,'برند','Ecoone',13,41,156),(762,'ضخامت','16',4,37,157),(763,'کیفیت','درجه یک',8,38,157),(764,'برند','Ecoone',13,41,157),(765,'ضخامت','16',4,37,158),(766,'کیفیت','درجه یک',8,38,158),(767,'برند','Ecoone',13,41,158),(768,'ضخامت','16',4,37,159),(769,'کیفیت','درجه یک',8,38,159),(770,'برند','Ecoone',13,41,159),(771,'ضخامت','16',4,37,160),(772,'کیفیت','درجه یک',8,38,160),(773,'برند','Ecoone',13,41,160),(774,'ضخامت','16',4,37,161),(775,'کیفیت','درجه یک',8,38,161),(776,'برند','Ecoone',13,41,161),(777,'ضخامت','16',4,37,162),(778,'کیفیت','درجه یک',8,38,162),(779,'برند','Ecoone',13,41,162),(780,'ضخامت','16',4,37,163),(781,'کیفیت','درجه یک',8,38,163),(782,'برند','Zirve',13,42,163),(783,'ضخامت','16',4,37,164),(784,'کیفیت','درجه یک',8,38,164),(785,'برند','Zirve',13,42,164),(786,'ضخامت','16',4,37,165),(787,'کیفیت','درجه یک',8,38,165),(788,'برند','Zirve',13,42,165),(789,'ضخامت','16',4,37,166),(790,'کیفیت','درجه یک',8,38,166),(791,'برند','Zirve',13,42,166),(792,'ضخامت','16',4,37,167),(793,'کیفیت','درجه یک',8,38,167),(794,'برند','Ecoone',13,41,167),(795,'ضخامت','16',4,37,168),(796,'کیفیت','درجه یک',8,38,168),(797,'برند','Ecoone',13,41,168),(798,'ضخامت','16',4,37,169),(799,'کیفیت','درجه یک',8,38,169),(800,'برند','Ecoone',13,41,169),(801,'نوع','براق',14,43,170),(802,'عرض','60',15,73,170),(803,'لبه','دو لبه',5,11,170),(804,'اچ پی ال','یک رو',6,12,170),(805,'ضخامت','48',4,6,170),(806,'نوع HPL','آرتا ',16,50,170),(807,'نوع','براق',14,43,171),(808,'عرض','60',15,73,171),(809,'لبه','دو لبه',5,11,171),(810,'اچ پی ال','یک رو',6,12,171),(811,'ضخامت','32',4,5,171),(812,'نوع HPL','آرتا ',16,50,171),(813,'نوع','براق',14,43,172),(814,'عرض','60',15,73,172),(815,'لبه','دو لبه',5,11,172),(816,'اچ پی ال','یک رو',6,12,172),(817,'ضخامت','48',4,6,172),(818,'نوع HPL','وایا',16,49,172),(819,'نوع','براق',14,43,173),(820,'عرض','60',15,73,173),(821,'لبه','دو لبه',5,11,173),(822,'اچ پی ال','یک رو',6,12,173),(823,'ضخامت','48',4,6,173),(824,'نوع HPL','وایا',16,49,173),(825,'نوع','براق',14,43,174),(826,'عرض','60',15,73,174),(827,'لبه','دو لبه',5,11,174),(828,'اچ پی ال','یک رو',6,12,174),(829,'ضخامت','32',4,5,174),(830,'نوع HPL','آرتا ',16,50,174),(831,'نوع','براق',14,43,175),(832,'عرض','60',15,73,175),(833,'لبه','دو لبه',5,11,175),(834,'اچ پی ال','یک رو',6,12,175),(835,'ضخامت','48',4,6,175),(836,'نوع HPL','آرتا ',16,50,175),(837,'نوع','براق',14,43,176),(838,'عرض','60',15,73,176),(839,'لبه','یک لبه',5,10,176),(840,'اچ پی ال','یک رو',6,12,176),(841,'ضخامت','48',4,6,176),(842,'نوع HPL','آرتا ',16,50,176),(843,'نوع','براق',14,43,177),(844,'عرض','60',15,73,177),(845,'لبه','دو لبه',5,11,177),(846,'اچ پی ال','یک رو',6,12,177),(847,'ضخامت','48',4,6,177),(848,'نوع HPL','آرتا ',16,50,177),(849,'نوع','براق',14,43,178),(850,'عرض','60',15,73,178),(851,'لبه','یک لبه',5,10,178),(852,'اچ پی ال','یک رو',6,12,178),(853,'ضخامت','48',4,6,178),(854,'نوع HPL','آرتا ',16,50,178),(855,'نوع','براق',14,43,179),(856,'عرض','60',15,73,179),(857,'لبه','دو لبه',5,11,179),(858,'اچ پی ال','یک رو',6,12,179),(859,'ضخامت','48',4,6,179),(860,'نوع HPL','آرتا ',16,50,179),(861,'نوع','براق',14,43,180),(862,'عرض','60',15,73,180),(863,'لبه','یک لبه',5,10,180),(864,'اچ پی ال','یک رو',6,12,180),(865,'ضخامت','48',4,6,180),(866,'نوع HPL','آرتا ',16,50,180),(867,'نوع','مات',14,44,181),(868,'عرض','60',15,73,181),(869,'لبه','دو لبه',5,11,181),(870,'اچ پی ال','یک رو',6,12,181),(871,'ضخامت','48',4,6,181),(872,'نوع HPL','آرتا ',16,50,181),(873,'نوع','مات',14,44,182),(874,'عرض','60',15,73,182),(875,'لبه','یک لبه',5,10,182),(876,'اچ پی ال','یک رو',6,12,182),(877,'ضخامت','48',4,6,182),(878,'نوع HPL','آرتا ',16,50,182),(879,'نوع','مات',14,44,183),(880,'عرض','60',15,73,183),(881,'لبه','دو لبه',5,11,183),(882,'اچ پی ال','یک رو',6,12,183),(883,'ضخامت','32',4,5,183),(884,'نوع HPL','وایا',16,49,183),(885,'نوع','مات',14,44,184),(886,'عرض','60',15,73,184),(887,'لبه','دو لبه',5,11,184),(888,'اچ پی ال','یک رو',6,12,184),(889,'ضخامت','48',4,6,184),(890,'نوع HPL','آرتا ',16,50,184),(891,'نوع','مات',14,44,185),(892,'عرض','60',15,73,185),(893,'لبه','یک لبه',5,10,185),(894,'اچ پی ال','یک رو',6,12,185),(895,'ضخامت','48',4,6,185),(896,'نوع HPL','آرتا ',16,50,185),(897,'ضخامت','16',4,37,186),(898,'کیفیت','درجه یک',8,38,186),(899,'برند','ANG',13,40,186),(900,'ضخامت','16',4,37,187),(901,'کیفیت','درجه یک',8,38,187),(902,'برند','ANG',13,40,187),(903,'ضخامت','16',4,37,188),(904,'کیفیت','درجه یک',8,38,188),(905,'برند','ANG',13,40,188),(906,'ضخامت','16',4,37,189),(907,'کیفیت','درجه یک',8,38,189),(908,'برند','ANG',13,40,189),(909,'ضخامت','16',4,37,190),(910,'کیفیت','درجه یک',8,38,190),(911,'برند','ANG',13,40,190),(912,'ضخامت','16',4,37,191),(913,'کیفیت','درجه یک',8,38,191),(914,'برند','ANG',13,40,191),(915,'ضخامت','16',4,37,192),(916,'کیفیت','درجه یک',8,38,192),(917,'برند','ANG',13,40,192),(918,'ضخامت','16',4,37,193),(919,'کیفیت','درجه یک',8,38,193),(920,'برند','ANG',13,40,193),(921,'ضخامت','16',4,37,194),(922,'کیفیت','درجه یک',8,38,194),(923,'برند','ANG',13,40,194),(924,'ضخامت','16',4,37,195),(925,'کیفیت','درجه یک',8,38,195),(926,'برند','ANG',13,40,195),(927,'ضخامت','16',4,37,196),(928,'کیفیت','درجه یک',8,38,196),(929,'برند','ANG',13,40,196),(930,'ضخامت','16',4,37,197),(931,'کیفیت','درجه یک',8,38,197),(932,'برند','ANG',13,40,197),(933,'ضخامت','16',4,37,198),(934,'کیفیت','درجه یک',8,38,198),(935,'برند','ANG',13,40,198),(936,'نوع','مات',14,44,199),(937,'عرض','60',15,73,199),(938,'لبه','دو لبه',5,11,199),(939,'اچ پی ال','یک رو',6,12,199),(940,'ضخامت','48',4,6,199),(941,'نوع HPL','آرتا ',16,50,199),(942,'نوع','مات',14,44,200),(943,'عرض','60',15,73,200),(944,'لبه','یک لبه',5,10,200),(945,'اچ پی ال','یک رو',6,12,200),(946,'ضخامت','48',4,6,200),(947,'نوع HPL','آرتا ',16,50,200),(948,'نوع','براق',14,43,201),(949,'عرض','60',15,73,201),(950,'لبه','دو لبه',5,11,201),(951,'اچ پی ال','یک رو',6,12,201),(952,'ضخامت','48',4,6,201),(953,'نوع HPL','وایا',16,49,201),(954,'نوع','براق',14,43,202),(955,'عرض','60',15,73,202),(956,'لبه','یک لبه',5,10,202),(957,'اچ پی ال','یک رو',6,12,202),(958,'ضخامت','48',4,6,202),(959,'نوع HPL','وایا',16,49,202),(960,'نوع','براق',14,43,203),(961,'عرض','60',15,73,203),(962,'لبه','دو لبه',5,11,203),(963,'اچ پی ال','یک رو',6,12,203),(964,'ضخامت','48',4,6,203),(965,'نوع HPL','آرتا ',16,50,203),(966,'نوع','براق',14,43,204),(967,'عرض','60',15,73,204),(968,'لبه','دو لبه',5,11,204),(969,'اچ پی ال','یک رو',6,12,204),(970,'ضخامت','48',4,6,204),(971,'نوع HPL','آرتا ',16,50,204),(972,'نوع','براق',14,43,205),(973,'عرض','60',15,73,205),(974,'لبه','یک لبه',5,10,205),(975,'اچ پی ال','یک رو',6,12,205),(976,'ضخامت','48',4,6,205),(977,'نوع HPL','آرتا ',16,50,205),(978,'نوع','براق',14,43,206),(979,'عرض','60',15,73,206),(980,'لبه','دو لبه',5,11,206),(981,'اچ پی ال','یک رو',6,12,206),(982,'ضخامت','48',4,6,206),(983,'نوع HPL','آرتا ',16,50,206),(984,'نوع','براق',14,43,207),(985,'عرض','60',15,73,207),(986,'لبه','یک لبه',5,10,207),(987,'اچ پی ال','یک رو',6,12,207),(988,'ضخامت','48',4,6,207),(989,'نوع HPL','آرتا ',16,50,207),(990,'نوع','براق',14,43,208),(991,'عرض','60',15,73,208),(992,'لبه','دو لبه',5,11,208),(993,'اچ پی ال','یک رو',6,12,208),(994,'ضخامت','48',4,6,208),(995,'نوع HPL','آرتا ',16,50,208),(996,'نوع','براق',14,43,209),(997,'عرض','60',15,73,209),(998,'لبه','یک لبه',5,10,209),(999,'اچ پی ال','یک رو',6,12,209),(1000,'ضخامت','48',4,6,209),(1001,'نوع HPL','آرتا ',16,50,209),(1002,'نوع','براق',14,43,210),(1003,'عرض','100',15,81,210),(1004,'لبه','دو لبه',5,11,210),(1005,'اچ پی ال','دو رو',6,13,210),(1006,'ضخامت','48',4,6,210),(1007,'نوع HPL','آرتا ',16,50,210),(1008,'نوع','براق',14,43,211),(1009,'عرض','60',15,73,211),(1010,'لبه','دو لبه',5,11,211),(1011,'اچ پی ال','یک رو',6,12,211),(1012,'ضخامت','48',4,6,211),(1013,'نوع HPL','آرتا ',16,50,211),(1014,'نوع','براق',14,43,212),(1015,'عرض','60',15,73,212),(1016,'لبه','یک لبه',5,10,212),(1017,'اچ پی ال','یک رو',6,12,212),(1018,'ضخامت','48',4,6,212),(1019,'نوع HPL','آرتا ',16,50,212),(1020,'نوع','براق',14,43,213),(1021,'عرض','65',15,74,213),(1022,'لبه','دو لبه',5,11,213),(1023,'اچ پی ال','یک رو',6,12,213),(1024,'ضخامت','48',4,6,213),(1025,'نوع HPL','آرتا ',16,50,213),(1026,'نوع','براق',14,43,214),(1027,'عرض','75',15,76,214),(1028,'لبه','دو لبه',5,11,214),(1029,'اچ پی ال','دو رو',6,13,214),(1030,'ضخامت','48',4,6,214),(1031,'نوع HPL','آرتا ',16,50,214),(1032,'نوع','براق',14,43,215),(1033,'عرض','60',15,73,215),(1034,'لبه','دو لبه',5,11,215),(1035,'اچ پی ال','یک رو',6,12,215),(1036,'ضخامت','48',4,6,215),(1037,'نوع HPL','وایا',16,49,215),(1038,'نوع','براق',14,43,216),(1039,'عرض','60',15,73,216),(1040,'لبه','یک لبه',5,10,216),(1041,'اچ پی ال','یک رو',6,12,216),(1042,'ضخامت','48',4,6,216),(1043,'نوع HPL','وایا',16,49,216),(1044,'نوع','براق',14,43,217),(1045,'عرض','60',15,73,217),(1046,'لبه','دو لبه',5,11,217),(1047,'اچ پی ال','یک رو',6,12,217),(1048,'ضخامت','48',4,6,217),(1049,'نوع HPL','وایا',16,49,217),(1050,'نوع','براق',14,43,218),(1051,'عرض','60',15,73,218),(1052,'لبه','یک لبه',5,10,218),(1053,'اچ پی ال','یک رو',6,12,218),(1054,'ضخامت','48',4,6,218),(1055,'نوع HPL','وایا',16,49,218),(1056,'نوع','براق',14,43,219),(1057,'عرض','60',15,73,219),(1058,'لبه','دو لبه',5,11,219),(1059,'اچ پی ال','یک رو',6,12,219),(1060,'ضخامت','48',4,6,219),(1061,'نوع HPL','آرتا ',16,50,219),(1062,'نوع','براق',14,43,220),(1063,'عرض','60',15,73,220),(1064,'لبه','یک لبه',5,10,220),(1065,'اچ پی ال','یک رو',6,12,220),(1066,'ضخامت','48',4,6,220),(1067,'نوع HPL','آرتا ',16,50,220),(1068,'نوع','براق',14,43,221),(1069,'عرض','60',15,73,221),(1070,'لبه','دو لبه',5,11,221),(1071,'اچ پی ال','یک رو',6,12,221),(1072,'ضخامت','48',4,6,221),(1073,'نوع HPL','آرتا ',16,50,221),(1074,'نوع','براق',14,43,222),(1075,'عرض','60',15,73,222),(1076,'لبه','یک لبه',5,10,222),(1077,'اچ پی ال','یک رو',6,12,222),(1078,'ضخامت','48',4,6,222),(1079,'نوع HPL','آرتا ',16,50,222),(1080,'نوع','براق',14,43,223),(1081,'عرض','60',15,73,223),(1082,'لبه','دو لبه',5,11,223),(1083,'اچ پی ال','یک رو',6,12,223),(1084,'ضخامت','48',4,6,223),(1085,'نوع HPL','وایا',16,49,223),(1086,'نوع','براق',14,43,224),(1087,'عرض','60',15,73,224),(1088,'لبه','یک لبه',5,10,224),(1089,'اچ پی ال','یک رو',6,12,224),(1090,'ضخامت','48',4,6,224),(1091,'نوع HPL','وایا',16,49,224),(1092,'نوع','براق',14,43,225),(1093,'عرض','60',15,73,225),(1094,'لبه','دو لبه',5,11,225),(1095,'اچ پی ال','یک رو',6,12,225),(1096,'ضخامت','48',4,6,225),(1097,'نوع HPL','آرتا ',16,50,225),(1098,'نوع','براق',14,43,226),(1099,'عرض','60',15,73,226),(1100,'لبه','یک لبه',5,10,226),(1101,'اچ پی ال','یک رو',6,12,226),(1102,'ضخامت','48',4,6,226),(1103,'نوع HPL','آرتا ',16,50,226),(1104,'نوع','براق',14,43,227),(1105,'عرض','60',15,73,227),(1106,'لبه','دو لبه',5,11,227),(1107,'اچ پی ال','یک رو',6,12,227),(1108,'ضخامت','48',4,6,227),(1109,'نوع HPL','وایا',16,49,227),(1110,'نوع','براق',14,43,228),(1111,'عرض','60',15,73,228),(1112,'لبه','یک لبه',5,10,228),(1113,'اچ پی ال','یک رو',6,12,228),(1114,'ضخامت','48',4,6,228),(1115,'نوع HPL','وایا',16,49,228),(1116,'نوع','براق',14,43,229),(1117,'عرض','65',15,74,229),(1118,'لبه','دو لبه',5,11,229),(1119,'اچ پی ال','یک رو',6,12,229),(1120,'ضخامت','48',4,6,229),(1121,'نوع HPL','وایا',16,49,229),(1122,'نوع','براق',14,43,230),(1123,'عرض','65',15,74,230),(1124,'لبه','دو لبه',5,11,230),(1125,'اچ پی ال','یک رو',6,12,230),(1126,'ضخامت','48',4,6,230),(1127,'نوع HPL','وایا',16,49,230),(1128,'نوع','براق',14,43,231),(1129,'عرض','60',15,73,231),(1130,'لبه','دو لبه',5,11,231),(1131,'اچ پی ال','یک رو',6,12,231),(1132,'ضخامت','48',4,6,231),(1133,'نوع HPL','آرتا ',16,50,231),(1134,'نوع','مات',14,44,232),(1135,'عرض','65',15,74,232),(1136,'لبه','دو لبه',5,11,232),(1137,'اچ پی ال','یک رو',6,12,232),(1138,'ضخامت','48',4,6,232),(1139,'نوع HPL','آرتا ',16,50,232),(1140,'نوع','مات',14,44,233),(1141,'عرض','60',15,73,233),(1142,'لبه','دو لبه',5,11,233),(1143,'اچ پی ال','یک رو',6,12,233),(1144,'ضخامت','48',4,6,233),(1145,'نوع HPL','آرتا ',16,50,233),(1146,'نوع','براق',14,43,234),(1147,'عرض','65',15,74,234),(1148,'لبه','دو لبه',5,11,234),(1149,'اچ پی ال','یک رو',6,12,234),(1150,'ضخامت','48',4,6,234),(1151,'نوع HPL','آرتا ',16,50,234),(1152,'نوع','براق',14,43,235),(1153,'عرض','75',15,76,235),(1154,'لبه','دو لبه',5,11,235),(1155,'اچ پی ال','یک رو',6,12,235),(1156,'ضخامت','48',4,6,235),(1157,'نوع HPL','آرتا ',16,50,235),(1158,'ضخامت','16',4,37,236),(1159,'کیفیت','درجه یک',8,38,236),(1160,'برند','ANG',13,40,236),(1161,'ضخامت','16',4,37,237),(1162,'کیفیت','درجه یک',8,38,237),(1163,'برند','ANG',13,40,237),(1164,'ضخامت','16',4,37,238),(1165,'کیفیت','درجه یک',8,38,238),(1166,'برند','ANG',13,40,238),(1167,'ضخامت','16',4,37,239),(1168,'کیفیت','درجه یک',8,38,239),(1169,'برند','ANG',13,40,239),(1170,'ضخامت','16',4,37,240),(1171,'کیفیت','درجه یک',8,38,240),(1172,'برند','ANG',13,40,240),(1173,'ضخامت','16',4,37,241),(1174,'کیفیت','درجه یک',8,38,241),(1175,'برند','ANG',13,40,241),(1176,'ضخامت','16',4,37,242),(1177,'کیفیت','درجه یک',8,38,242),(1178,'برند','ANG',13,40,242),(1179,'ضخامت','16',4,37,243),(1180,'کیفیت','درجه یک',8,38,243),(1181,'برند','ANG',13,40,243),(1182,'ضخامت','16',4,37,244),(1183,'کیفیت','درجه یک',8,38,244),(1184,'برند','ANG',13,40,244),(1185,'ضخامت','16',4,37,245),(1186,'کیفیت','درجه یک',8,38,245),(1187,'برند','ANG',13,40,245),(1188,'ضخامت','16',4,37,246),(1189,'کیفیت','درجه یک',8,38,246),(1190,'برند','ANG',13,40,246),(1191,'ضخامت','16',4,37,247),(1192,'کیفیت','درجه یک',8,38,247),(1193,'برند','ANG',13,40,247),(1194,'ضخامت','16',4,37,248),(1195,'کیفیت','درجه یک',8,38,248),(1196,'برند','ANG',13,40,248),(1197,'ضخامت','16',4,37,249),(1198,'کیفیت','درجه یک',8,38,249),(1199,'برند','ANG',13,40,249),(1200,'ضخامت','16',4,37,250),(1201,'کیفیت','درجه یک',8,38,250),(1202,'برند','ANG',13,40,250),(1203,'ضخامت','16',4,37,251),(1204,'کیفیت','درجه یک',8,38,251),(1205,'برند','ANG',13,40,251),(1206,'ضخامت','16',4,37,252),(1207,'کیفیت','درجه یک',8,38,252),(1208,'برند','ANG',13,40,252),(1209,'ضخامت','16',4,37,253),(1210,'کیفیت','درجه یک',8,38,253),(1211,'برند','ANG',13,40,253),(1212,'ضخامت','16',4,37,254),(1213,'کیفیت','درجه یک',8,38,254),(1214,'برند','ANG',13,40,254),(1215,'ضخامت','16',4,37,255),(1216,'کیفیت','درجه یک',8,38,255),(1217,'برند','ANG',13,40,255),(1218,'ضخامت','16',4,37,256),(1219,'کیفیت','درجه یک',8,38,256),(1220,'برند','ANG',13,40,256),(1221,'ضخامت','16',4,37,257),(1222,'کیفیت','درجه یک',8,38,257),(1223,'برند','ANG',13,40,257),(1224,'ضخامت','16',4,37,258),(1225,'کیفیت','درجه یک',8,38,258),(1226,'برند','ANG',13,40,258),(1227,'ضخامت','16',4,37,259),(1228,'کیفیت','درجه یک',8,38,259),(1229,'برند','ANG',13,40,259),(1230,'ضخامت','16',4,37,260),(1231,'کیفیت','درجه یک',8,38,260),(1232,'برند','ANG',13,40,260),(1233,'ضخامت','16',4,37,261),(1234,'کیفیت','درجه یک',8,38,261),(1235,'برند','ANG',13,40,261),(1236,'ضخامت','16',4,37,262),(1237,'کیفیت','درجه یک',8,38,262),(1238,'برند','ANG',13,40,262),(1239,'ضخامت','16',4,37,263),(1240,'کیفیت','درجه یک',8,38,263),(1241,'برند','ANG',13,40,263),(1242,'ضخامت','16',4,37,264),(1243,'کیفیت','درجه یک',8,38,264),(1244,'برند','Ecoone',13,41,264),(1245,'ضخامت','16',4,37,265),(1246,'کیفیت','درجه یک',8,38,265),(1247,'برند','Ecoone',13,41,265),(1248,'ضخامت','16',4,37,266),(1249,'کیفیت','درجه یک',8,38,266),(1250,'برند','Ecoone',13,41,266),(1251,'ضخامت','16',4,37,267),(1252,'کیفیت','درجه یک',8,38,267),(1253,'برند','Ecoone',13,41,267),(1254,'ضخامت','16',4,37,268),(1255,'کیفیت','درجه یک',8,38,268),(1256,'برند','Ecoone',13,41,268),(1257,'ضخامت','16',4,37,269),(1258,'کیفیت','درجه یک',8,38,269),(1259,'برند','Ecoone',13,41,269),(1260,'ضخامت','16',4,37,270),(1261,'کیفیت','درجه یک',8,38,270),(1262,'برند','Ecoone',13,41,270),(1263,'ضخامت','16',4,37,271),(1264,'کیفیت','درجه یک',8,38,271),(1265,'برند','Ecoone',13,41,271),(1266,'ضخامت','16',4,37,272),(1267,'کیفیت','درجه یک',8,38,272),(1268,'برند','ANG',13,40,272),(1269,'ضخامت','16',4,37,273),(1270,'کیفیت','درجه یک',8,38,273),(1271,'برند','ANG',13,40,273),(1272,'ضخامت','16',4,37,274),(1273,'کیفیت','درجه یک',8,38,274),(1274,'برند','ANG',13,40,274),(1275,'نوع','مات',14,44,275),(1276,'عرض','60',15,73,275),(1277,'لبه','دو لبه',5,11,275),(1278,'اچ پی ال','یک رو',6,12,275),(1279,'ضخامت','48',4,6,275),(1280,'نوع HPL','آرتا ',16,50,275),(1281,'نوع','براق',14,43,276),(1282,'عرض','60',15,73,276),(1283,'لبه','دو لبه',5,11,276),(1284,'اچ پی ال','یک رو',6,12,276),(1285,'ضخامت','48',4,6,276),(1286,'نوع HPL','وایا',16,49,276),(1287,'نوع','براق',14,43,277),(1288,'عرض','60',15,73,277),(1289,'لبه','دو لبه',5,11,277),(1290,'اچ پی ال','یک رو',6,12,277),(1291,'ضخامت','48',4,6,277),(1292,'نوع HPL','آرتا ',16,50,277),(1293,'نوع','براق',14,43,278),(1294,'عرض','60',15,73,278),(1295,'لبه','دو لبه',5,11,278),(1296,'اچ پی ال','دو رو',6,13,278),(1297,'ضخامت','48',4,6,278),(1298,'نوع HPL','آرتا ',16,50,278),(1299,'نوع','براق',14,43,279),(1300,'عرض','60',15,73,279),(1301,'لبه','دو لبه',5,11,279),(1302,'اچ پی ال','یک رو',6,12,279),(1303,'ضخامت','48',4,6,279),(1304,'نوع HPL','آرتا ',16,50,279),(1305,'نوع','براق',14,43,280),(1306,'عرض','60',15,73,280),(1307,'لبه','دو لبه',5,11,280),(1308,'اچ پی ال','یک رو',6,12,280),(1309,'ضخامت','48',4,6,280),(1310,'نوع HPL','وایا',16,49,280),(1311,'نوع','مات',14,44,281),(1312,'عرض','60',15,73,281),(1313,'لبه','دو لبه',5,11,281),(1314,'اچ پی ال','یک رو',6,12,281),(1315,'ضخامت','48',4,6,281),(1316,'نوع HPL','آرتا ',16,50,281),(1317,'نوع','براق',14,43,282),(1318,'عرض','60',15,73,282),(1319,'لبه','دو لبه',5,11,282),(1320,'اچ پی ال','یک رو',6,12,282),(1321,'ضخامت','48',4,6,282),(1322,'نوع HPL','آرتا ',16,50,282),(1323,'نوع','مات',14,44,283),(1324,'عرض','60',15,73,283),(1325,'لبه','دو لبه',5,11,283),(1326,'اچ پی ال','دو رو',6,13,283),(1327,'ضخامت','48',4,6,283),(1328,'نوع HPL','آرتا ',16,50,283),(1329,'نوع','مات',14,44,284),(1330,'عرض','60',15,73,284),(1331,'لبه','دو لبه',5,11,284),(1332,'اچ پی ال','یک رو',6,12,284),(1333,'ضخامت','48',4,6,284),(1334,'نوع HPL','آرتا ',16,50,284),(1335,'نوع','مات',14,44,285),(1336,'عرض','60',15,73,285),(1337,'لبه','دو لبه',5,11,285),(1338,'اچ پی ال','یک رو',6,12,285),(1339,'ضخامت','48',4,6,285),(1340,'نوع HPL','آرتا ',16,50,285),(1341,'نوع','براق',14,43,286),(1342,'عرض','65',15,74,286),(1343,'لبه','دو لبه',5,11,286),(1344,'اچ پی ال','یک رو',6,12,286),(1345,'ضخامت','48',4,6,286),(1346,'نوع HPL','وایا',16,49,286),(1347,'نوع','براق',14,43,287),(1348,'عرض','75',15,76,287),(1349,'لبه','دو لبه',5,11,287),(1350,'اچ پی ال','دو رو',6,13,287),(1351,'ضخامت','48',4,6,287),(1352,'نوع HPL','وایا',16,49,287),(1353,'نوع','براق',14,43,288),(1354,'عرض','60',15,73,288),(1355,'لبه','دو لبه',5,11,288),(1356,'اچ پی ال','یک رو',6,12,288),(1357,'ضخامت','48',4,6,288),(1358,'نوع HPL','آرتا ',16,50,288),(1359,'نوع','براق',14,43,289),(1360,'عرض','65',15,74,289),(1361,'لبه','دو لبه',5,11,289),(1362,'اچ پی ال','یک رو',6,12,289),(1363,'ضخامت','48',4,6,289),(1364,'نوع HPL','آرتا ',16,50,289),(1365,'نوع','براق',14,43,290),(1366,'عرض','60',15,73,290),(1367,'لبه','دو لبه',5,11,290),(1368,'اچ پی ال','یک رو',6,12,290),(1369,'ضخامت','48',4,6,290),(1370,'نوع HPL','وایا',16,49,290),(1371,'نوع','براق',14,43,291),(1372,'عرض','60',15,73,291),(1373,'لبه','یک لبه',5,10,291),(1374,'اچ پی ال','یک رو',6,12,291),(1375,'ضخامت','48',4,6,291),(1376,'نوع HPL','وایا',16,49,291),(1377,'نوع','براق',14,43,292),(1378,'عرض','65',15,74,292),(1379,'لبه','دو لبه',5,11,292),(1380,'اچ پی ال','یک رو',6,12,292),(1381,'ضخامت','48',4,6,292),(1382,'نوع HPL','آرتا ',16,50,292),(1383,'نوع','براق',14,43,293),(1384,'عرض','60',15,73,293),(1385,'لبه','دو لبه',5,11,293),(1386,'اچ پی ال','یک رو',6,12,293),(1387,'ضخامت','32',4,5,293),(1388,'نوع HPL','وایا',16,49,293),(1389,'نوع','براق',14,43,294),(1390,'عرض','60',15,73,294),(1391,'لبه','دو لبه',5,11,294),(1392,'اچ پی ال','یک رو',6,12,294),(1393,'ضخامت','48',4,6,294),(1394,'نوع HPL','آرتا ',16,50,294),(1395,'نوع','براق',14,43,295),(1396,'عرض','65',15,74,295),(1397,'لبه','دو لبه',5,11,295),(1398,'اچ پی ال','یک رو',6,12,295),(1399,'ضخامت','48',4,6,295),(1400,'نوع HPL','آرتا ',16,50,295),(1401,'نوع','براق',14,43,296),(1402,'عرض','75',15,76,296),(1403,'لبه','دو لبه',5,11,296),(1404,'اچ پی ال','دو رو',6,13,296),(1405,'ضخامت','48',4,6,296),(1406,'نوع HPL','آرتا ',16,50,296),(1407,'نوع','براق',14,43,297),(1408,'عرض','60',15,73,297),(1409,'لبه','دو لبه',5,11,297),(1410,'اچ پی ال','یک رو',6,12,297),(1411,'ضخامت','48',4,6,297),(1412,'نوع HPL','آرتا ',16,50,297),(1413,'نوع','براق',14,43,298),(1414,'عرض','60',15,73,298),(1415,'لبه','دو لبه',5,11,298),(1416,'اچ پی ال','یک رو',6,12,298),(1417,'ضخامت','48',4,6,298),(1418,'نوع HPL','آرتا ',16,50,298),(1419,'نوع','براق',14,43,299),(1420,'عرض','60',15,73,299),(1421,'لبه','دو لبه',5,11,299),(1422,'اچ پی ال','یک رو',6,12,299),(1423,'ضخامت','32',4,5,299),(1424,'نوع HPL','آرتا ',16,50,299),(1425,'نوع','مات',14,44,300),(1426,'عرض','60',15,73,300),(1427,'لبه','دو لبه',5,11,300),(1428,'اچ پی ال','یک رو',6,12,300),(1429,'ضخامت','32',4,5,300),(1430,'نوع HPL','آرتا ',16,50,300),(1627,'ضخامت','16',4,37,339),(1628,'کیفیت','درجه یک',8,38,339),(1626,'برند','ANG',13,40,338),(1625,'کیفیت','درجه یک',8,38,338),(1621,'ضخامت','16',4,37,337),(1622,'کیفیت','درجه یک',8,38,337),(1619,'کیفیت','درجه یک',8,38,336),(1620,'برند','ANG',13,40,336),(1617,'برند','ANG',13,40,335),(1618,'ضخامت','16',4,37,336),(1910,'لبه','یک لبه',5,10,387),(1909,'عرض','60',15,73,387),(1908,'نوع','براق',14,43,387),(1606,'ضخامت','16',4,37,332),(1607,'کیفیت','درجه یک',8,38,332),(1608,'برند','ANG',13,40,332),(1609,'ضخامت','16',4,37,333),(1610,'کیفیت','درجه یک',8,38,333),(1611,'برند','ANG',13,40,333),(1612,'ضخامت','16',4,37,334),(1613,'کیفیت','درجه یک',8,38,334),(1614,'برند','ANG',13,40,334),(1615,'ضخامت','16',4,37,335),(1616,'کیفیت','درجه یک',8,38,335),(1566,'برند','ANG',13,40,324),(1629,'برند','ANG',13,40,339),(1565,'کیفیت','درجه یک',8,38,324),(1559,'ضخامت','32',4,5,322),(1560,'نوع HPL','وایا',16,49,322),(1561,'ضخامت','16',4,37,323),(1562,'کیفیت','درجه یک',8,38,323),(1563,'برند','ANG',13,40,323),(1564,'ضخامت','16',4,37,324),(1558,'اچ پی ال','دو رو',6,13,322),(1557,'لبه','دو لبه',5,11,322),(1556,'عرض','75',15,76,322),(1555,'نوع','مات',14,44,322),(1553,'ضخامت','48',4,6,321),(1554,'نوع HPL','آرتا ',16,50,321),(1551,'لبه','دو لبه',5,11,321),(1552,'اچ پی ال','دو رو',6,13,321),(1550,'عرض','80',15,77,321),(1549,'نوع','براق',14,43,321),(1537,'نوع','مات',14,44,319),(1538,'عرض','65',15,74,319),(1539,'لبه','دو لبه',5,11,319),(1540,'اچ پی ال','یک رو',6,12,319),(1541,'ضخامت','32',4,5,319),(1542,'نوع HPL','آرتا ',16,50,319),(1543,'نوع','مات',14,44,320),(1544,'عرض','60',15,73,320),(1545,'لبه','دو لبه',5,11,320),(1546,'اچ پی ال','یک رو',6,12,320),(1547,'ضخامت','32',4,5,320),(1548,'نوع HPL','وایا',16,49,320),(1623,'برند','ANG',13,40,337),(1624,'ضخامت','16',4,37,338),(1779,'اچ پی ال','یک رو',6,12,365),(1778,'لبه','یک لبه',5,10,365),(1776,'نوع','مات',14,44,365),(1777,'عرض','60',15,73,365),(1774,'ضخامت','32',4,5,364),(1775,'نوع HPL','وایا',16,49,364),(1772,'لبه','دو لبه',5,11,364),(1773,'اچ پی ال','یک رو',6,12,364),(1771,'عرض','60',15,73,364),(1769,'نوع HPL','وایا',16,49,363),(1770,'نوع','مات',14,44,364),(1768,'ضخامت','32',4,5,363),(1766,'لبه','یک لبه',5,10,363),(1767,'اچ پی ال','یک رو',6,12,363),(1765,'عرض','60',15,73,363),(1764,'نوع','مات',14,44,363),(1763,'نوع HPL','آرتا ',16,50,362),(1762,'ضخامت','48',4,6,362),(1759,'عرض','65',15,74,362),(1760,'لبه','دو لبه',5,11,362),(1761,'اچ پی ال','یک رو',6,12,362),(1758,'نوع','براق',14,43,362),(1746,'نوع','براق',14,43,360),(1747,'عرض','60',15,73,360),(1748,'لبه','یک لبه',5,10,360),(1749,'اچ پی ال','یک رو',6,12,360),(1750,'ضخامت','48',4,6,360),(1751,'نوع HPL','آرتا ',16,50,360),(1752,'نوع','براق',14,43,361),(1753,'عرض','60',15,73,361),(1754,'لبه','دو لبه',5,11,361),(1755,'اچ پی ال','یک رو',6,12,361),(1756,'ضخامت','48',4,6,361),(1757,'نوع HPL','آرتا ',16,50,361),(1780,'ضخامت','48',4,6,365),(1781,'نوع HPL','وایا',16,49,365),(1782,'نوع','مات',14,44,366),(1783,'عرض','60',15,73,366),(1784,'لبه','دو لبه',5,11,366),(1785,'اچ پی ال','یک رو',6,12,366),(1786,'ضخامت','48',4,6,366),(1787,'نوع HPL','وایا',16,49,366),(1788,'نوع','مات',14,44,367),(1789,'عرض','65',15,74,367),(1790,'لبه','دو لبه',5,11,367),(1791,'اچ پی ال','یک رو',6,12,367),(1792,'ضخامت','48',4,6,367),(1793,'نوع HPL','وایا',16,49,367),(1794,'نوع','مات',14,44,368),(1795,'عرض','60',15,73,368),(1796,'لبه','یک لبه',5,10,368),(1797,'اچ پی ال','یک رو',6,12,368),(1798,'ضخامت','48',4,6,368),(1799,'نوع HPL','آرتا ',16,50,368),(1800,'نوع','مات',14,44,369),(1801,'عرض','60',15,73,369),(1802,'لبه','دو لبه',5,11,369),(1803,'اچ پی ال','یک رو',6,12,369),(1804,'ضخامت','48',4,6,369),(1805,'نوع HPL','آرتا ',16,50,369),(1806,'نوع','مات',14,44,370),(1807,'عرض','60',15,73,370),(1808,'لبه','یک لبه',5,10,370),(1809,'اچ پی ال','یک رو',6,12,370),(1810,'ضخامت','48',4,6,370),(1811,'نوع HPL','خارجی',16,48,370),(1812,'نوع','مات',14,44,371),(1813,'عرض','60',15,73,371),(1814,'لبه','دو لبه',5,11,371),(1815,'اچ پی ال','یک رو',6,12,371),(1816,'ضخامت','48',4,6,371),(1817,'نوع HPL','خارجی',16,48,371),(1818,'نوع','مات',14,44,372),(1819,'عرض','65',15,74,372),(1820,'لبه','دو لبه',5,11,372),(1821,'اچ پی ال','یک رو',6,12,372),(1822,'ضخامت','48',4,6,372),(1823,'نوع HPL','خارجی',16,48,372),(1824,'نوع','براق',14,43,373),(1825,'عرض','60',15,73,373),(1826,'لبه','یک لبه',5,10,373),(1827,'اچ پی ال','یک رو',6,12,373),(1828,'ضخامت','32',4,5,373),(1829,'نوع HPL','آرتا ',16,50,373),(1830,'نوع','براق',14,43,374),(1831,'عرض','60',15,73,374),(1832,'لبه','دو لبه',5,11,374),(1833,'اچ پی ال','یک رو',6,12,374),(1834,'ضخامت','32',4,5,374),(1835,'نوع HPL','آرتا ',16,50,374),(1836,'نوع','براق',14,43,375),(1837,'عرض','65',15,74,375),(1838,'لبه','دو لبه',5,11,375),(1839,'اچ پی ال','یک رو',6,12,375),(1840,'ضخامت','32',4,5,375),(1841,'نوع HPL','آرتا ',16,50,375),(1842,'نوع','براق',14,43,376),(1843,'عرض','60',15,73,376),(1844,'لبه','یک لبه',5,10,376),(1845,'اچ پی ال','یک رو',6,12,376),(1846,'ضخامت','48',4,6,376),(1847,'نوع HPL','آرتا ',16,50,376),(1848,'نوع','براق',14,43,377),(1849,'عرض','60',15,73,377),(1850,'لبه','دو لبه',5,11,377),(1851,'اچ پی ال','یک رو',6,12,377),(1852,'ضخامت','48',4,6,377),(1853,'نوع HPL','آرتا ',16,50,377),(1854,'نوع','براق',14,43,378),(1855,'عرض','65',15,74,378),(1856,'لبه','دو لبه',5,11,378),(1857,'اچ پی ال','یک رو',6,12,378),(1858,'ضخامت','48',4,6,378),(1859,'نوع HPL','آرتا ',16,50,378),(1860,'نوع','براق',14,43,379),(1861,'عرض','60',15,73,379),(1862,'لبه','یک لبه',5,10,379),(1863,'اچ پی ال','یک رو',6,12,379),(1864,'ضخامت','48',4,6,379),(1865,'نوع HPL','وایا',16,49,379),(1866,'نوع','براق',14,43,380),(1867,'عرض','60',15,73,380),(1868,'لبه','دو لبه',5,11,380),(1869,'اچ پی ال','یک رو',6,12,380),(1870,'ضخامت','48',4,6,380),(1871,'نوع HPL','وایا',16,49,380),(1872,'نوع','براق',14,43,381),(1873,'عرض','65',15,74,381),(1874,'لبه','دو لبه',5,11,381),(1875,'اچ پی ال','یک رو',6,12,381),(1876,'ضخامت','48',4,6,381),(1877,'نوع HPL','وایا',16,49,381),(1878,'نوع','مات',14,44,382),(1879,'عرض','60',15,73,382),(1880,'لبه','دو لبه',5,11,382),(1881,'اچ پی ال','یک رو',6,12,382),(1882,'ضخامت','48',4,6,382),(1883,'نوع HPL','آرتا ',16,50,382),(1884,'نوع','مات',14,44,383),(1885,'عرض','65',15,74,383),(1886,'لبه','دو لبه',5,11,383),(1887,'اچ پی ال','یک رو',6,12,383),(1888,'ضخامت','48',4,6,383),(1889,'نوع HPL','آرتا ',16,50,383),(1890,'نوع','براق',14,43,384),(1891,'عرض','60',15,73,384),(1892,'لبه','دو لبه',5,11,384),(1893,'اچ پی ال','یک رو',6,12,384),(1894,'ضخامت','48',4,6,384),(1895,'نوع HPL','آرتا ',16,50,384),(1896,'نوع','براق',14,43,385),(1897,'عرض','65',15,74,385),(1898,'لبه','دو لبه',5,11,385),(1899,'اچ پی ال','یک رو',6,12,385),(1900,'ضخامت','48',4,6,385),(1901,'نوع HPL','آرتا ',16,50,385),(1902,'نوع','براق',14,43,386),(1903,'عرض','65',15,74,386),(1904,'لبه','دو لبه',5,11,386),(1905,'اچ پی ال','یک رو',6,12,386),(1906,'ضخامت','48',4,6,386),(1907,'نوع HPL','آرتا ',16,50,386),(1911,'اچ پی ال','یک رو',6,12,387),(1912,'ضخامت','48',4,6,387),(1913,'نوع HPL','آرتا ',16,50,387),(1914,'نوع','براق',14,43,388),(1915,'عرض','60',15,73,388),(1916,'لبه','دو لبه',5,11,388),(1917,'اچ پی ال','یک رو',6,12,388),(1918,'ضخامت','48',4,6,388),(1919,'نوع HPL','آرتا ',16,50,388),(1920,'ضخامت','16',4,37,389),(1921,'کیفیت','درجه یک',8,38,389),(1922,'برند','ANG',13,40,389),(1923,'ضخامت','16',4,37,390),(1924,'کیفیت','درجه یک',8,38,390),(1925,'برند','ANG',13,40,390),(1926,'ضخامت','16',4,37,391),(1927,'کیفیت','درجه یک',8,38,391),(1928,'برند','ANG',13,40,391),(1929,'ضخامت','16',4,37,392),(1930,'کیفیت','درجه یک',8,38,392),(1931,'برند','ANG',13,40,392),(1932,'نوع','براق',14,43,393),(1933,'عرض','65',15,74,393),(1934,'لبه','دو لبه',5,11,393),(1935,'اچ پی ال','یک رو',6,12,393),(1936,'ضخامت','48',4,6,393),(1937,'نوع HPL','آرتا ',16,50,393),(1938,'ضخامت','16',4,37,394),(1939,'کیفیت','درجه یک',8,38,394),(1940,'برند','ANG',13,40,394),(1941,'ضخامت','16',4,37,395),(1942,'کیفیت','درجه یک',8,38,395),(1943,'برند','ANG',13,40,395),(1944,'ضخامت','16',4,37,396),(1945,'کیفیت','درجه یک',8,38,396),(1946,'برند','ANG',13,40,396),(1947,'ضخامت','16',4,37,397),(1948,'کیفیت','درجه یک',8,38,397),(1949,'برند','ANG',13,40,397),(1950,'ضخامت','16',4,37,398),(1951,'کیفیت','درجه یک',8,38,398),(1952,'برند','ANG',13,40,398),(1953,'ضخامت','16',4,37,399),(1954,'کیفیت','درجه یک',8,38,399),(1955,'برند','ANG',13,40,399),(1956,'ضخامت','16',4,37,400),(1957,'کیفیت','درجه یک',8,38,400),(1958,'برند','ANG',13,40,400),(1959,'ضخامت','16',4,37,401),(1960,'کیفیت','درجه یک',8,38,401),(1961,'برند','ANG',13,40,401),(1962,'ضخامت','16',4,37,402),(1963,'کیفیت','درجه یک',8,38,402),(1964,'برند','ANG',13,40,402),(1965,'ضخامت','16',4,37,403),(1966,'کیفیت','درجه یک',8,38,403),(1967,'برند','ANG',13,40,403),(1968,'نوع','مات',14,44,404),(1969,'عرض','60',15,73,404),(1970,'لبه','دو لبه',5,11,404),(1971,'اچ پی ال','یک رو',6,12,404),(1972,'ضخامت','48',4,6,404),(1973,'نوع HPL','آرتا ',16,50,404),(1974,'نوع','مات',14,44,405),(1975,'عرض','60',15,73,405),(1976,'لبه','یک لبه',5,10,405),(1977,'اچ پی ال','یک رو',6,12,405),(1978,'ضخامت','48',4,6,405),(1979,'نوع HPL','آرتا ',16,50,405),(1980,'نوع','براق',14,43,406),(1981,'عرض','60',15,73,406),(1982,'لبه','دو لبه',5,11,406),(1983,'اچ پی ال','یک رو',6,12,406),(1984,'ضخامت','48',4,6,406),(1985,'نوع HPL','آرتا ',16,50,406),(1986,'نوع','براق',14,43,407),(1987,'عرض','60',15,73,407),(1988,'لبه','یک لبه',5,10,407),(1989,'اچ پی ال','یک رو',6,12,407),(1990,'ضخامت','48',4,6,407),(1991,'نوع HPL','آرتا ',16,50,407),(1992,'نوع','براق',14,43,408),(1993,'عرض','60',15,73,408),(1994,'لبه','دو لبه',5,11,408),(1995,'اچ پی ال','یک رو',6,12,408),(1996,'ضخامت','48',4,6,408),(1997,'نوع HPL','آرتا ',16,50,408),(1998,'نوع','براق',14,43,409),(1999,'عرض','60',15,73,409),(2000,'لبه','دو لبه',5,11,409),(2001,'اچ پی ال','یک رو',6,12,409),(2002,'ضخامت','48',4,6,409),(2003,'نوع HPL','آرتا ',16,50,409),(2004,'نوع','براق',14,43,410),(2005,'عرض','60',15,73,410),(2006,'لبه','یک لبه',5,10,410),(2007,'اچ پی ال','یک رو',6,12,410),(2008,'ضخامت','48',4,6,410),(2009,'نوع HPL','آرتا ',16,50,410),(2010,'نوع','براق',14,43,411),(2011,'عرض','60',15,73,411),(2012,'لبه','دو لبه',5,11,411),(2013,'اچ پی ال','یک رو',6,12,411),(2014,'ضخامت','48',4,6,411),(2015,'نوع HPL','آرتا ',16,50,411),(2016,'نوع','براق',14,43,412),(2017,'عرض','60',15,73,412),(2018,'لبه','یک لبه',5,10,412),(2019,'اچ پی ال','یک رو',6,12,412),(2020,'ضخامت','48',4,6,412),(2021,'نوع HPL','آرتا ',16,50,412),(2022,'نوع','براق',14,43,413),(2023,'عرض','60',15,73,413),(2024,'لبه','دو لبه',5,11,413),(2025,'اچ پی ال','یک رو',6,12,413),(2026,'ضخامت','48',4,6,413),(2027,'نوع HPL','آرتا ',16,50,413),(2028,'نوع','براق',14,43,414),(2029,'عرض','60',15,73,414),(2030,'لبه','دو لبه',5,11,414),(2031,'اچ پی ال','یک رو',6,12,414),(2032,'ضخامت','48',4,6,414),(2033,'نوع HPL','آرتا ',16,50,414),(2034,'نوع','براق',14,43,415),(2035,'عرض','60',15,73,415),(2036,'لبه','دو لبه',5,11,415),(2037,'اچ پی ال','یک رو',6,12,415),(2038,'ضخامت','48',4,6,415),(2039,'نوع HPL','وایا',16,49,415),(2040,'نوع','مات',14,44,416),(2041,'عرض','60',15,73,416),(2042,'لبه','دو لبه',5,11,416),(2043,'اچ پی ال','یک رو',6,12,416),(2044,'ضخامت','48',4,6,416),(2045,'نوع HPL','وایا',16,49,416),(2046,'نوع','براق',14,43,417),(2047,'عرض','60',15,73,417),(2048,'لبه','دو لبه',5,11,417),(2049,'اچ پی ال','یک رو',6,12,417),(2050,'ضخامت','48',4,6,417),(2051,'نوع HPL','وایا',16,49,417),(2052,'نوع','براق',14,43,418),(2053,'عرض','60',15,73,418),(2054,'لبه','یک لبه',5,10,418),(2055,'اچ پی ال','یک رو',6,12,418),(2056,'ضخامت','48',4,6,418),(2057,'نوع HPL','وایا',16,49,418),(2058,'نوع','براق',14,43,419),(2059,'عرض','60',15,73,419),(2060,'لبه','دو لبه',5,11,419),(2061,'اچ پی ال','یک رو',6,12,419),(2062,'ضخامت','48',4,6,419),(2063,'نوع HPL','آرتا ',16,50,419),(2064,'نوع','براق',14,43,420),(2065,'عرض','60',15,73,420),(2066,'لبه','یک لبه',5,10,420),(2067,'اچ پی ال','یک رو',6,12,420),(2068,'ضخامت','48',4,6,420),(2069,'نوع HPL','آرتا ',16,50,420),(2070,'نوع','مات',14,44,421),(2071,'عرض','60',15,73,421),(2072,'لبه','دو لبه',5,11,421),(2073,'اچ پی ال','یک رو',6,12,421),(2074,'ضخامت','32',4,5,421),(2075,'نوع HPL','آرتا ',16,50,421),(2076,'نوع','مات',14,44,422),(2077,'عرض','60',15,73,422),(2078,'لبه','دو لبه',5,11,422),(2079,'اچ پی ال','یک رو',6,12,422),(2080,'ضخامت','48',4,6,422),(2081,'نوع HPL','آرتا ',16,50,422),(2082,'نوع','براق',14,43,423),(2083,'عرض','80',15,77,423),(2084,'لبه','دو لبه',5,11,423),(2085,'اچ پی ال','دو رو',6,13,423),(2086,'ضخامت','48',4,6,423),(2087,'نوع HPL','آرتا ',16,50,423),(2088,'نوع','براق',14,43,424),(2089,'عرض','70',15,75,424),(2090,'لبه','دو لبه',5,11,424),(2091,'اچ پی ال','دو رو',6,13,424),(2092,'ضخامت','48',4,6,424),(2093,'نوع HPL','آرتا ',16,50,424),(2094,'نوع','براق',14,43,425),(2095,'عرض','60',15,73,425),(2096,'لبه','دو لبه',5,11,425),(2097,'اچ پی ال','یک رو',6,12,425),(2098,'ضخامت','48',4,6,425),(2099,'نوع HPL','آرتا ',16,50,425),(2100,'نوع','براق',14,43,426),(2101,'عرض','60',15,73,426),(2102,'لبه','یک لبه',5,10,426),(2103,'اچ پی ال','یک رو',6,12,426),(2104,'ضخامت','48',4,6,426),(2105,'نوع HPL','آرتا ',16,50,426),(2106,'نوع','براق',14,43,427),(2107,'عرض','60',15,73,427),(2108,'لبه','دو لبه',5,11,427),(2109,'اچ پی ال','یک رو',6,12,427),(2110,'ضخامت','48',4,6,427),(2111,'نوع HPL','آرتا ',16,50,427),(2112,'نوع','براق',14,43,428),(2113,'عرض','60',15,73,428),(2114,'لبه','یک لبه',5,10,428),(2115,'اچ پی ال','یک رو',6,12,428),(2116,'ضخامت','48',4,6,428),(2117,'نوع HPL','آرتا ',16,50,428),(2118,'نوع','مات',14,44,429),(2119,'عرض','60',15,73,429),(2120,'لبه','دو لبه',5,11,429),(2121,'اچ پی ال','یک رو',6,12,429),(2122,'ضخامت','48',4,6,429),(2123,'نوع HPL','آرتا ',16,50,429),(2124,'نوع','مات',14,44,430),(2125,'عرض','60',15,73,430),(2126,'لبه','دو لبه',5,11,430),(2127,'اچ پی ال','یک رو',6,12,430),(2128,'ضخامت','48',4,6,430),(2129,'نوع HPL','آرتا ',16,50,430),(2130,'نوع','براق',14,43,431),(2131,'عرض','60',15,73,431),(2132,'لبه','دو لبه',5,11,431),(2133,'اچ پی ال','یک رو',6,12,431),(2134,'ضخامت','48',4,6,431),(2135,'نوع HPL','وایا',16,49,431),(2136,'نوع','براق',14,43,432),(2137,'عرض','60',15,73,432),(2138,'لبه','دو لبه',5,11,432),(2139,'اچ پی ال','یک رو',6,12,432),(2140,'ضخامت','48',4,6,432),(2141,'نوع HPL','آرتا ',16,50,432),(2142,'نوع','براق',14,43,433),(2143,'عرض','60',15,73,433),(2144,'لبه','دو لبه',5,11,433),(2145,'اچ پی ال','یک رو',6,12,433),(2146,'ضخامت','48',4,6,433),(2147,'نوع HPL','وایا',16,49,433),(2148,'نوع','براق',14,43,434),(2149,'عرض','60',15,73,434),(2150,'لبه','دو لبه',5,11,434),(2151,'اچ پی ال','یک رو',6,12,434),(2152,'ضخامت','48',4,6,434),(2153,'نوع HPL','آرتا ',16,50,434),(2154,'نوع','براق',14,43,435),(2155,'عرض','60',15,73,435),(2156,'لبه','دو لبه',5,11,435),(2157,'اچ پی ال','یک رو',6,12,435),(2158,'ضخامت','32',4,5,435),(2159,'نوع HPL','آرتا ',16,50,435),(2160,'نوع','براق',14,43,436),(2161,'عرض','60',15,73,436),(2162,'لبه','دو لبه',5,11,436),(2163,'اچ پی ال','یک رو',6,12,436),(2164,'ضخامت','32',4,5,436),(2165,'نوع HPL','وایا',16,49,436),(2166,'نوع','براق',14,43,437),(2167,'عرض','60',15,73,437),(2168,'لبه','دو لبه',5,11,437),(2169,'اچ پی ال','یک رو',6,12,437),(2170,'ضخامت','32',4,5,437),(2171,'نوع HPL','وایا',16,49,437),(2172,'نوع','براق',14,43,438),(2173,'عرض','60',15,73,438),(2174,'لبه','دو لبه',5,11,438),(2175,'اچ پی ال','یک رو',6,12,438),(2176,'ضخامت','48',4,6,438),(2177,'نوع HPL','وایا',16,49,438),(2178,'نوع','مات',14,44,439),(2179,'عرض','60',15,73,439),(2180,'لبه','دو لبه',5,11,439),(2181,'اچ پی ال','یک رو',6,12,439),(2182,'ضخامت','48',4,6,439),(2183,'نوع HPL','وایا',16,49,439),(2184,'نوع','مات',14,44,440),(2185,'عرض','60',15,73,440),(2186,'لبه','دو لبه',5,11,440),(2187,'اچ پی ال','یک رو',6,12,440),(2188,'ضخامت','48',4,6,440),(2189,'نوع HPL','آرتا ',16,50,440),(2190,'نوع','مات',14,44,441),(2191,'عرض','60',15,73,441),(2192,'لبه','یک لبه',5,10,441),(2193,'اچ پی ال','یک رو',6,12,441),(2194,'ضخامت','48',4,6,441),(2195,'نوع HPL','وایا',16,49,441),(2196,'نوع','براق',14,43,442),(2197,'عرض','60',15,73,442),(2198,'لبه','دو لبه',5,11,442),(2199,'اچ پی ال','یک رو',6,12,442),(2200,'ضخامت','48',4,6,442),(2201,'نوع HPL','آرتا ',16,50,442),(2202,'نوع','براق',14,43,443),(2203,'عرض','60',15,73,443),(2204,'لبه','یک لبه',5,10,443),(2205,'اچ پی ال','یک رو',6,12,443),(2206,'ضخامت','48',4,6,443),(2207,'نوع HPL','آرتا ',16,50,443),(2447,'لبه','دو لبه',5,11,485),(2448,'اچ پی ال','یک رو',6,12,485),(2446,'عرض','60',15,73,485),(2445,'نوع','مات',14,44,485),(2237,'نوع HPL','وایا',16,49,448),(2442,'اچ پی ال','یک رو',6,12,484),(2443,'ضخامت','48',4,6,484),(2444,'نوع HPL','وایا',16,49,484),(2439,'نوع','براق',14,43,484),(2440,'عرض','60',15,73,484),(2441,'لبه','دو لبه',5,11,484),(2250,'نوع','مات',14,44,451),(2449,'ضخامت','48',4,6,485),(2450,'نوع HPL','آرتا ',16,50,485),(2236,'ضخامت','48',4,6,448),(2235,'اچ پی ال','یک رو',6,12,448),(2234,'لبه','دو لبه',5,11,448),(2233,'عرض','65',15,74,448),(2232,'نوع','براق',14,43,448),(2251,'عرض','60',15,73,451),(2252,'لبه','دو لبه',5,11,451),(2253,'اچ پی ال','یک رو',6,12,451),(2254,'ضخامت','48',4,6,451),(2255,'نوع HPL','وایا',16,49,451),(2256,'نوع','براق',14,43,452),(2257,'عرض','60',15,73,452),(2258,'لبه','دو لبه',5,11,452),(2259,'اچ پی ال','یک رو',6,12,452),(2260,'ضخامت','48',4,6,452),(2261,'نوع HPL','وایا',16,49,452),(2262,'نوع','براق',14,43,453),(2263,'عرض','60',15,73,453),(2264,'لبه','دو لبه',5,11,453),(2265,'اچ پی ال','یک رو',6,12,453),(2266,'ضخامت','48',4,6,453),(2267,'نوع HPL','آرتا ',16,50,453),(2268,'نوع','براق',14,43,454),(2269,'عرض','60',15,73,454),(2270,'لبه','یک لبه',5,10,454),(2271,'اچ پی ال','یک رو',6,12,454),(2272,'ضخامت','48',4,6,454),(2273,'نوع HPL','آرتا ',16,50,454),(2274,'نوع','براق',14,43,455),(2275,'عرض','60',15,73,455),(2276,'لبه','دو لبه',5,11,455),(2277,'اچ پی ال','یک رو',6,12,455),(2278,'ضخامت','48',4,6,455),(2279,'نوع HPL','آرتا ',16,50,455),(2280,'نوع','براق',14,43,456),(2281,'عرض','60',15,73,456),(2282,'لبه','یک لبه',5,10,456),(2283,'اچ پی ال','یک رو',6,12,456),(2284,'ضخامت','48',4,6,456),(2285,'نوع HPL','آرتا ',16,50,456),(2286,'نوع','براق',14,43,457),(2287,'عرض','80',15,77,457),(2288,'لبه','دو لبه',5,11,457),(2289,'اچ پی ال','یک رو',6,12,457),(2290,'ضخامت','48',4,6,457),(2291,'نوع HPL','آرتا ',16,50,457),(2292,'نوع','براق',14,43,458),(2293,'عرض','70',15,75,458),(2294,'لبه','دو لبه',5,11,458),(2295,'اچ پی ال','دو رو',6,13,458),(2296,'ضخامت','48',4,6,458),(2297,'نوع HPL','آرتا ',16,50,458),(2298,'نوع','مات',14,44,459),(2299,'عرض','60',15,73,459),(2300,'لبه','دو لبه',5,11,459),(2301,'اچ پی ال','یک رو',6,12,459),(2302,'ضخامت','48',4,6,459),(2303,'نوع HPL','آرتا ',16,50,459),(2304,'نوع','مات',14,44,460),(2305,'عرض','60',15,73,460),(2306,'لبه','یک لبه',5,10,460),(2307,'اچ پی ال','یک رو',6,12,460),(2308,'ضخامت','48',4,6,460),(2309,'نوع HPL','آرتا ',16,50,460),(2310,'نوع','براق',14,43,461),(2311,'عرض','60',15,73,461),(2312,'لبه','دو لبه',5,11,461),(2313,'اچ پی ال','یک رو',6,12,461),(2314,'ضخامت','48',4,6,461),(2315,'نوع HPL','آرتا ',16,50,461),(2316,'نوع','براق',14,43,462),(2317,'عرض','60',15,73,462),(2318,'لبه','یک لبه',5,10,462),(2319,'اچ پی ال','یک رو',6,12,462),(2320,'ضخامت','48',4,6,462),(2321,'نوع HPL','آرتا ',16,50,462),(2322,'نوع','مات',14,44,463),(2323,'عرض','60',15,73,463),(2324,'لبه','دو لبه',5,11,463),(2325,'اچ پی ال','یک رو',6,12,463),(2326,'ضخامت','48',4,6,463),(2327,'نوع HPL','آرتا ',16,50,463),(2328,'نوع','مات',14,44,464),(2329,'عرض','60',15,73,464),(2330,'لبه','یک لبه',5,10,464),(2331,'اچ پی ال','یک رو',6,12,464),(2332,'ضخامت','48',4,6,464),(2333,'نوع HPL','آرتا ',16,50,464),(2334,'نوع','مات',14,44,465),(2335,'عرض','60',15,73,465),(2336,'لبه','دو لبه',5,11,465),(2337,'اچ پی ال','یک رو',6,12,465),(2338,'ضخامت','32',4,5,465),(2339,'نوع HPL','آرتا ',16,50,465),(2340,'نوع','براق',14,43,466),(2341,'عرض','60',15,73,466),(2342,'لبه','دو لبه',5,11,466),(2343,'اچ پی ال','یک رو',6,12,466),(2344,'ضخامت','32',4,5,466),(2345,'نوع HPL','وایا',16,49,466),(2346,'نوع','مات',14,44,467),(2347,'عرض','60',15,73,467),(2348,'لبه','دو لبه',5,11,467),(2349,'اچ پی ال','یک رو',6,12,467),(2350,'ضخامت','32',4,5,467),(2351,'نوع HPL','آرتا ',16,50,467),(2352,'نوع','براق',14,43,468),(2353,'عرض','60',15,73,468),(2354,'لبه','دو لبه',5,11,468),(2355,'اچ پی ال','یک رو',6,12,468),(2356,'ضخامت','32',4,5,468),(2357,'نوع HPL','آرتا ',16,50,468),(2358,'نوع','براق',14,43,469),(2359,'عرض','60',15,73,469),(2360,'لبه','دو لبه',5,11,469),(2361,'اچ پی ال','یک رو',6,12,469),(2362,'ضخامت','48',4,6,469),(2363,'نوع HPL','وایا',16,49,469),(2364,'نوع','مات',14,44,470),(2365,'عرض','60',15,73,470),(2366,'لبه','دو لبه',5,11,470),(2367,'اچ پی ال','یک رو',6,12,470),(2368,'ضخامت','48',4,6,470),(2369,'نوع HPL','وایا',16,49,470),(2370,'نوع','براق',14,43,471),(2371,'عرض','60',15,73,471),(2372,'لبه','دو لبه',5,11,471),(2373,'اچ پی ال','یک رو',6,12,471),(2374,'ضخامت','48',4,6,471),(2375,'نوع HPL','وایا',16,49,471),(2376,'نوع','براق',14,43,472),(2377,'عرض','60',15,73,472),(2378,'لبه','دو لبه',5,11,472),(2379,'اچ پی ال','یک رو',6,12,472),(2380,'ضخامت','48',4,6,472),(2381,'نوع HPL','آرتا ',16,50,472),(2382,'نوع','براق',14,43,473),(2383,'عرض','60',15,73,473),(2384,'لبه','یک لبه',5,10,473),(2385,'اچ پی ال','یک رو',6,12,473),(2386,'ضخامت','48',4,6,473),(2387,'نوع HPL','آرتا ',16,50,473),(2388,'نوع','براق',14,43,474),(2389,'عرض','60',15,73,474),(2390,'لبه','دو لبه',5,11,474),(2391,'اچ پی ال','یک رو',6,12,474),(2392,'ضخامت','48',4,6,474),(2393,'نوع HPL','آرتا ',16,50,474),(2394,'نوع','براق',14,43,475),(2395,'عرض','60',15,73,475),(2396,'لبه','یک لبه',5,10,475),(2397,'اچ پی ال','یک رو',6,12,475),(2398,'ضخامت','48',4,6,475),(2399,'نوع HPL','آرتا ',16,50,475),(2400,'نوع','براق',14,43,476),(2401,'عرض','60',15,73,476),(2402,'لبه','دو لبه',5,11,476),(2403,'اچ پی ال','یک رو',6,12,476),(2404,'ضخامت','48',4,6,476),(2405,'نوع HPL','وایا',16,49,476),(2406,'نوع','براق',14,43,477),(2407,'عرض','60',15,73,477),(2408,'لبه','یک لبه',5,10,477),(2409,'اچ پی ال','یک رو',6,12,477),(2410,'ضخامت','48',4,6,477),(2411,'نوع HPL','وایا',16,49,477),(2412,'نوع','براق',14,43,478),(2413,'عرض','60',15,73,478),(2414,'لبه','دو لبه',5,11,478),(2415,'اچ پی ال','یک رو',6,12,478),(2416,'ضخامت','48',4,6,478),(2417,'نوع HPL','آرتا ',16,50,478),(2418,'نوع','براق',14,43,479),(2419,'عرض','60',15,73,479),(2420,'لبه','دو لبه',5,11,479),(2421,'اچ پی ال','یک رو',6,12,479),(2422,'ضخامت','32',4,5,479),(2423,'نوع HPL','وایا',16,49,479),(2424,'نوع','براق',14,43,480),(2425,'عرض','60',15,73,480),(2426,'لبه','دو لبه',5,11,480),(2427,'اچ پی ال','یک رو',6,12,480),(2428,'ضخامت','48',4,6,480),(2429,'نوع HPL','آرتا ',16,50,480),(2430,'ضخامت','16',4,37,481),(2431,'کیفیت','درجه یک',8,38,481),(2432,'برند','Ecoone',13,41,481),(2433,'ضخامت','16',4,37,482),(2434,'کیفیت','درجه یک',8,38,482),(2435,'برند','Ecoone',13,41,482),(2436,'ضخامت','16',4,37,483),(2437,'کیفیت','درجه یک',8,38,483),(2438,'برند','Ecoone',13,41,483),(2451,'نوع','مات',14,44,486),(2452,'عرض','60',15,73,486),(2453,'لبه','یک لبه',5,10,486),(2454,'اچ پی ال','یک رو',6,12,486),(2455,'ضخامت','48',4,6,486),(2456,'نوع HPL','آرتا ',16,50,486),(2457,'نوع','مات',14,44,487),(2458,'عرض','60',15,73,487),(2459,'لبه','دو لبه',5,11,487),(2460,'اچ پی ال','یک رو',6,12,487),(2461,'ضخامت','48',4,6,487),(2462,'نوع HPL','آرتا ',16,50,487),(2463,'نوع','مات',14,44,488),(2464,'عرض','60',15,73,488),(2465,'لبه','دو لبه',5,11,488),(2466,'اچ پی ال','یک رو',6,12,488),(2467,'ضخامت','48',4,6,488),(2468,'نوع HPL','آرتا ',16,50,488),(2469,'نوع','مات',14,44,489),(2470,'عرض','60',15,73,489),(2471,'لبه','دو لبه',5,11,489),(2472,'اچ پی ال','یک رو',6,12,489),(2473,'ضخامت','48',4,6,489),(2474,'نوع HPL','آرتا ',16,50,489),(2475,'نوع','مات',14,44,490),(2476,'عرض','60',15,73,490),(2477,'لبه','یک لبه',5,10,490),(2478,'اچ پی ال','یک رو',6,12,490),(2479,'ضخامت','48',4,6,490),(2480,'نوع HPL','آرتا ',16,50,490),(2481,'نوع','براق',14,43,491),(2482,'عرض','60',15,73,491),(2483,'لبه','دو لبه',5,11,491),(2484,'اچ پی ال','یک رو',6,12,491),(2485,'ضخامت','48',4,6,491),(2486,'نوع HPL','وایا',16,49,491),(2487,'نوع','براق',14,43,492),(2488,'عرض','60',15,73,492),(2489,'لبه','یک لبه',5,10,492),(2490,'اچ پی ال','یک رو',6,12,492),(2491,'ضخامت','48',4,6,492),(2492,'نوع HPL','وایا',16,49,492),(2493,'نوع','مات',14,44,493),(2494,'عرض','60',15,73,493),(2495,'لبه','دو لبه',5,11,493),(2496,'اچ پی ال','یک رو',6,12,493),(2497,'ضخامت','48',4,6,493),(2498,'نوع HPL','وایا',16,49,493),(2499,'نوع','مات',14,44,494),(2500,'عرض','60',15,73,494),(2501,'لبه','دو لبه',5,11,494),(2502,'اچ پی ال','یک رو',6,12,494),(2503,'ضخامت','48',4,6,494),(2504,'نوع HPL','آرتا ',16,50,494),(2505,'نوع','براق',14,43,495),(2506,'عرض','60',15,73,495),(2507,'لبه','دو لبه',5,11,495),(2508,'اچ پی ال','یک رو',6,12,495),(2509,'ضخامت','48',4,6,495),(2510,'نوع HPL','آرتا ',16,50,495),(2511,'نوع','براق',14,43,496),(2512,'عرض','60',15,73,496),(2513,'لبه','دو لبه',5,11,496),(2514,'اچ پی ال','یک رو',6,12,496),(2515,'ضخامت','48',4,6,496),(2516,'نوع HPL','آرتا ',16,50,496),(2517,'نوع','براق',14,43,497),(2518,'عرض','60',15,73,497),(2519,'لبه','یک لبه',5,10,497),(2520,'اچ پی ال','یک رو',6,12,497),(2521,'ضخامت','48',4,6,497),(2522,'نوع HPL','آرتا ',16,50,497),(2523,'نوع','براق',14,43,498),(2524,'عرض','60',15,73,498),(2525,'لبه','دو لبه',5,11,498),(2526,'اچ پی ال','یک رو',6,12,498),(2527,'ضخامت','48',4,6,498),(2528,'نوع HPL','وایا',16,49,498),(2529,'نوع','براق',14,43,499),(2530,'عرض','60',15,73,499),(2531,'لبه','دو لبه',5,11,499),(2532,'اچ پی ال','یک رو',6,12,499),(2533,'ضخامت','48',4,6,499),(2534,'نوع HPL','آرتا ',16,50,499),(2535,'نوع','براق',14,43,500),(2536,'عرض','60',15,73,500),(2537,'لبه','یک لبه',5,10,500),(2538,'اچ پی ال','یک رو',6,12,500),(2539,'ضخامت','48',4,6,500),(2540,'نوع HPL','آرتا ',16,50,500),(2541,'نوع','براق',14,43,501),(2542,'عرض','60',15,73,501),(2543,'لبه','دو لبه',5,11,501),(2544,'اچ پی ال','یک رو',6,12,501),(2545,'ضخامت','48',4,6,501),(2546,'نوع HPL','وایا',16,49,501),(2547,'نوع','براق',14,43,502),(2548,'عرض','60',15,73,502),(2549,'لبه','دو لبه',5,11,502),(2550,'اچ پی ال','یک رو',6,12,502),(2551,'ضخامت','48',4,6,502),(2552,'نوع HPL','آرتا ',16,50,502),(2553,'نوع','براق',14,43,503),(2554,'عرض','60',15,73,503),(2555,'لبه','یک لبه',5,10,503),(2556,'اچ پی ال','یک رو',6,12,503),(2557,'ضخامت','48',4,6,503),(2558,'نوع HPL','آرتا ',16,50,503),(2559,'ضخامت','16',4,37,504),(2560,'کیفیت','درجه یک',8,38,504),(2561,'برند','ANG',13,40,504),(2562,'ضخامت','16',4,37,505),(2563,'کیفیت','درجه یک',8,38,505),(2564,'برند','ANG',13,40,505),(2565,'ضخامت','16',4,37,506),(2566,'کیفیت','درجه یک',8,38,506),(2567,'برند','ANG',13,40,506),(2568,'ضخامت','16',4,37,507),(2569,'کیفیت','درجه یک',8,38,507),(2570,'برند','ANG',13,40,507),(2571,'ضخامت','16',4,37,508),(2572,'کیفیت','درجه یک',8,38,508),(2573,'برند','ANG',13,40,508),(2574,'نوع','مات',14,44,509),(2575,'عرض','60',15,73,509),(2576,'لبه','دو لبه',5,11,509),(2577,'اچ پی ال','یک رو',6,12,509),(2578,'ضخامت','32',4,5,509),(2579,'نوع HPL','آرتا ',16,50,509),(2580,'نوع','مات',14,44,510),(2581,'عرض','60',15,73,510),(2582,'لبه','دو لبه',5,11,510),(2583,'اچ پی ال','یک رو',6,12,510),(2584,'ضخامت','32',4,5,510),(2585,'نوع HPL','آرتا ',16,50,510),(2586,'نوع','براق',14,43,511),(2587,'عرض','60',15,73,511),(2588,'لبه','دو لبه',5,11,511),(2589,'اچ پی ال','یک رو',6,12,511),(2590,'ضخامت','32',4,5,511),(2591,'نوع HPL','آرتا ',16,50,511),(2592,'نوع','مات',14,44,512),(2593,'عرض','60',15,73,512),(2594,'لبه','دو لبه',5,11,512),(2595,'اچ پی ال','یک رو',6,12,512),(2596,'ضخامت','32',4,5,512),(2597,'نوع HPL','وایا',16,49,512),(2598,'نوع','براق',14,43,513),(2599,'عرض','60',15,73,513),(2600,'لبه','دو لبه',5,11,513),(2601,'اچ پی ال','یک رو',6,12,513),(2602,'ضخامت','32',4,5,513),(2603,'نوع HPL','آرتا ',16,50,513),(2604,'نوع','مات',14,44,514),(2605,'عرض','60',15,73,514),(2606,'لبه','دو لبه',5,11,514),(2607,'اچ پی ال','یک رو',6,12,514),(2608,'ضخامت','32',4,5,514),(2609,'نوع HPL','آرتا ',16,50,514),(2610,'نوع','مات',14,44,515),(2611,'عرض','60',15,73,515),(2612,'لبه','دو لبه',5,11,515),(2613,'اچ پی ال','یک رو',6,12,515),(2614,'ضخامت','48',4,6,515),(2615,'نوع HPL','آرتا ',16,50,515),(2616,'نوع','براق',14,43,516),(2617,'عرض','60',15,73,516),(2618,'لبه','دو لبه',5,11,516),(2619,'اچ پی ال','یک رو',6,12,516),(2620,'ضخامت','48',4,6,516),(2621,'نوع HPL','آرتا ',16,50,516),(2622,'نوع','براق',14,43,517),(2623,'عرض','60',15,73,517),(2624,'لبه','یک لبه',5,10,517),(2625,'اچ پی ال','یک رو',6,12,517),(2626,'ضخامت','48',4,6,517),(2627,'نوع HPL','آرتا ',16,50,517),(2628,'نوع','براق',14,43,518),(2629,'عرض','60',15,73,518),(2630,'لبه','دو لبه',5,11,518),(2631,'اچ پی ال','یک رو',6,12,518),(2632,'ضخامت','48',4,6,518),(2633,'نوع HPL','آرتا ',16,50,518),(2634,'نوع','براق',14,43,519),(2635,'عرض','60',15,73,519),(2636,'لبه','یک لبه',5,10,519),(2637,'اچ پی ال','یک رو',6,12,519),(2638,'ضخامت','48',4,6,519),(2639,'نوع HPL','آرتا ',16,50,519),(2640,'نوع','براق',14,43,520),(2641,'عرض','60',15,73,520),(2642,'لبه','دو لبه',5,11,520),(2643,'اچ پی ال','یک رو',6,12,520),(2644,'ضخامت','48',4,6,520),(2645,'نوع HPL','وایا',16,49,520),(2646,'نوع','براق',14,43,521),(2647,'عرض','60',15,73,521),(2648,'لبه','یک لبه',5,10,521),(2649,'اچ پی ال','یک رو',6,12,521),(2650,'ضخامت','48',4,6,521),(2651,'نوع HPL','وایا',16,49,521),(2652,'نوع','براق',14,43,522),(2653,'عرض','60',15,73,522),(2654,'لبه','دو لبه',5,11,522),(2655,'اچ پی ال','یک رو',6,12,522),(2656,'ضخامت','48',4,6,522),(2657,'نوع HPL','آرتا ',16,50,522),(2658,'نوع','مات',14,44,523),(2659,'عرض','60',15,73,523),(2660,'لبه','دو لبه',5,11,523),(2661,'اچ پی ال','یک رو',6,12,523),(2662,'ضخامت','48',4,6,523),(2663,'نوع HPL','وایا',16,49,523),(2664,'نوع','براق',14,43,524),(2665,'عرض','60',15,73,524),(2666,'لبه','دو لبه',5,11,524),(2667,'اچ پی ال','یک رو',6,12,524),(2668,'ضخامت','48',4,6,524),(2669,'نوع HPL','آرتا ',16,50,524),(2670,'نوع','براق',14,43,525),(2671,'عرض','60',15,73,525),(2672,'لبه','یک لبه',5,10,525),(2673,'اچ پی ال','یک رو',6,12,525),(2674,'ضخامت','48',4,6,525),(2675,'نوع HPL','آرتا ',16,50,525),(2676,'نوع','براق',14,43,526),(2677,'عرض','60',15,73,526),(2678,'لبه','دو لبه',5,11,526),(2679,'اچ پی ال','یک رو',6,12,526),(2680,'ضخامت','48',4,6,526),(2681,'نوع HPL','وایا',16,49,526),(2682,'نوع','براق',14,43,527),(2683,'عرض','60',15,73,527),(2684,'لبه','دو لبه',5,11,527),(2685,'اچ پی ال','یک رو',6,12,527),(2686,'ضخامت','48',4,6,527),(2687,'نوع HPL','وایا',16,49,527),(2688,'نوع','براق',14,43,528),(2689,'عرض','60',15,73,528),(2690,'لبه','دو لبه',5,11,528),(2691,'اچ پی ال','یک رو',6,12,528),(2692,'ضخامت','48',4,6,528),(2693,'نوع HPL','آرتا ',16,50,528),(2694,'نوع','براق',14,43,529),(2695,'عرض','60',15,73,529),(2696,'لبه','یک لبه',5,10,529),(2697,'اچ پی ال','یک رو',6,12,529),(2698,'ضخامت','48',4,6,529),(2699,'نوع HPL','آرتا ',16,50,529),(2700,'نوع','براق',14,43,530),(2701,'عرض','60',15,73,530),(2702,'لبه','یک لبه',5,10,530),(2703,'اچ پی ال','یک رو',6,12,530),(2704,'ضخامت','48',4,6,530),(2705,'نوع HPL','آرتا ',16,50,530),(2706,'نوع','براق',14,43,531),(2707,'عرض','60',15,73,531),(2708,'لبه','دو لبه',5,11,531),(2709,'اچ پی ال','یک رو',6,12,531),(2710,'ضخامت','48',4,6,531),(2711,'نوع HPL','آرتا ',16,50,531),(2712,'نوع','براق',14,43,532),(2713,'عرض','75',15,76,532),(2714,'لبه','دو لبه',5,11,532),(2715,'اچ پی ال','دو رو',6,13,532),(2716,'ضخامت','48',4,6,532),(2717,'نوع HPL','وایا',16,49,532),(2718,'نوع','مات',14,44,533),(2719,'عرض','70',15,75,533),(2720,'لبه','دو لبه',5,11,533),(2721,'اچ پی ال','دو رو',6,13,533),(2722,'ضخامت','48',4,6,533),(2723,'نوع HPL','آرتا ',16,50,533),(2724,'نوع','مات',14,44,534),(2725,'عرض','75',15,76,534),(2726,'لبه','دو لبه',5,11,534),(2727,'اچ پی ال','دو رو',6,13,534),(2728,'ضخامت','48',4,6,534),(2729,'نوع HPL','آرتا ',16,50,534),(2730,'نوع','براق',14,43,535),(2731,'عرض','60',15,73,535),(2732,'لبه','دو لبه',5,11,535),(2733,'اچ پی ال','یک رو',6,12,535),(2734,'ضخامت','48',4,6,535),(2735,'نوع HPL','وایا',16,49,535),(2736,'نوع','براق',14,43,536),(2737,'عرض','60',15,73,536),(2738,'لبه','دو لبه',5,11,536),(2739,'اچ پی ال','یک رو',6,12,536),(2740,'ضخامت','48',4,6,536),(2741,'نوع HPL','آرتا ',16,50,536),(2742,'نوع','براق',14,43,537),(2743,'عرض','60',15,73,537),(2744,'لبه','یک لبه',5,10,537),(2745,'اچ پی ال','یک رو',6,12,537),(2746,'ضخامت','48',4,6,537),(2747,'نوع HPL','آرتا ',16,50,537),(2748,'ضخامت','16',4,37,538),(2749,'کیفیت','درجه یک',8,38,538),(2750,'برند','ANG',13,40,538),(2751,'ضخامت','16',4,37,539),(2752,'کیفیت','درجه یک',8,38,539),(2753,'برند','ANG',13,40,539),(2754,'ضخامت','16',4,37,540),(2755,'کیفیت','درجه یک',8,38,540),(2756,'برند','ANG',13,40,540),(2757,'ضخامت','16',4,37,541),(2758,'کیفیت','درجه یک',8,38,541),(2759,'برند','ANG',13,40,541),(2760,'ضخامت','16',4,37,542),(2761,'کیفیت','درجه یک',8,38,542),(2762,'برند','ANG',13,40,542),(2763,'ضخامت','16',4,37,543),(2764,'کیفیت','درجه یک',8,38,543),(2765,'برند','ANG',13,40,543),(2766,'ضخامت','16',4,37,544),(2767,'کیفیت','درجه یک',8,38,544),(2768,'برند','ANG',13,40,544),(2769,'ضخامت','16',4,37,545),(2770,'کیفیت','درجه یک',8,38,545),(2771,'برند','ANG',13,40,545),(2772,'ضخامت','16',4,37,546),(2773,'کیفیت','درجه یک',8,38,546),(2774,'برند','ANG',13,40,546),(2775,'ضخامت','16',4,37,547),(2776,'کیفیت','درجه یک',8,38,547),(2777,'برند','ANG',13,40,547),(2778,'ضخامت','16',4,37,548),(2779,'کیفیت','درجه یک',8,38,548),(2780,'برند','ANG',13,40,548),(2781,'ضخامت','16',4,37,549),(2782,'کیفیت','درجه یک',8,38,549),(2783,'برند','ANG',13,40,549),(2784,'ضخامت','16',4,37,550),(2785,'کیفیت','درجه یک',8,38,550),(2786,'برند','ANG',13,40,550),(2787,'ضخامت','16',4,37,551),(2788,'کیفیت','درجه یک',8,38,551),(2789,'برند','ANG',13,40,551),(2790,'ضخامت','16',4,37,552),(2791,'کیفیت','درجه یک',8,38,552),(2792,'برند','ANG',13,40,552),(2793,'ضخامت','16',4,37,553),(2794,'کیفیت','درجه یک',8,38,553),(2795,'برند','Zirve',13,42,553),(2796,'ضخامت','16',4,37,554),(2797,'کیفیت','درجه یک',8,38,554),(2798,'برند','Zirve',13,42,554),(2799,'ضخامت','16',4,37,555),(2800,'کیفیت','درجه یک',8,38,555),(2801,'برند','ANG',13,40,555),(2802,'ضخامت','16',4,37,556),(2803,'کیفیت','درجه یک',8,38,556),(2804,'برند','ANG',13,40,556),(2805,'ضخامت','16',4,37,557),(2806,'کیفیت','درجه یک',8,38,557),(2807,'برند','ANG',13,40,557),(2808,'ضخامت','16',4,37,558),(2809,'کیفیت','درجه یک',8,38,558),(2810,'برند','ANG',13,40,558),(2811,'ضخامت','16',4,37,559),(2812,'کیفیت','درجه یک',8,38,559),(2813,'برند','ANG',13,40,559),(2814,'ضخامت','16',4,37,560),(2815,'کیفیت','درجه یک',8,38,560),(2816,'برند','ANG',13,40,560),(2817,'ضخامت','16',4,37,561),(2818,'کیفیت','درجه یک',8,38,561),(2819,'برند','ANG',13,40,561),(2820,'ضخامت','16',4,37,562),(2821,'کیفیت','درجه یک',8,38,562),(2822,'برند','ANG',13,40,562),(2823,'ضخامت','16',4,37,563),(2824,'کیفیت','درجه یک',8,38,563),(2825,'برند','Ecoone',13,41,563),(2826,'ضخامت','16',4,37,564),(2827,'کیفیت','درجه یک',8,38,564),(2828,'برند','Ecoone',13,41,564),(2829,'ضخامت','16',4,37,565),(2830,'کیفیت','درجه یک',8,38,565),(2831,'برند','Ecoone',13,41,565),(2832,'ضخامت','16',4,37,566),(2833,'کیفیت','درجه یک',8,38,566),(2834,'برند','ANG',13,40,566),(2835,'ضخامت','16',4,37,567),(2836,'کیفیت','درجه یک',8,38,567),(2837,'برند','ANG',13,40,567),(2838,'ضخامت','16',4,37,568),(2839,'کیفیت','درجه یک',8,38,568),(2840,'برند','ANG',13,40,568),(2841,'ضخامت','16',4,37,569),(2842,'کیفیت','درجه یک',8,38,569),(2843,'برند','ANG',13,40,569),(2844,'ضخامت','16',4,37,570),(2845,'کیفیت','درجه یک',8,38,570),(2846,'برند','ANG',13,40,570),(2847,'ضخامت','16',4,37,571),(2848,'کیفیت','درجه یک',8,38,571),(2849,'برند','ANG',13,40,571),(2850,'ضخامت','16',4,37,572),(2851,'کیفیت','درجه یک',8,38,572),(2852,'برند','ANG',13,40,572),(2853,'ضخامت','16',4,37,573),(2854,'کیفیت','درجه یک',8,38,573),(2855,'برند','ANG',13,40,573),(2856,'ضخامت','16',4,37,574),(2857,'کیفیت','درجه یک',8,38,574),(2858,'برند','ANG',13,40,574),(2859,'ضخامت','16',4,37,575),(2860,'کیفیت','درجه یک',8,38,575),(2861,'برند','ANG',13,40,575),(2862,'ضخامت','16',4,37,576),(2863,'کیفیت','درجه یک',8,38,576),(2864,'برند','ANG',13,40,576),(2865,'ضخامت','16',4,37,577),(2866,'کیفیت','درجه یک',8,38,577),(2867,'برند','ANG',13,40,577),(2868,'ضخامت','16',4,37,578),(2869,'کیفیت','درجه یک',8,38,578),(2870,'برند','ANG',13,40,578),(2871,'نوع','براق',14,43,579),(2872,'عرض','100',15,81,579),(2873,'لبه','دو لبه',5,11,579),(2874,'اچ پی ال','دو رو',6,13,579),(2875,'ضخامت','48',4,6,579),(2876,'نوع HPL','آرتا ',16,50,579),(2877,'نوع','براق',14,43,580),(2878,'عرض','100',15,81,580),(2879,'لبه','دو لبه',5,11,580),(2880,'اچ پی ال','دو رو',6,13,580),(2881,'ضخامت','48',4,6,580),(2882,'نوع HPL','وایا',16,49,580),(2883,'نوع','براق',14,43,581),(2884,'عرض','60',15,73,581),(2885,'لبه','دو لبه',5,11,581),(2886,'اچ پی ال','یک رو',6,12,581),(2887,'ضخامت','32',4,5,581),(2888,'نوع HPL','وایا',16,49,581),(2889,'نوع','براق',14,43,582),(2890,'عرض','60',15,73,582),(2891,'لبه','دو لبه',5,11,582),(2892,'اچ پی ال','یک رو',6,12,582),(2893,'ضخامت','48',4,6,582),(2894,'نوع HPL','وایا',16,49,582),(2895,'نوع','براق',14,43,583),(2896,'عرض','60',15,73,583),(2897,'لبه','دو لبه',5,11,583),(2898,'اچ پی ال','یک رو',6,12,583),(2899,'ضخامت','32',4,5,583),(2900,'نوع HPL','آرتا ',16,50,583),(2901,'نوع','براق',14,43,584),(2902,'عرض','60',15,73,584),(2903,'لبه','دو لبه',5,11,584),(2904,'اچ پی ال','یک رو',6,12,584),(2905,'ضخامت','32',4,5,584),(2906,'نوع HPL','وایا',16,49,584),(2907,'نوع','براق',14,43,585),(2908,'عرض','60',15,73,585),(2909,'لبه','دو لبه',5,11,585),(2910,'اچ پی ال','یک رو',6,12,585),(2911,'ضخامت','32',4,5,585),(2912,'نوع HPL','آرتا ',16,50,585),(2913,'نوع','براق',14,43,586),(2914,'عرض','60',15,73,586),(2915,'لبه','دو لبه',5,11,586),(2916,'اچ پی ال','یک رو',6,12,586),(2917,'ضخامت','48',4,6,586),(2918,'نوع HPL','آرتا ',16,50,586),(2919,'نوع','براق',14,43,587),(2920,'عرض','65',15,74,587),(2921,'لبه','دو لبه',5,11,587),(2922,'اچ پی ال','یک رو',6,12,587),(2923,'ضخامت','48',4,6,587),(2924,'نوع HPL','آرتا ',16,50,587),(2925,'نوع','براق',14,43,588),(2926,'عرض','60',15,73,588),(2927,'لبه','دو لبه',5,11,588),(2928,'اچ پی ال','یک رو',6,12,588),(2929,'ضخامت','32',4,5,588),(2930,'نوع HPL','آرتا ',16,50,588),(2931,'نوع','براق',14,43,589),(2932,'عرض','60',15,73,589),(2933,'لبه','یک لبه',5,10,589),(2934,'اچ پی ال','یک رو',6,12,589),(2935,'ضخامت','32',4,5,589),(2936,'نوع HPL','آرتا ',16,50,589),(2937,'نوع','براق',14,43,590),(2938,'عرض','65',15,74,590),(2939,'لبه','دو لبه',5,11,590),(2940,'اچ پی ال','یک رو',6,12,590),(2941,'ضخامت','48',4,6,590),(2942,'نوع HPL','وایا',16,49,590),(2943,'نوع','مات',14,44,591),(2944,'عرض','60',15,73,591),(2945,'لبه','دو لبه',5,11,591),(2946,'اچ پی ال','یک رو',6,12,591),(2947,'ضخامت','32',4,5,591),(2948,'نوع HPL','وایا',16,49,591),(2949,'نوع','براق',14,43,592),(2950,'عرض','75',15,76,592),(2951,'لبه','دو لبه',5,11,592),(2952,'اچ پی ال','دو رو',6,13,592),(2953,'ضخامت','48',4,6,592),(2954,'نوع HPL','وایا',16,49,592),(2955,'نوع','براق',14,43,593),(2956,'عرض','60',15,73,593),(2957,'لبه','دو لبه',5,11,593),(2958,'اچ پی ال','یک رو',6,12,593),(2959,'ضخامت','32',4,5,593),(2960,'نوع HPL','وایا',16,49,593),(2961,'نوع','مات',14,44,594),(2962,'عرض','60',15,73,594),(2963,'لبه','دو لبه',5,11,594),(2964,'اچ پی ال','یک رو',6,12,594),(2965,'ضخامت','48',4,6,594),(2966,'نوع HPL','آرتا ',16,50,594),(2967,'نوع','براق',14,43,595),(2968,'عرض','60',15,73,595),(2969,'لبه','دو لبه',5,11,595),(2970,'اچ پی ال','یک رو',6,12,595),(2971,'ضخامت','48',4,6,595),(2972,'نوع HPL','آرتا ',16,50,595),(2973,'نوع','براق',14,43,596),(2974,'عرض','60',15,73,596),(2975,'لبه','یک لبه',5,10,596),(2976,'اچ پی ال','یک رو',6,12,596),(2977,'ضخامت','48',4,6,596),(2978,'نوع HPL','آرتا ',16,50,596),(2979,'نوع','براق',14,43,597),(2980,'عرض','90',15,79,597),(2981,'لبه','دو لبه',5,11,597),(2982,'اچ پی ال','دو رو',6,13,597),(2983,'ضخامت','48',4,6,597),(2984,'نوع HPL','آرتا ',16,50,597),(2985,'نوع','براق',14,43,598),(2986,'عرض','60',15,73,598),(2987,'لبه','دو لبه',5,11,598),(2988,'اچ پی ال','یک رو',6,12,598),(2989,'ضخامت','48',4,6,598),(2990,'نوع HPL','آرتا ',16,50,598),(2991,'نوع','براق',14,43,599),(2992,'عرض','60',15,73,599),(2993,'لبه','یک لبه',5,10,599),(2994,'اچ پی ال','یک رو',6,12,599),(2995,'ضخامت','48',4,6,599),(2996,'نوع HPL','آرتا ',16,50,599),(2997,'نوع','براق',14,43,600),(2998,'عرض','90',15,79,600),(2999,'لبه','دو لبه',5,11,600),(3000,'اچ پی ال','دو رو',6,13,600),(3001,'ضخامت','48',4,6,600),(3002,'نوع HPL','آرتا ',16,50,600),(3003,'نوع','براق',14,43,601),(3004,'عرض','60',15,73,601),(3005,'لبه','دو لبه',5,11,601),(3006,'اچ پی ال','یک رو',6,12,601),(3007,'ضخامت','48',4,6,601),(3008,'نوع HPL','آرتا ',16,50,601),(3009,'نوع','براق',14,43,602),(3010,'عرض','60',15,73,602),(3011,'لبه','یک لبه',5,10,602),(3012,'اچ پی ال','یک رو',6,12,602),(3013,'ضخامت','48',4,6,602),(3014,'نوع HPL','آرتا ',16,50,602),(3015,'نوع','براق',14,43,603),(3016,'عرض','90',15,79,603),(3017,'لبه','دو لبه',5,11,603),(3018,'اچ پی ال','دو رو',6,13,603),(3019,'ضخامت','48',4,6,603),(3020,'نوع HPL','آرتا ',16,50,603),(3021,'نوع','براق',14,43,604),(3022,'عرض','60',15,73,604),(3023,'لبه','دو لبه',5,11,604),(3024,'اچ پی ال','یک رو',6,12,604),(3025,'ضخامت','32',4,5,604),(3026,'نوع HPL','آرتا ',16,50,604),(3027,'نوع','براق',14,43,605),(3028,'عرض','60',15,73,605),(3029,'لبه','دو لبه',5,11,605),(3030,'اچ پی ال','یک رو',6,12,605),(3031,'ضخامت','48',4,6,605),(3032,'نوع HPL','آرتا ',16,50,605),(3033,'نوع','براق',14,43,606),(3034,'عرض','90',15,79,606),(3035,'لبه','دو لبه',5,11,606),(3036,'اچ پی ال','دو رو',6,13,606),(3037,'ضخامت','48',4,6,606),(3038,'نوع HPL','آرتا ',16,50,606),(3039,'نوع','براق',14,43,607),(3040,'عرض','60',15,73,607),(3041,'لبه','دو لبه',5,11,607),(3042,'اچ پی ال','یک رو',6,12,607),(3043,'ضخامت','48',4,6,607),(3044,'نوع HPL','آرتا ',16,50,607),(3045,'ضخامت','16',4,37,608),(3046,'کیفیت','درجه یک',8,38,608),(3047,'برند','Ecoone',13,41,608),(3048,'ضخامت','16',4,37,609),(3049,'کیفیت','درجه یک',8,38,609),(3050,'برند','Ecoone',13,41,609),(3051,'ضخامت','16',4,37,610),(3052,'کیفیت','درجه یک',8,38,610),(3053,'برند','Ecoone',13,41,610),(3054,'ضخامت','16',4,37,611),(3055,'کیفیت','درجه یک',8,38,611),(3056,'برند','Ecoone',13,41,611),(3057,'ضخامت','16',4,37,612),(3058,'کیفیت','درجه یک',8,38,612),(3059,'برند','Ecoone',13,41,612),(3060,'ضخامت','16',4,37,613),(3061,'کیفیت','درجه یک',8,38,613),(3062,'برند','Ecoone',13,41,613),(3063,'ضخامت','16',4,37,614),(3064,'کیفیت','درجه یک',8,38,614),(3065,'برند','Ecoone',13,41,614),(3066,'ضخامت','16',4,37,615),(3067,'کیفیت','درجه یک',8,38,615),(3068,'برند','Ecoone',13,41,615),(3069,'ضخامت','16',4,37,616),(3070,'کیفیت','درجه یک',8,38,616),(3071,'برند','Ecoone',13,41,616),(3072,'ضخامت','16',4,37,617),(3073,'کیفیت','درجه یک',8,38,617),(3074,'برند','Ecoone',13,41,617),(3075,'نوع','براق',14,43,618),(3076,'عرض','60',15,73,618),(3077,'لبه','یک لبه',5,10,618),(3078,'اچ پی ال','یک رو',6,12,618),(3079,'ضخامت','32',4,5,618),(3080,'نوع HPL','وایا',16,49,618),(3081,'نوع','براق',14,43,619),(3082,'عرض','60',15,73,619),(3083,'لبه','دو لبه',5,11,619),(3084,'اچ پی ال','یک رو',6,12,619),(3085,'ضخامت','32',4,5,619),(3086,'نوع HPL','وایا',16,49,619),(3087,'نوع','براق',14,43,620),(3088,'عرض','60',15,73,620),(3089,'لبه','یک لبه',5,10,620),(3090,'اچ پی ال','یک رو',6,12,620),(3091,'ضخامت','48',4,6,620),(3092,'نوع HPL','وایا',16,49,620),(3093,'نوع','براق',14,43,621),(3094,'عرض','60',15,73,621),(3095,'لبه','دو لبه',5,11,621),(3096,'اچ پی ال','یک رو',6,12,621),(3097,'ضخامت','48',4,6,621),(3098,'نوع HPL','وایا',16,49,621),(3099,'نوع','براق',14,43,622),(3100,'عرض','60',15,73,622),(3101,'لبه','یک لبه',5,10,622),(3102,'اچ پی ال','یک رو',6,12,622),(3103,'ضخامت','32',4,5,622),(3104,'نوع HPL','آرتا ',16,50,622),(3105,'نوع','براق',14,43,623),(3106,'عرض','60',15,73,623),(3107,'لبه','دو لبه',5,11,623),(3108,'اچ پی ال','یک رو',6,12,623),(3109,'ضخامت','32',4,5,623),(3110,'نوع HPL','آرتا ',16,50,623),(3111,'نوع','براق',14,43,624),(3112,'عرض','60',15,73,624),(3113,'لبه','یک لبه',5,10,624),(3114,'اچ پی ال','یک رو',6,12,624),(3115,'ضخامت','48',4,6,624),(3116,'نوع HPL','آرتا ',16,50,624),(3117,'نوع','براق',14,43,625),(3118,'عرض','60',15,73,625),(3119,'لبه','دو لبه',5,11,625),(3120,'اچ پی ال','یک رو',6,12,625),(3121,'ضخامت','48',4,6,625),(3122,'نوع HPL','آرتا ',16,50,625),(3123,'نوع','براق',14,43,626),(3124,'عرض','60',15,73,626),(3125,'لبه','یک لبه',5,10,626),(3126,'اچ پی ال','یک رو',6,12,626),(3127,'ضخامت','32',4,5,626),(3128,'نوع HPL','وایا',16,49,626),(3129,'نوع','براق',14,43,627),(3130,'عرض','60',15,73,627),(3131,'لبه','دو لبه',5,11,627),(3132,'اچ پی ال','یک رو',6,12,627),(3133,'ضخامت','32',4,5,627),(3134,'نوع HPL','وایا',16,49,627),(3135,'نوع','براق',14,43,628),(3136,'عرض','60',15,73,628),(3137,'لبه','یک لبه',5,10,628),(3138,'اچ پی ال','یک رو',6,12,628),(3139,'ضخامت','48',4,6,628),(3140,'نوع HPL','وایا',16,49,628),(3141,'نوع','براق',14,43,629),(3142,'عرض','60',15,73,629),(3143,'لبه','دو لبه',5,11,629),(3144,'اچ پی ال','یک رو',6,12,629),(3145,'ضخامت','48',4,6,629),(3146,'نوع HPL','وایا',16,49,629),(3147,'نوع','براق',14,43,630),(3148,'عرض','60',15,73,630),(3149,'لبه','دو لبه',5,11,630),(3150,'اچ پی ال','یک رو',6,12,630),(3151,'ضخامت','32',4,5,630),(3152,'نوع HPL','آرتا ',16,50,630),(3153,'نوع','براق',14,43,631),(3154,'عرض','60',15,73,631),(3155,'لبه','دو لبه',5,11,631),(3156,'اچ پی ال','یک رو',6,12,631),(3157,'ضخامت','32',4,5,631),(3158,'نوع HPL','آرتا ',16,50,631),(3159,'نوع','براق',14,43,632),(3160,'عرض','60',15,73,632),(3161,'لبه','دو لبه',5,11,632),(3162,'اچ پی ال','یک رو',6,12,632),(3163,'ضخامت','48',4,6,632),(3164,'نوع HPL','آرتا ',16,50,632),(3165,'نوع','براق',14,43,633),(3166,'عرض','60',15,73,633),(3167,'لبه','یک لبه',5,10,633),(3168,'اچ پی ال','یک رو',6,12,633),(3169,'ضخامت','48',4,6,633),(3170,'نوع HPL','آرتا ',16,50,633),(3171,'نوع','براق',14,43,634),(3172,'عرض','60',15,73,634),(3173,'لبه','دو لبه',5,11,634),(3174,'اچ پی ال','یک رو',6,12,634),(3175,'ضخامت','48',4,6,634),(3176,'نوع HPL','آرتا ',16,50,634),(3177,'نوع','براق',14,43,635),(3178,'عرض','60',15,73,635),(3179,'لبه','یک لبه',5,10,635),(3180,'اچ پی ال','یک رو',6,12,635),(3181,'ضخامت','48',4,6,635),(3182,'نوع HPL','آرتا ',16,50,635),(3183,'نوع','براق',14,43,636),(3184,'عرض','80',15,77,636),(3185,'لبه','دو لبه',5,11,636),(3186,'اچ پی ال','دو رو',6,13,636),(3187,'ضخامت','48',4,6,636),(3188,'نوع HPL','آرتا ',16,50,636),(3189,'ضخامت','16',4,37,637),(3190,'کیفیت','درجه یک',8,38,637),(3191,'برند','ANG',13,40,637),(3192,'ضخامت','16',4,37,638),(3193,'کیفیت','درجه یک',8,38,638),(3194,'برند','ANG',13,40,638),(3195,'ضخامت','16',4,37,639),(3196,'کیفیت','درجه یک',8,38,639),(3197,'برند','ANG',13,40,639),(3198,'ضخامت','16',4,37,640),(3199,'کیفیت','درجه یک',8,38,640),(3200,'برند','ANG',13,40,640),(3201,'ضخامت','16',4,37,641),(3202,'کیفیت','درجه یک',8,38,641),(3203,'برند','ANG',13,40,641),(3204,'ضخامت','16',4,37,642),(3205,'کیفیت','درجه یک',8,38,642),(3206,'برند','ANG',13,40,642),(3207,'ضخامت','16',4,37,643),(3208,'کیفیت','درجه یک',8,38,643),(3209,'برند','ANG',13,40,643),(3210,'نوع','براق',14,43,644),(3211,'عرض','90',15,79,644),(3212,'لبه','دو لبه',5,11,644),(3213,'اچ پی ال','دو رو',6,13,644),(3214,'ضخامت','48',4,6,644),(3215,'نوع HPL','آرتا ',16,50,644),(3216,'نوع','براق',14,43,645),(3217,'عرض','90',15,79,645),(3218,'لبه','دو لبه',5,11,645),(3219,'اچ پی ال','دو رو',6,13,645),(3220,'ضخامت','32',4,5,645),(3221,'نوع HPL','وایا',16,49,645),(3222,'نوع','براق',14,43,646),(3223,'عرض','100',15,81,646),(3224,'لبه','دو لبه',5,11,646),(3225,'اچ پی ال','دو رو',6,13,646),(3226,'ضخامت','32',4,5,646),(3227,'نوع HPL','آرتا ',16,50,646),(3228,'نوع','براق',14,43,647),(3229,'عرض','60',15,73,647),(3230,'لبه','یک لبه',5,10,647),(3231,'اچ پی ال','یک رو',6,12,647),(3232,'ضخامت','48',4,6,647),(3233,'نوع HPL','وایا',16,49,647),(3234,'نوع','براق',14,43,648),(3235,'عرض','60',15,73,648),(3236,'لبه','دو لبه',5,11,648),(3237,'اچ پی ال','یک رو',6,12,648),(3238,'ضخامت','48',4,6,648),(3239,'نوع HPL','وایا',16,49,648),(3240,'نوع','براق',14,43,649),(3241,'عرض','60',15,73,649),(3242,'لبه','یک لبه',5,10,649),(3243,'اچ پی ال','یک رو',6,12,649),(3244,'ضخامت','48',4,6,649),(3245,'نوع HPL','آرتا ',16,50,649),(3246,'نوع','براق',14,43,650),(3247,'عرض','60',15,73,650),(3248,'لبه','دو لبه',5,11,650),(3249,'اچ پی ال','یک رو',6,12,650),(3250,'ضخامت','48',4,6,650),(3251,'نوع HPL','آرتا ',16,50,650),(3252,'نوع','براق',14,43,651),(3253,'عرض','60',15,73,651),(3254,'لبه','دو لبه',5,11,651),(3255,'اچ پی ال','یک رو',6,12,651),(3256,'ضخامت','48',4,6,651),(3257,'نوع HPL','آرتا ',16,50,651),(3258,'نوع','براق',14,43,652),(3259,'عرض','60',15,73,652),(3260,'لبه','یک لبه',5,10,652),(3261,'اچ پی ال','یک رو',6,12,652),(3262,'ضخامت','48',4,6,652),(3263,'نوع HPL','آرتا ',16,50,652),(3264,'نوع','براق',14,43,653),(3265,'عرض','60',15,73,653),(3266,'لبه','یک لبه',5,10,653),(3267,'اچ پی ال','یک رو',6,12,653),(3268,'ضخامت','48',4,6,653),(3269,'نوع HPL','آرتا ',16,50,653),(3270,'نوع','براق',14,43,654),(3271,'عرض','60',15,73,654),(3272,'لبه','دو لبه',5,11,654),(3273,'اچ پی ال','یک رو',6,12,654),(3274,'ضخامت','48',4,6,654),(3275,'نوع HPL','آرتا ',16,50,654),(3276,'نوع','براق',14,43,655),(3277,'عرض','60',15,73,655),(3278,'لبه','یک لبه',5,10,655),(3279,'اچ پی ال','یک رو',6,12,655),(3280,'ضخامت','48',4,6,655),(3281,'نوع HPL','آرتا ',16,50,655),(3282,'نوع','براق',14,43,656),(3283,'عرض','60',15,73,656),(3284,'لبه','دو لبه',5,11,656),(3285,'اچ پی ال','یک رو',6,12,656),(3286,'ضخامت','32',4,5,656),(3287,'نوع HPL','وایا',16,49,656),(3288,'نوع','مات',14,44,657),(3289,'عرض','60',15,73,657),(3290,'لبه','دو لبه',5,11,657),(3291,'اچ پی ال','یک رو',6,12,657),(3292,'ضخامت','32',4,5,657),(3293,'نوع HPL','وایا',16,49,657),(3294,'نوع','براق',14,43,658),(3295,'عرض','60',15,73,658),(3296,'لبه','دو لبه',5,11,658),(3297,'اچ پی ال','یک رو',6,12,658),(3298,'ضخامت','48',4,6,658),(3299,'نوع HPL','وایا',16,49,658),(3300,'نوع','براق',14,43,659),(3301,'عرض','65',15,74,659),(3302,'لبه','دو لبه',5,11,659),(3303,'اچ پی ال','یک رو',6,12,659),(3304,'ضخامت','48',4,6,659),(3305,'نوع HPL','وایا',16,49,659),(3306,'نوع','براق',14,43,660),(3307,'عرض','65',15,74,660),(3308,'لبه','دو لبه',5,11,660),(3309,'اچ پی ال','یک رو',6,12,660),(3310,'ضخامت','48',4,6,660),(3311,'نوع HPL','وایا',16,49,660),(3312,'نوع','براق',14,43,661),(3313,'عرض','65',15,74,661),(3314,'لبه','دو لبه',5,11,661),(3315,'اچ پی ال','یک رو',6,12,661),(3316,'ضخامت','48',4,6,661),(3317,'نوع HPL','وایا',16,49,661),(3318,'ضخامت','16',4,37,662),(3319,'کیفیت','درجه یک',8,38,662),(3320,'برند','ANG',13,40,662),(3321,'ضخامت','16',4,37,663),(3322,'کیفیت','درجه یک',8,38,663),(3323,'برند','ANG',13,40,663),(3324,'ضخامت','16',4,37,664),(3325,'کیفیت','درجه یک',8,38,664),(3326,'برند','ANG',13,40,664),(3327,'ضخامت','16',4,37,665),(3328,'کیفیت','درجه یک',8,38,665),(3329,'برند','ANG',13,40,665),(3330,'ضخامت','16',4,37,666),(3331,'کیفیت','درجه یک',8,38,666),(3332,'برند','ANG',13,40,666),(3333,'ضخامت','16',4,37,667),(3334,'کیفیت','درجه یک',8,38,667),(3335,'برند','ANG',13,40,667),(3336,'ضخامت','16',4,37,668),(3337,'کیفیت','درجه یک',8,38,668),(3338,'برند','ANG',13,40,668),(3339,'ضخامت','16',4,37,669),(3340,'کیفیت','درجه یک',8,38,669),(3341,'برند','ANG',13,40,669),(3342,'ضخامت','16',4,37,670),(3343,'کیفیت','درجه یک',8,38,670),(3344,'برند','ANG',13,40,670),(3345,'ضخامت','16',4,37,671),(3346,'کیفیت','درجه یک',8,38,671),(3347,'برند','ANG',13,40,671),(3348,'ضخامت','16',4,37,672),(3349,'کیفیت','درجه یک',8,38,672),(3350,'برند','ANG',13,40,672),(3351,'ضخامت','16',4,37,673),(3352,'کیفیت','درجه یک',8,38,673),(3353,'برند','ANG',13,40,673),(3354,'ضخامت','16',4,37,674),(3355,'کیفیت','درجه یک',8,38,674),(3356,'برند','ANG',13,40,674),(3357,'نوع','براق',14,43,675),(3358,'عرض','70',15,75,675),(3359,'لبه','دو لبه',5,11,675),(3360,'اچ پی ال','دو رو',6,13,675),(3361,'ضخامت','48',4,6,675),(3362,'نوع HPL','آرتا ',16,50,675),(3363,'نوع','براق',14,43,676),(3364,'عرض','60',15,73,676),(3365,'لبه','دو لبه',5,11,676),(3366,'اچ پی ال','یک رو',6,12,676),(3367,'ضخامت','48',4,6,676),(3368,'نوع HPL','وایا',16,49,676),(3369,'نوع','براق',14,43,677),(3370,'عرض','60',15,73,677),(3371,'لبه','یک لبه',5,10,677),(3372,'اچ پی ال','یک رو',6,12,677),(3373,'ضخامت','48',4,6,677),(3374,'نوع HPL','وایا',16,49,677),(3375,'نوع','براق',14,43,678),(3376,'عرض','60',15,73,678),(3377,'لبه','دو لبه',5,11,678),(3378,'اچ پی ال','یک رو',6,12,678),(3379,'ضخامت','48',4,6,678),(3380,'نوع HPL','وایا',16,49,678),(3381,'نوع','براق',14,43,679),(3382,'عرض','60',15,73,679),(3383,'لبه','یک لبه',5,10,679),(3384,'اچ پی ال','یک رو',6,12,679),(3385,'ضخامت','48',4,6,679),(3386,'نوع HPL','وایا',16,49,679),(3387,'نوع','براق',14,43,680),(3388,'عرض','60',15,73,680),(3389,'لبه','دو لبه',5,11,680),(3390,'اچ پی ال','یک رو',6,12,680),(3391,'ضخامت','48',4,6,680),(3392,'نوع HPL','آرتا ',16,50,680),(3393,'نوع','براق',14,43,681),(3394,'عرض','60',15,73,681),(3395,'لبه','یک لبه',5,10,681),(3396,'اچ پی ال','یک رو',6,12,681),(3397,'ضخامت','48',4,6,681),(3398,'نوع HPL','آرتا ',16,50,681),(3399,'نوع','براق',14,43,682),(3400,'عرض','60',15,73,682),(3401,'لبه','دو لبه',5,11,682),(3402,'اچ پی ال','یک رو',6,12,682),(3403,'ضخامت','48',4,6,682),(3404,'نوع HPL','آرتا ',16,50,682),(3405,'نوع','براق',14,43,683),(3406,'عرض','60',15,73,683),(3407,'لبه','دو لبه',5,11,683),(3408,'اچ پی ال','یک رو',6,12,683),(3409,'ضخامت','48',4,6,683),(3410,'نوع HPL','آرتا ',16,50,683),(3411,'نوع','براق',14,43,684),(3412,'عرض','60',15,73,684),(3413,'لبه','یک لبه',5,10,684),(3414,'اچ پی ال','یک رو',6,12,684),(3415,'ضخامت','48',4,6,684),(3416,'نوع HPL','آرتا ',16,50,684),(3417,'نوع','مات',14,44,685),(3418,'عرض','60',15,73,685),(3419,'لبه','دو لبه',5,11,685),(3420,'اچ پی ال','یک رو',6,12,685),(3421,'ضخامت','48',4,6,685),(3422,'نوع HPL','آرتا ',16,50,685),(3423,'نوع','مات',14,44,686),(3424,'عرض','60',15,73,686),(3425,'لبه','یک لبه',5,10,686),(3426,'اچ پی ال','یک رو',6,12,686),(3427,'ضخامت','48',4,6,686),(3428,'نوع HPL','آرتا ',16,50,686),(3429,'نوع','مات',14,44,687),(3430,'عرض','60',15,73,687),(3431,'لبه','دو لبه',5,11,687),(3432,'اچ پی ال','یک رو',6,12,687),(3433,'ضخامت','48',4,6,687),(3434,'نوع HPL','آرتا ',16,50,687),(3435,'نوع','مات',14,44,688),(3436,'عرض','60',15,73,688),(3437,'لبه','یک لبه',5,10,688),(3438,'اچ پی ال','یک رو',6,12,688),(3439,'ضخامت','48',4,6,688),(3440,'نوع HPL','آرتا ',16,50,688),(3441,'نوع','براق',14,43,689),(3442,'عرض','60',15,73,689),(3443,'لبه','دو لبه',5,11,689),(3444,'اچ پی ال','یک رو',6,12,689),(3445,'ضخامت','48',4,6,689),(3446,'نوع HPL','آرتا ',16,50,689),(3447,'نوع','براق',14,43,690),(3448,'عرض','60',15,73,690),(3449,'لبه','یک لبه',5,10,690),(3450,'اچ پی ال','یک رو',6,12,690),(3451,'ضخامت','48',4,6,690),(3452,'نوع HPL','آرتا ',16,50,690),(3453,'نوع','براق',14,43,691),(3454,'عرض','60',15,73,691),(3455,'لبه','دو لبه',5,11,691),(3456,'اچ پی ال','یک رو',6,12,691),(3457,'ضخامت','48',4,6,691),(3458,'نوع HPL','آرتا ',16,50,691),(3459,'نوع','براق',14,43,692),(3460,'عرض','60',15,73,692),(3461,'لبه','یک لبه',5,10,692),(3462,'اچ پی ال','یک رو',6,12,692),(3463,'ضخامت','48',4,6,692),(3464,'نوع HPL','آرتا ',16,50,692),(3465,'نوع','مات',14,44,693),(3466,'عرض','60',15,73,693),(3467,'لبه','دو لبه',5,11,693),(3468,'اچ پی ال','یک رو',6,12,693),(3469,'ضخامت','48',4,6,693),(3470,'نوع HPL','آرتا ',16,50,693),(3471,'نوع','مات',14,44,694),(3472,'عرض','60',15,73,694),(3473,'لبه','یک لبه',5,10,694),(3474,'اچ پی ال','یک رو',6,12,694),(3475,'ضخامت','48',4,6,694),(3476,'نوع HPL','آرتا ',16,50,694),(3477,'نوع','براق',14,43,695),(3478,'عرض','60',15,73,695),(3479,'لبه','دو لبه',5,11,695),(3480,'اچ پی ال','یک رو',6,12,695),(3481,'ضخامت','48',4,6,695),(3482,'نوع HPL','آرتا ',16,50,695),(3483,'نوع','براق',14,43,696),(3484,'عرض','60',15,73,696),(3485,'لبه','دو لبه',5,11,696),(3486,'اچ پی ال','یک رو',6,12,696),(3487,'ضخامت','48',4,6,696),(3488,'نوع HPL','آرتا ',16,50,696),(3489,'نوع','براق',14,43,697),(3490,'عرض','60',15,73,697),(3491,'لبه','یک لبه',5,10,697),(3492,'اچ پی ال','یک رو',6,12,697),(3493,'ضخامت','48',4,6,697),(3494,'نوع HPL','آرتا ',16,50,697),(3495,'ضخامت','16',4,37,698),(3496,'کیفیت','درجه یک',8,38,698),(3497,'برند','ANG',13,40,698),(3498,'ضخامت','16',4,37,699),(3499,'کیفیت','درجه یک',8,38,699),(3500,'برند','ANG',13,40,699),(3501,'ضخامت','16',4,37,700),(3502,'کیفیت','درجه یک',8,38,700),(3503,'برند','ANG',13,40,700),(3504,'نوع','براق',14,43,701),(3505,'عرض','65',15,74,701),(3506,'لبه','دو لبه',5,11,701),(3507,'اچ پی ال','یک رو',6,12,701),(3508,'ضخامت','48',4,6,701),(3509,'نوع HPL','وایا',16,49,701),(3510,'نوع','براق',14,43,702),(3511,'عرض','70',15,75,702),(3512,'لبه','دو لبه',5,11,702),(3513,'اچ پی ال','دو رو',6,13,702),(3514,'ضخامت','48',4,6,702),(3515,'نوع HPL','وایا',16,49,702),(3516,'نوع','براق',14,43,703),(3517,'عرض','90',15,79,703),(3518,'لبه','دو لبه',5,11,703),(3519,'اچ پی ال','دو رو',6,13,703),(3520,'ضخامت','48',4,6,703),(3521,'نوع HPL','وایا',16,49,703),(3522,'نوع','براق',14,43,704),(3523,'عرض','100',15,81,704),(3524,'لبه','دو لبه',5,11,704),(3525,'اچ پی ال','دو رو',6,13,704),(3526,'ضخامت','48',4,6,704),(3527,'نوع HPL','وایا',16,49,704),(3528,'نوع','براق',14,43,705),(3529,'عرض','65',15,74,705),(3530,'لبه','دو لبه',5,11,705),(3531,'اچ پی ال','یک رو',6,12,705),(3532,'ضخامت','48',4,6,705),(3533,'نوع HPL','آرتا ',16,50,705),(3534,'نوع','براق',14,43,706),(3535,'عرض','100',15,81,706),(3536,'لبه','دو لبه',5,11,706),(3537,'اچ پی ال','دو رو',6,13,706),(3538,'ضخامت','48',4,6,706),(3539,'نوع HPL','آرتا ',16,50,706),(3540,'نوع','براق',14,43,707),(3541,'عرض','65',15,74,707),(3542,'لبه','دو لبه',5,11,707),(3543,'اچ پی ال','یک رو',6,12,707),(3544,'ضخامت','48',4,6,707),(3545,'نوع HPL','وایا',16,49,707),(3546,'نوع','براق',14,43,708),(3547,'عرض','80',15,77,708),(3548,'لبه','دو لبه',5,11,708),(3549,'اچ پی ال','دو رو',6,13,708),(3550,'ضخامت','48',4,6,708),(3551,'نوع HPL','وایا',16,49,708),(3552,'نوع','براق',14,43,709),(3553,'عرض','90',15,79,709),(3554,'لبه','دو لبه',5,11,709),(3555,'اچ پی ال','دو رو',6,13,709),(3556,'ضخامت','48',4,6,709),(3557,'نوع HPL','وایا',16,49,709),(3558,'نوع','براق',14,43,710),(3559,'عرض','65',15,74,710),(3560,'لبه','دو لبه',5,11,710),(3561,'اچ پی ال','یک رو',6,12,710),(3562,'ضخامت','48',4,6,710),(3563,'نوع HPL','آرتا ',16,50,710),(3564,'نوع','براق',14,43,711),(3565,'عرض','70',15,75,711),(3566,'لبه','دو لبه',5,11,711),(3567,'اچ پی ال','دو رو',6,13,711),(3568,'ضخامت','48',4,6,711),(3569,'نوع HPL','آرتا ',16,50,711),(3570,'نوع','براق',14,43,712),(3571,'عرض','80',15,77,712),(3572,'لبه','دو لبه',5,11,712),(3573,'اچ پی ال','دو رو',6,13,712),(3574,'ضخامت','48',4,6,712),(3575,'نوع HPL','آرتا ',16,50,712),(3576,'نوع','براق',14,43,713),(3577,'عرض','90',15,79,713),(3578,'لبه','دو لبه',5,11,713),(3579,'اچ پی ال','دو رو',6,13,713),(3580,'ضخامت','48',4,6,713),(3581,'نوع HPL','آرتا ',16,50,713),(3582,'نوع','براق',14,43,714),(3583,'عرض','100',15,81,714),(3584,'لبه','دو لبه',5,11,714),(3585,'اچ پی ال','دو رو',6,13,714),(3586,'ضخامت','48',4,6,714),(3587,'نوع HPL','آرتا ',16,50,714),(3588,'نوع','براق',14,43,715),(3589,'عرض','65',15,74,715),(3590,'لبه','دو لبه',5,11,715),(3591,'اچ پی ال','یک رو',6,12,715),(3592,'ضخامت','48',4,6,715),(3593,'نوع HPL','آرتا ',16,50,715),(3594,'نوع','براق',14,43,716),(3595,'عرض','70',15,75,716),(3596,'لبه','دو لبه',5,11,716),(3597,'اچ پی ال','دو رو',6,13,716),(3598,'ضخامت','48',4,6,716),(3599,'نوع HPL','آرتا ',16,50,716),(3600,'نوع','براق',14,43,717),(3601,'عرض','80',15,77,717),(3602,'لبه','دو لبه',5,11,717),(3603,'اچ پی ال','دو رو',6,13,717),(3604,'ضخامت','48',4,6,717),(3605,'نوع HPL','آرتا ',16,50,717),(3606,'نوع','براق',14,43,718),(3607,'عرض','90',15,79,718),(3608,'لبه','دو لبه',5,11,718),(3609,'اچ پی ال','دو رو',6,13,718),(3610,'ضخامت','48',4,6,718),(3611,'نوع HPL','آرتا ',16,50,718),(3612,'نوع','براق',14,43,719),(3613,'عرض','65',15,74,719),(3614,'لبه','دو لبه',5,11,719),(3615,'اچ پی ال','یک رو',6,12,719),(3616,'ضخامت','48',4,6,719),(3617,'نوع HPL','آرتا ',16,50,719),(3618,'نوع','براق',14,43,720),(3619,'عرض','70',15,75,720),(3620,'لبه','دو لبه',5,11,720),(3621,'اچ پی ال','دو رو',6,13,720),(3622,'ضخامت','48',4,6,720),(3623,'نوع HPL','آرتا ',16,50,720),(3624,'نوع','براق',14,43,721),(3625,'عرض','80',15,77,721),(3626,'لبه','دو لبه',5,11,721),(3627,'اچ پی ال','دو رو',6,13,721),(3628,'ضخامت','48',4,6,721),(3629,'نوع HPL','آرتا ',16,50,721),(3630,'نوع','براق',14,43,722),(3631,'عرض','90',15,79,722),(3632,'لبه','دو لبه',5,11,722),(3633,'اچ پی ال','دو رو',6,13,722),(3634,'ضخامت','48',4,6,722),(3635,'نوع HPL','آرتا ',16,50,722),(3636,'نوع','براق',14,43,723),(3637,'عرض','65',15,74,723),(3638,'لبه','دو لبه',5,11,723),(3639,'اچ پی ال','یک رو',6,12,723),(3640,'ضخامت','48',4,6,723),(3641,'نوع HPL','آرتا ',16,50,723),(3642,'نوع','براق',14,43,724),(3643,'عرض','70',15,75,724),(3644,'لبه','دو لبه',5,11,724),(3645,'اچ پی ال','دو رو',6,13,724),(3646,'ضخامت','48',4,6,724),(3647,'نوع HPL','آرتا ',16,50,724),(3648,'نوع','براق',14,43,725),(3649,'عرض','80',15,77,725),(3650,'لبه','دو لبه',5,11,725),(3651,'اچ پی ال','دو رو',6,13,725),(3652,'ضخامت','48',4,6,725),(3653,'نوع HPL','آرتا ',16,50,725),(3654,'نوع','براق',14,43,726),(3655,'عرض','90',15,79,726),(3656,'لبه','دو لبه',5,11,726),(3657,'اچ پی ال','دو رو',6,13,726),(3658,'ضخامت','48',4,6,726),(3659,'نوع HPL','آرتا ',16,50,726),(3660,'نوع','براق',14,43,727),(3661,'عرض','90',15,79,727),(3662,'لبه','دو لبه',5,11,727),(3663,'اچ پی ال','دو رو',6,13,727),(3664,'ضخامت','48',4,6,727),(3665,'نوع HPL','آرتا ',16,50,727),(3666,'نوع','مات',14,44,728),(3667,'عرض','65',15,74,728),(3668,'لبه','دو لبه',5,11,728),(3669,'اچ پی ال','یک رو',6,12,728),(3670,'ضخامت','48',4,6,728),(3671,'نوع HPL','آرتا ',16,50,728),(3672,'نوع','مات',14,44,729),(3673,'عرض','90',15,79,729),(3674,'لبه','دو لبه',5,11,729),(3675,'اچ پی ال','دو رو',6,13,729),(3676,'ضخامت','48',4,6,729),(3677,'نوع HPL','آرتا ',16,50,729),(3678,'ضخامت','16',4,37,730),(3679,'کیفیت','درجه یک',8,38,730),(3680,'برند','ANG',13,40,730),(3681,'ضخامت','16',4,37,731),(3682,'کیفیت','درجه یک',8,38,731),(3683,'برند','ANG',13,40,731),(3684,'ضخامت','16',4,37,732),(3685,'کیفیت','درجه یک',8,38,732),(3686,'برند','ANG',13,40,732),(3687,'ضخامت','16',4,37,733),(3688,'کیفیت','درجه یک',8,38,733),(3689,'برند','ANG',13,40,733),(3690,'ضخامت','16',4,37,734),(3691,'کیفیت','درجه یک',8,38,734),(3692,'برند','ANG',13,40,734),(3693,'ضخامت','16',4,37,735),(3694,'کیفیت','درجه یک',8,38,735),(3695,'برند','ANG',13,40,735),(3696,'ضخامت','16',4,37,736),(3697,'کیفیت','درجه یک',8,38,736),(3698,'برند','ANG',13,40,736),(3699,'ضخامت','16',4,37,737),(3700,'کیفیت','درجه یک',8,38,737),(3701,'برند','ANG',13,40,737),(3702,'ضخامت','16',4,37,738),(3703,'کیفیت','درجه یک',8,38,738),(3704,'برند','ANG',13,40,738),(3705,'ضخامت','16',4,37,739),(3706,'کیفیت','درجه یک',8,38,739),(3707,'برند','ANG',13,40,739),(3708,'ضخامت','16',4,37,740),(3709,'کیفیت','درجه یک',8,38,740),(3710,'برند','ANG',13,40,740),(3711,'نوع','مات',14,44,741),(3712,'عرض','60',15,73,741),(3713,'لبه','دو لبه',5,11,741),(3714,'اچ پی ال','یک رو',6,12,741),(3715,'ضخامت','32',4,5,741),(3716,'نوع HPL','وایا',16,49,741),(3717,'نوع','براق',14,43,742),(3718,'عرض','60',15,73,742),(3719,'لبه','دو لبه',5,11,742),(3720,'اچ پی ال','یک رو',6,12,742),(3721,'ضخامت','32',4,5,742),(3722,'نوع HPL','آرتا ',16,50,742),(3723,'نوع','براق',14,43,743),(3724,'عرض','60',15,73,743),(3725,'لبه','دو لبه',5,11,743),(3726,'اچ پی ال','یک رو',6,12,743),(3727,'ضخامت','32',4,5,743),(3728,'نوع HPL','وایا',16,49,743),(3729,'نوع','مات',14,44,744),(3730,'عرض','60',15,73,744),(3731,'لبه','دو لبه',5,11,744),(3732,'اچ پی ال','یک رو',6,12,744),(3733,'ضخامت','48',4,6,744),(3734,'نوع HPL','وایا',16,49,744),(3735,'نوع','مات',14,44,745),(3736,'عرض','60',15,73,745),(3737,'لبه','دو لبه',5,11,745),(3738,'اچ پی ال','یک رو',6,12,745),(3739,'ضخامت','48',4,6,745),(3740,'نوع HPL','وایا',16,49,745),(3741,'نوع','براق',14,43,746),(3742,'عرض','60',15,73,746),(3743,'لبه','دو لبه',5,11,746),(3744,'اچ پی ال','یک رو',6,12,746),(3745,'ضخامت','48',4,6,746),(3746,'نوع HPL','آرتا ',16,50,746),(3747,'نوع','براق',14,43,747),(3748,'عرض','60',15,73,747),(3749,'لبه','یک لبه',5,10,747),(3750,'اچ پی ال','یک رو',6,12,747),(3751,'ضخامت','48',4,6,747),(3752,'نوع HPL','آرتا ',16,50,747),(3753,'نوع','براق',14,43,748),(3754,'عرض','60',15,73,748),(3755,'لبه','دو لبه',5,11,748),(3756,'اچ پی ال','یک رو',6,12,748),(3757,'ضخامت','48',4,6,748),(3758,'نوع HPL','وایا',16,49,748),(3759,'نوع','براق',14,43,749),(3760,'عرض','60',15,73,749),(3761,'لبه','یک لبه',5,10,749),(3762,'اچ پی ال','یک رو',6,12,749),(3763,'ضخامت','48',4,6,749),(3764,'نوع HPL','وایا',16,49,749),(3765,'نوع','براق',14,43,750),(3766,'عرض','60',15,73,750),(3767,'لبه','دو لبه',5,11,750),(3768,'اچ پی ال','یک رو',6,12,750),(3769,'ضخامت','48',4,6,750),(3770,'نوع HPL','وایا',16,49,750),(3771,'نوع','مات',14,44,751),(3772,'عرض','70',15,75,751),(3773,'لبه','دو لبه',5,11,751),(3774,'اچ پی ال','دو رو',6,13,751),(3775,'ضخامت','48',4,6,751),(3776,'نوع HPL','وایا',16,49,751),(3777,'نوع','براق',14,43,752),(3778,'عرض','60',15,73,752),(3779,'لبه','دو لبه',5,11,752),(3780,'اچ پی ال','یک رو',6,12,752),(3781,'ضخامت','32',4,5,752),(3782,'نوع HPL','وایا',16,49,752),(3783,'نوع','مات',14,44,753),(3784,'عرض','60',15,73,753),(3785,'لبه','دو لبه',5,11,753),(3786,'اچ پی ال','یک رو',6,12,753),(3787,'ضخامت','32',4,5,753),(3788,'نوع HPL','آرتا ',16,50,753),(3789,'نوع','براق',14,43,754),(3790,'عرض','60',15,73,754),(3791,'لبه','دو لبه',5,11,754),(3792,'اچ پی ال','یک رو',6,12,754),(3793,'ضخامت','48',4,6,754),(3794,'نوع HPL','وایا',16,49,754),(3795,'نوع','مات',14,44,755),(3796,'عرض','60',15,73,755),(3797,'لبه','دو لبه',5,11,755),(3798,'اچ پی ال','یک رو',6,12,755),(3799,'ضخامت','48',4,6,755),(3800,'نوع HPL','وایا',16,49,755),(3801,'نوع','مات',14,44,756),(3802,'عرض','60',15,73,756),(3803,'لبه','دو لبه',5,11,756),(3804,'اچ پی ال','یک رو',6,12,756),(3805,'ضخامت','48',4,6,756),(3806,'نوع HPL','آرتا ',16,50,756),(3807,'نوع','براق',14,43,757),(3808,'عرض','60',15,73,757),(3809,'لبه','دو لبه',5,11,757),(3810,'اچ پی ال','یک رو',6,12,757),(3811,'ضخامت','48',4,6,757),(3812,'نوع HPL','آرتا ',16,50,757),(3813,'نوع','براق',14,43,758),(3814,'عرض','60',15,73,758),(3815,'لبه','یک لبه',5,10,758),(3816,'اچ پی ال','یک رو',6,12,758),(3817,'ضخامت','48',4,6,758),(3818,'نوع HPL','آرتا ',16,50,758),(3819,'نوع','مات',14,44,759),(3820,'عرض','60',15,73,759),(3821,'لبه','دو لبه',5,11,759),(3822,'اچ پی ال','یک رو',6,12,759),(3823,'ضخامت','48',4,6,759),(3824,'نوع HPL','آرتا ',16,50,759),(3825,'نوع','مات',14,44,760),(3826,'عرض','60',15,73,760),(3827,'لبه','یک لبه',5,10,760),(3828,'اچ پی ال','یک رو',6,12,760),(3829,'ضخامت','48',4,6,760),(3830,'نوع HPL','آرتا ',16,50,760),(3831,'نوع','براق',14,43,761),(3832,'عرض','60',15,73,761),(3833,'لبه','دو لبه',5,11,761),(3834,'اچ پی ال','یک رو',6,12,761),(3835,'ضخامت','48',4,6,761),(3836,'نوع HPL','آرتا ',16,50,761),(3837,'نوع','براق',14,43,762),(3838,'عرض','60',15,73,762),(3839,'لبه','یک لبه',5,10,762),(3840,'اچ پی ال','یک رو',6,12,762),(3841,'ضخامت','48',4,6,762),(3842,'نوع HPL','آرتا ',16,50,762),(3843,'نوع','براق',14,43,763),(3844,'عرض','60',15,73,763),(3845,'لبه','دو لبه',5,11,763),(3846,'اچ پی ال','یک رو',6,12,763),(3847,'ضخامت','48',4,6,763),(3848,'نوع HPL','آرتا ',16,50,763),(3849,'نوع','براق',14,43,764),(3850,'عرض','60',15,73,764),(3851,'لبه','یک لبه',5,10,764),(3852,'اچ پی ال','یک رو',6,12,764),(3853,'ضخامت','48',4,6,764),(3854,'نوع HPL','آرتا ',16,50,764),(3855,'نوع','براق',14,43,765),(3856,'عرض','60',15,73,765),(3857,'لبه','دو لبه',5,11,765),(3858,'اچ پی ال','یک رو',6,12,765),(3859,'ضخامت','48',4,6,765),(3860,'نوع HPL','آرتا ',16,50,765),(3861,'نوع','براق',14,43,766),(3862,'عرض','60',15,73,766),(3863,'لبه','یک لبه',5,10,766),(3864,'اچ پی ال','یک رو',6,12,766),(3865,'ضخامت','48',4,6,766),(3866,'نوع HPL','آرتا ',16,50,766),(3867,'نوع','براق',14,43,767),(3868,'عرض','60',15,73,767),(3869,'لبه','دو لبه',5,11,767),(3870,'اچ پی ال','یک رو',6,12,767),(3871,'ضخامت','48',4,6,767),(3872,'نوع HPL','وایا',16,49,767),(3873,'نوع','براق',14,43,768),(3874,'عرض','60',15,73,768),(3875,'لبه','یک لبه',5,10,768),(3876,'اچ پی ال','یک رو',6,12,768),(3877,'ضخامت','48',4,6,768),(3878,'نوع HPL','وایا',16,49,768),(3879,'نوع','مات',14,44,769),(3880,'عرض','60',15,73,769),(3881,'لبه','دو لبه',5,11,769),(3882,'اچ پی ال','یک رو',6,12,769),(3883,'ضخامت','48',4,6,769),(3884,'نوع HPL','آرتا ',16,50,769),(3885,'نوع','مات',14,44,770),(3886,'عرض','60',15,73,770),(3887,'لبه','یک لبه',5,10,770),(3888,'اچ پی ال','یک رو',6,12,770),(3889,'ضخامت','48',4,6,770),(3890,'نوع HPL','آرتا ',16,50,770),(3891,'نوع','مات',14,44,771),(3892,'عرض','60',15,73,771),(3893,'لبه','دو لبه',5,11,771),(3894,'اچ پی ال','یک رو',6,12,771),(3895,'ضخامت','48',4,6,771),(3896,'نوع HPL','آرتا ',16,50,771),(3897,'نوع','مات',14,44,772),(3898,'عرض','60',15,73,772),(3899,'لبه','یک لبه',5,10,772),(3900,'اچ پی ال','یک رو',6,12,772),(3901,'ضخامت','48',4,6,772),(3902,'نوع HPL','آرتا ',16,50,772),(3903,'نوع','براق',14,43,773),(3904,'عرض','60',15,73,773),(3905,'لبه','دو لبه',5,11,773),(3906,'اچ پی ال','یک رو',6,12,773),(3907,'ضخامت','48',4,6,773),(3908,'نوع HPL','آرتا ',16,50,773),(3909,'نوع','براق',14,43,774),(3910,'عرض','60',15,73,774),(3911,'لبه','یک لبه',5,10,774),(3912,'اچ پی ال','یک رو',6,12,774),(3913,'ضخامت','48',4,6,774),(3914,'نوع HPL','آرتا ',16,50,774),(3915,'نوع','براق',14,43,775),(3916,'عرض','60',15,73,775),(3917,'لبه','دو لبه',5,11,775),(3918,'اچ پی ال','یک رو',6,12,775),(3919,'ضخامت','48',4,6,775),(3920,'نوع HPL','آرتا ',16,50,775),(3921,'نوع','مات',14,44,776),(3922,'عرض','60',15,73,776),(3923,'لبه','دو لبه',5,11,776),(3924,'اچ پی ال','یک رو',6,12,776),(3925,'ضخامت','48',4,6,776),(3926,'نوع HPL','آرتا ',16,50,776),(3927,'نوع','براق',14,43,777),(3928,'عرض','60',15,73,777),(3929,'لبه','دو لبه',5,11,777),(3930,'اچ پی ال','یک رو',6,12,777),(3931,'ضخامت','48',4,6,777),(3932,'نوع HPL','آرتا ',16,50,777),(3933,'نوع','براق',14,43,778),(3934,'عرض','60',15,73,778),(3935,'لبه','دو لبه',5,11,778),(3936,'اچ پی ال','یک رو',6,12,778),(3937,'ضخامت','48',4,6,778),(3938,'نوع HPL','وایا',16,49,778),(3939,'ضخامت','16',4,37,779),(3940,'کیفیت','درجه یک',8,38,779),(3941,'برند','ANG',13,40,779),(3942,'ضخامت','16',4,37,780),(3943,'کیفیت','درجه یک',8,38,780),(3944,'برند','ANG',13,40,780),(3945,'ضخامت','16',4,37,781),(3946,'کیفیت','درجه یک',8,38,781),(3947,'برند','ANG',13,40,781),(3948,'ضخامت','16',4,37,782),(3949,'کیفیت','درجه یک',8,38,782),(3950,'برند','ANG',13,40,782),(3951,'ضخامت','16',4,37,783),(3952,'کیفیت','درجه یک',8,38,783),(3953,'برند','ANG',13,40,783),(3954,'ضخامت','16',4,37,784),(3955,'کیفیت','درجه یک',8,38,784),(3956,'برند','ANG',13,40,784),(3957,'ضخامت','16',4,37,785),(3958,'کیفیت','درجه یک',8,38,785),(3959,'برند','ANG',13,40,785),(3960,'ضخامت','16',4,37,786),(3961,'کیفیت','درجه یک',8,38,786),(3962,'برند','ANG',13,40,786),(3963,'ضخامت','16',4,37,787),(3964,'کیفیت','درجه یک',8,38,787),(3965,'برند','ANG',13,40,787),(3966,'ضخامت','16',4,37,788),(3967,'کیفیت','درجه یک',8,38,788),(3968,'برند','ANG',13,40,788),(3969,'ضخامت','16',4,37,789),(3970,'کیفیت','درجه یک',8,38,789),(3971,'برند','ANG',13,40,789),(3972,'ضخامت','16',4,37,790),(3973,'کیفیت','درجه یک',8,38,790),(3974,'برند','ANG',13,40,790),(3975,'ضخامت','16',4,37,791),(3976,'کیفیت','درجه یک',8,38,791),(3977,'برند','Ecoone',13,41,791),(3978,'ضخامت','16',4,37,792),(3979,'کیفیت','درجه یک',8,38,792),(3980,'برند','Ecoone',13,41,792),(3981,'ضخامت','16',4,37,793),(3982,'کیفیت','درجه یک',8,38,793),(3983,'برند','Ecoone',13,41,793),(3984,'ضخامت','16',4,37,794),(3985,'کیفیت','درجه یک',8,38,794),(3986,'برند','Ecoone',13,41,794),(3987,'نوع','براق',14,43,795),(3988,'عرض','60',15,73,795),(3989,'لبه','دو لبه',5,11,795),(3990,'اچ پی ال','یک رو',6,12,795),(3991,'ضخامت','48',4,6,795),(3992,'نوع HPL','آرتا ',16,50,795),(3993,'نوع','براق',14,43,796),(3994,'عرض','60',15,73,796),(3995,'لبه','دو لبه',5,11,796),(3996,'اچ پی ال','یک رو',6,12,796),(3997,'ضخامت','48',4,6,796),(3998,'نوع HPL','آرتا ',16,50,796),(3999,'نوع','براق',14,43,797),(4000,'عرض','60',15,73,797),(4001,'لبه','یک لبه',5,10,797),(4002,'اچ پی ال','یک رو',6,12,797),(4003,'ضخامت','48',4,6,797),(4004,'نوع HPL','آرتا ',16,50,797),(4005,'نوع','براق',14,43,798),(4006,'عرض','60',15,73,798),(4007,'لبه','دو لبه',5,11,798),(4008,'اچ پی ال','یک رو',6,12,798),(4009,'ضخامت','48',4,6,798),(4010,'نوع HPL','وایا',16,49,798),(4011,'نوع','براق',14,43,799),(4012,'عرض','60',15,73,799),(4013,'لبه','یک لبه',5,10,799),(4014,'اچ پی ال','یک رو',6,12,799),(4015,'ضخامت','48',4,6,799),(4016,'نوع HPL','وایا',16,49,799),(4017,'نوع','براق',14,43,800),(4018,'عرض','60',15,73,800),(4019,'لبه','دو لبه',5,11,800),(4020,'اچ پی ال','یک رو',6,12,800),(4021,'ضخامت','48',4,6,800),(4022,'نوع HPL','آرتا ',16,50,800),(4023,'نوع','براق',14,43,801),(4024,'عرض','60',15,73,801),(4025,'لبه','یک لبه',5,10,801),(4026,'اچ پی ال','یک رو',6,12,801),(4027,'ضخامت','48',4,6,801),(4028,'نوع HPL','آرتا ',16,50,801),(4029,'نوع','مات',14,44,802),(4030,'عرض','60',15,73,802),(4031,'لبه','دو لبه',5,11,802),(4032,'اچ پی ال','یک رو',6,12,802),(4033,'ضخامت','48',4,6,802),(4034,'نوع HPL','آرتا ',16,50,802),(4035,'نوع','مات',14,44,803),(4036,'عرض','60',15,73,803),(4037,'لبه','دو لبه',5,11,803),(4038,'اچ پی ال','یک رو',6,12,803),(4039,'ضخامت','32',4,5,803),(4040,'نوع HPL','آرتا ',16,50,803),(4041,'نوع','براق',14,43,804),(4042,'عرض','60',15,73,804),(4043,'لبه','دو لبه',5,11,804),(4044,'اچ پی ال','یک رو',6,12,804),(4045,'ضخامت','48',4,6,804),(4046,'نوع HPL','آرتا ',16,50,804),(4047,'نوع','براق',14,43,805),(4048,'عرض','60',15,73,805),(4049,'لبه','یک لبه',5,10,805),(4050,'اچ پی ال','یک رو',6,12,805),(4051,'ضخامت','48',4,6,805),(4052,'نوع HPL','آرتا ',16,50,805),(4053,'نوع','براق',14,43,806),(4054,'عرض','60',15,73,806),(4055,'لبه','دو لبه',5,11,806),(4056,'اچ پی ال','یک رو',6,12,806),(4057,'ضخامت','48',4,6,806),(4058,'نوع HPL','آرتا ',16,50,806),(4059,'نوع','براق',14,43,807),(4060,'عرض','60',15,73,807),(4061,'لبه','یک لبه',5,10,807),(4062,'اچ پی ال','یک رو',6,12,807),(4063,'ضخامت','48',4,6,807),(4064,'نوع HPL','آرتا ',16,50,807),(4065,'نوع','مات',14,44,808),(4066,'عرض','60',15,73,808),(4067,'لبه','دو لبه',5,11,808),(4068,'اچ پی ال','یک رو',6,12,808),(4069,'ضخامت','48',4,6,808),(4070,'نوع HPL','آرتا ',16,50,808),(4071,'نوع','براق',14,43,809),(4072,'عرض','60',15,73,809),(4073,'لبه','دو لبه',5,11,809),(4074,'اچ پی ال','یک رو',6,12,809),(4075,'ضخامت','48',4,6,809),(4076,'نوع HPL','آرتا ',16,50,809),(4077,'نوع','براق',14,43,810),(4078,'عرض','60',15,73,810),(4079,'لبه','یک لبه',5,10,810),(4080,'اچ پی ال','یک رو',6,12,810),(4081,'ضخامت','48',4,6,810),(4082,'نوع HPL','آرتا ',16,50,810),(4083,'نوع','براق',14,43,811),(4084,'عرض','60',15,73,811),(4085,'لبه','دو لبه',5,11,811),(4086,'اچ پی ال','یک رو',6,12,811),(4087,'ضخامت','48',4,6,811),(4088,'نوع HPL','آرتا ',16,50,811),(4089,'نوع','براق',14,43,812),(4090,'عرض','60',15,73,812),(4091,'لبه','یک لبه',5,10,812),(4092,'اچ پی ال','یک رو',6,12,812),(4093,'ضخامت','48',4,6,812),(4094,'نوع HPL','آرتا ',16,50,812),(4095,'نوع','براق',14,43,813),(4096,'عرض','60',15,73,813),(4097,'لبه','یک لبه',5,10,813),(4098,'اچ پی ال','یک رو',6,12,813),(4099,'ضخامت','32',4,5,813),(4100,'نوع HPL','آرتا ',16,50,813),(4101,'نوع','مات',14,44,814),(4102,'عرض','60',15,73,814),(4103,'لبه','دو لبه',5,11,814),(4104,'اچ پی ال','یک رو',6,12,814),(4105,'ضخامت','32',4,5,814),(4106,'نوع HPL','وایا',16,49,814),(4107,'نوع','مات',14,44,815),(4108,'عرض','60',15,73,815),(4109,'لبه','یک لبه',5,10,815),(4110,'اچ پی ال','یک رو',6,12,815),(4111,'ضخامت','32',4,5,815),(4112,'نوع HPL','وایا',16,49,815),(4113,'نوع','براق',14,43,816),(4114,'عرض','60',15,73,816),(4115,'لبه','دو لبه',5,11,816),(4116,'اچ پی ال','یک رو',6,12,816),(4117,'ضخامت','32',4,5,816),(4118,'نوع HPL','وایا',16,49,816),(4119,'نوع','براق',14,43,817),(4120,'عرض','60',15,73,817),(4121,'لبه','یک لبه',5,10,817),(4122,'اچ پی ال','یک رو',6,12,817),(4123,'ضخامت','32',4,5,817),(4124,'نوع HPL','وایا',16,49,817),(4125,'نوع','براق',14,43,818),(4126,'عرض','60',15,73,818),(4127,'لبه','دو لبه',5,11,818),(4128,'اچ پی ال','یک رو',6,12,818),(4129,'ضخامت','48',4,6,818),(4130,'نوع HPL','وایا',16,49,818),(4131,'نوع','براق',14,43,819),(4132,'عرض','60',15,73,819),(4133,'لبه','یک لبه',5,10,819),(4134,'اچ پی ال','یک رو',6,12,819),(4135,'ضخامت','48',4,6,819),(4136,'نوع HPL','وایا',16,49,819),(4137,'نوع','براق',14,43,820),(4138,'عرض','65',15,74,820),(4139,'لبه','دو لبه',5,11,820),(4140,'اچ پی ال','یک رو',6,12,820),(4141,'ضخامت','48',4,6,820),(4142,'نوع HPL','آرتا ',16,50,820),(4143,'نوع','براق',14,43,821),(4144,'عرض','80',15,77,821),(4145,'لبه','دو لبه',5,11,821),(4146,'اچ پی ال','دو رو',6,13,821),(4147,'ضخامت','48',4,6,821),(4148,'نوع HPL','آرتا ',16,50,821),(4149,'نوع','براق',14,43,822),(4150,'عرض','65',15,74,822),(4151,'لبه','دو لبه',5,11,822),(4152,'اچ پی ال','یک رو',6,12,822),(4153,'ضخامت','48',4,6,822),(4154,'نوع HPL','آرتا ',16,50,822),(4155,'نوع','براق',14,43,823),(4156,'عرض','80',15,77,823),(4157,'لبه','دو لبه',5,11,823),(4158,'اچ پی ال','دو رو',6,13,823),(4159,'ضخامت','48',4,6,823),(4160,'نوع HPL','آرتا ',16,50,823),(4161,'نوع','مات',14,44,824),(4162,'عرض','60',15,73,824),(4163,'لبه','دو لبه',5,11,824),(4164,'اچ پی ال','یک رو',6,12,824),(4165,'ضخامت','48',4,6,824),(4166,'نوع HPL','وایا',16,49,824),(4167,'نوع','مات',14,44,825),(4168,'عرض','60',15,73,825),(4169,'لبه','یک لبه',5,10,825),(4170,'اچ پی ال','یک رو',6,12,825),(4171,'ضخامت','48',4,6,825),(4172,'نوع HPL','وایا',16,49,825),(4173,'نوع','براق',14,43,826),(4174,'عرض','60',15,73,826),(4175,'لبه','دو لبه',5,11,826),(4176,'اچ پی ال','یک رو',6,12,826),(4177,'ضخامت','48',4,6,826),(4178,'نوع HPL','وایا',16,49,826),(4179,'نوع','براق',14,43,827),(4180,'عرض','60',15,73,827),(4181,'لبه','یک لبه',5,10,827),(4182,'اچ پی ال','یک رو',6,12,827),(4183,'ضخامت','48',4,6,827),(4184,'نوع HPL','وایا',16,49,827),(4185,'نوع','براق',14,43,828),(4186,'عرض','60',15,73,828),(4187,'لبه','دو لبه',5,11,828),(4188,'اچ پی ال','یک رو',6,12,828),(4189,'ضخامت','48',4,6,828),(4190,'نوع HPL','آرتا ',16,50,828),(4191,'نوع','براق',14,43,829),(4192,'عرض','60',15,73,829),(4193,'لبه','یک لبه',5,10,829),(4194,'اچ پی ال','یک رو',6,12,829),(4195,'ضخامت','48',4,6,829),(4196,'نوع HPL','آرتا ',16,50,829),(4197,'نوع','براق',14,43,830),(4198,'عرض','60',15,73,830),(4199,'لبه','دو لبه',5,11,830),(4200,'اچ پی ال','یک رو',6,12,830),(4201,'ضخامت','48',4,6,830),(4202,'نوع HPL','وایا',16,49,830),(4203,'نوع','براق',14,43,831),(4204,'عرض','65',15,74,831),(4205,'لبه','دو لبه',5,11,831),(4206,'اچ پی ال','یک رو',6,12,831),(4207,'ضخامت','48',4,6,831),(4208,'نوع HPL','وایا',16,49,831),(4209,'نوع','براق',14,43,832),(4210,'عرض','60',15,73,832),(4211,'لبه','دو لبه',5,11,832),(4212,'اچ پی ال','یک رو',6,12,832),(4213,'ضخامت','48',4,6,832),(4214,'نوع HPL','آرتا ',16,50,832),(4215,'نوع','براق',14,43,833),(4216,'عرض','60',15,73,833),(4217,'لبه','یک لبه',5,10,833),(4218,'اچ پی ال','یک رو',6,12,833),(4219,'ضخامت','48',4,6,833),(4220,'نوع HPL','آرتا ',16,50,833),(4221,'نوع','مات',14,44,834),(4222,'عرض','60',15,73,834),(4223,'لبه','دو لبه',5,11,834),(4224,'اچ پی ال','یک رو',6,12,834),(4225,'ضخامت','48',4,6,834),(4226,'نوع HPL','آرتا ',16,50,834),(4227,'نوع','مات',14,44,835),(4228,'عرض','60',15,73,835),(4229,'لبه','یک لبه',5,10,835),(4230,'اچ پی ال','یک رو',6,12,835),(4231,'ضخامت','48',4,6,835),(4232,'نوع HPL','آرتا ',16,50,835),(4233,'نوع','براق',14,43,836),(4234,'عرض','60',15,73,836),(4235,'لبه','دو لبه',5,11,836),(4236,'اچ پی ال','یک رو',6,12,836),(4237,'ضخامت','48',4,6,836),(4238,'نوع HPL','آرتا ',16,50,836),(4239,'نوع','براق',14,43,837),(4240,'عرض','60',15,73,837),(4241,'لبه','یک لبه',5,10,837),(4242,'اچ پی ال','یک رو',6,12,837),(4243,'ضخامت','48',4,6,837),(4244,'نوع HPL','آرتا ',16,50,837),(4245,'نوع','براق',14,43,838),(4246,'عرض','60',15,73,838),(4247,'لبه','دو لبه',5,11,838),(4248,'اچ پی ال','یک رو',6,12,838),(4249,'ضخامت','48',4,6,838),(4250,'نوع HPL','آرتا ',16,50,838),(4251,'نوع','براق',14,43,839),(4252,'عرض','60',15,73,839),(4253,'لبه','یک لبه',5,10,839),(4254,'اچ پی ال','یک رو',6,12,839),(4255,'ضخامت','48',4,6,839),(4256,'نوع HPL','آرتا ',16,50,839),(4257,'نوع','مات',14,44,840),(4258,'عرض','60',15,73,840),(4259,'لبه','دو لبه',5,11,840),(4260,'اچ پی ال','یک رو',6,12,840),(4261,'ضخامت','48',4,6,840),(4262,'نوع HPL','وایا',16,49,840),(4263,'نوع','براق',14,43,841),(4264,'عرض','60',15,73,841),(4265,'لبه','دو لبه',5,11,841),(4266,'اچ پی ال','یک رو',6,12,841),(4267,'ضخامت','32',4,5,841),(4268,'نوع HPL','آرتا ',16,50,841),(4269,'نوع','مات',14,44,842),(4270,'عرض','65',15,74,842),(4271,'لبه','دو لبه',5,11,842),(4272,'اچ پی ال','یک رو',6,12,842),(4273,'ضخامت','48',4,6,842),(4274,'نوع HPL','وایا',16,49,842),(4275,'نوع','براق',14,43,843),(4276,'عرض','65',15,74,843),(4277,'لبه','دو لبه',5,11,843),(4278,'اچ پی ال','یک رو',6,12,843),(4279,'ضخامت','48',4,6,843),(4280,'نوع HPL','وایا',16,49,843),(4281,'نوع','مات',14,44,844),(4282,'عرض','60',15,73,844),(4283,'لبه','یک لبه',5,10,844),(4284,'اچ پی ال','یک رو',6,12,844),(4285,'ضخامت','32',4,5,844),(4286,'نوع HPL','آرتا ',16,50,844),(4287,'نوع','براق',14,43,845),(4288,'عرض','60',15,73,845),(4289,'لبه','یک لبه',5,10,845),(4290,'اچ پی ال','یک رو',6,12,845),(4291,'ضخامت','32',4,5,845),(4292,'نوع HPL','آرتا ',16,50,845),(4293,'نوع','مات',14,44,846),(4294,'عرض','60',15,73,846),(4295,'لبه','یک لبه',5,10,846),(4296,'اچ پی ال','یک رو',6,12,846),(4297,'ضخامت','48',4,6,846),(4298,'نوع HPL','آرتا ',16,50,846),(4299,'نوع','براق',14,43,847),(4300,'عرض','60',15,73,847),(4301,'لبه','یک لبه',5,10,847),(4302,'اچ پی ال','یک رو',6,12,847),(4303,'ضخامت','48',4,6,847),(4304,'نوع HPL','آرتا ',16,50,847),(4305,'نوع','مات',14,44,848),(4306,'عرض','60',15,73,848),(4307,'لبه','دو لبه',5,11,848),(4308,'اچ پی ال','یک رو',6,12,848),(4309,'ضخامت','48',4,6,848),(4310,'نوع HPL','وایا',16,49,848),(4311,'نوع','مات',14,44,849),(4312,'عرض','60',15,73,849),(4313,'لبه','دو لبه',5,11,849),(4314,'اچ پی ال','یک رو',6,12,849),(4315,'ضخامت','32',4,5,849),(4316,'نوع HPL','آرتا ',16,50,849),(4326,'ضخامت','16',4,37,852),(4325,'برند','ANG',13,40,851),(4324,'کیفیت','درجه یک',8,38,851),(4323,'ضخامت','16',4,37,851),(4327,'کیفیت','درجه یک',8,38,852),(4328,'برند','ANG',13,40,852),(4329,'ضخامت','16',4,37,853),(4330,'کیفیت','درجه یک',8,38,853),(4331,'برند','ANG',13,40,853),(4332,'ضخامت','16',4,37,854),(4333,'کیفیت','درجه یک',8,38,854),(4334,'برند','ANG',13,40,854),(4335,'ضخامت','16',4,37,855),(4336,'کیفیت','درجه یک',8,38,855),(4337,'برند','ANG',13,40,855),(4338,'ضخامت','16',4,37,856),(4339,'کیفیت','درجه یک',8,38,856),(4340,'برند','ANG',13,40,856),(4341,'ضخامت','16',4,37,857),(4342,'کیفیت','درجه یک',8,38,857),(4343,'برند','Ecoone',13,41,857),(4344,'ضخامت','16',4,37,858),(4345,'کیفیت','درجه یک',8,38,858),(4346,'برند','Ecoone',13,41,858),(4347,'ضخامت','16',4,37,859),(4348,'کیفیت','درجه یک',8,38,859),(4349,'برند','Ecoone',13,41,859),(4350,'ضخامت','16',4,37,860),(4351,'کیفیت','درجه یک',8,38,860),(4352,'برند','Ecoone',13,41,860),(4353,'ضخامت','16',4,37,861),(4354,'کیفیت','درجه یک',8,38,861),(4355,'برند','Ecoone',13,41,861),(4356,'ضخامت','16',4,37,862),(4357,'کیفیت','درجه یک',8,38,862),(4358,'برند','Ecoone',13,41,862),(4359,'ضخامت','16',4,37,863),(4360,'کیفیت','درجه یک',8,38,863),(4361,'برند','Ecoone',13,41,863),(4362,'ضخامت','16',4,37,864),(4363,'کیفیت','درجه یک',8,38,864),(4364,'برند','Ecoone',13,41,864),(4365,'ضخامت','16',4,37,865),(4366,'کیفیت','درجه یک',8,38,865),(4367,'برند','Ecoone',13,41,865),(4368,'ضخامت','16',4,37,866),(4369,'کیفیت','درجه یک',8,38,866),(4370,'برند','Ecoone',13,41,866),(4371,'ضخامت','16',4,37,867),(4372,'کیفیت','درجه یک',8,38,867),(4373,'برند','Ecoone',13,41,867),(4374,'نوع','براق',14,43,868),(4375,'عرض','60',15,73,868),(4376,'لبه','دو لبه',5,11,868),(4377,'اچ پی ال','یک رو',6,12,868),(4378,'ضخامت','48',4,6,868),(4379,'نوع HPL','آرتا ',16,50,868),(4380,'نوع','براق',14,43,869),(4381,'عرض','60',15,73,869),(4382,'لبه','یک لبه',5,10,869),(4383,'اچ پی ال','یک رو',6,12,869),(4384,'ضخامت','48',4,6,869),(4385,'نوع HPL','آرتا ',16,50,869),(4386,'نوع','براق',14,43,870),(4387,'عرض','60',15,73,870),(4388,'لبه','دو لبه',5,11,870),(4389,'اچ پی ال','یک رو',6,12,870),(4390,'ضخامت','48',4,6,870),(4391,'نوع HPL','آرتا ',16,50,870),(4392,'نوع','مات',14,44,871),(4393,'عرض','60',15,73,871),(4394,'لبه','دو لبه',5,11,871),(4395,'اچ پی ال','یک رو',6,12,871),(4396,'ضخامت','48',4,6,871),(4397,'نوع HPL','وایا',16,49,871),(4398,'نوع','مات',14,44,872),(4399,'عرض','60',15,73,872),(4400,'لبه','دو لبه',5,11,872),(4401,'اچ پی ال','یک رو',6,12,872),(4402,'ضخامت','48',4,6,872),(4403,'نوع HPL','آرتا ',16,50,872),(4404,'نوع','مات',14,44,873),(4405,'عرض','60',15,73,873),(4406,'لبه','یک لبه',5,10,873),(4407,'اچ پی ال','یک رو',6,12,873),(4408,'ضخامت','48',4,6,873),(4409,'نوع HPL','آرتا ',16,50,873),(4410,'نوع','براق',14,43,874),(4411,'عرض','60',15,73,874),(4412,'لبه','دو لبه',5,11,874),(4413,'اچ پی ال','یک رو',6,12,874),(4414,'ضخامت','48',4,6,874),(4415,'نوع HPL','آرتا ',16,50,874),(4416,'نوع','براق',14,43,875),(4417,'عرض','60',15,73,875),(4418,'لبه','یک لبه',5,10,875),(4419,'اچ پی ال','یک رو',6,12,875),(4420,'ضخامت','48',4,6,875),(4421,'نوع HPL','آرتا ',16,50,875),(4422,'نوع','مات',14,44,876),(4423,'عرض','60',15,73,876),(4424,'لبه','دو لبه',5,11,876),(4425,'اچ پی ال','یک رو',6,12,876),(4426,'ضخامت','48',4,6,876),(4427,'نوع HPL','آرتا ',16,50,876),(4428,'نوع','مات',14,44,877),(4429,'عرض','60',15,73,877),(4430,'لبه','یک لبه',5,10,877),(4431,'اچ پی ال','یک رو',6,12,877),(4432,'ضخامت','48',4,6,877),(4433,'نوع HPL','آرتا ',16,50,877),(4434,'نوع','براق',14,43,878),(4435,'عرض','60',15,73,878),(4436,'لبه','دو لبه',5,11,878),(4437,'اچ پی ال','یک رو',6,12,878),(4438,'ضخامت','48',4,6,878),(4439,'نوع HPL','آرتا ',16,50,878),(4440,'نوع','براق',14,43,879),(4441,'عرض','60',15,73,879),(4442,'لبه','دو لبه',5,11,879),(4443,'اچ پی ال','یک رو',6,12,879),(4444,'ضخامت','48',4,6,879),(4445,'نوع HPL','وایا',16,49,879),(4446,'نوع','براق',14,43,880),(4447,'عرض','60',15,73,880),(4448,'لبه','یک لبه',5,10,880),(4449,'اچ پی ال','یک رو',6,12,880),(4450,'ضخامت','48',4,6,880),(4451,'نوع HPL','وایا',16,49,880),(4452,'نوع','براق',14,43,881),(4453,'عرض','65',15,74,881),(4454,'لبه','دو لبه',5,11,881),(4455,'اچ پی ال','یک رو',6,12,881),(4456,'ضخامت','48',4,6,881),(4457,'نوع HPL','آرتا ',16,50,881),(4458,'نوع','براق',14,43,882),(4459,'عرض','65',15,74,882),(4460,'لبه','دو لبه',5,11,882),(4461,'اچ پی ال','یک رو',6,12,882),(4462,'ضخامت','48',4,6,882),(4463,'نوع HPL','وایا',16,49,882),(4464,'نوع','مات',14,44,883),(4465,'عرض','65',15,74,883),(4466,'لبه','دو لبه',5,11,883),(4467,'اچ پی ال','یک رو',6,12,883),(4468,'ضخامت','48',4,6,883),(4469,'نوع HPL','آرتا ',16,50,883),(4470,'نوع','براق',14,43,884),(4471,'عرض','65',15,74,884),(4472,'لبه','دو لبه',5,11,884),(4473,'اچ پی ال','یک رو',6,12,884),(4474,'ضخامت','48',4,6,884),(4475,'نوع HPL','آرتا ',16,50,884),(4476,'نوع','براق',14,43,885),(4477,'عرض','60',15,73,885),(4478,'لبه','دو لبه',5,11,885),(4479,'اچ پی ال','یک رو',6,12,885),(4480,'ضخامت','48',4,6,885),(4481,'نوع HPL','آرتا ',16,50,885),(4482,'نوع','براق',14,43,886),(4483,'عرض','60',15,73,886),(4484,'لبه','یک لبه',5,10,886),(4485,'اچ پی ال','یک رو',6,12,886),(4486,'ضخامت','48',4,6,886),(4487,'نوع HPL','آرتا ',16,50,886),(4488,'نوع','براق',14,43,887),(4489,'عرض','60',15,73,887),(4490,'لبه','دو لبه',5,11,887),(4491,'اچ پی ال','یک رو',6,12,887),(4492,'ضخامت','48',4,6,887),(4493,'نوع HPL','آرتا ',16,50,887),(4494,'نوع','براق',14,43,888),(4495,'عرض','60',15,73,888),(4496,'لبه','یک لبه',5,10,888),(4497,'اچ پی ال','یک رو',6,12,888),(4498,'ضخامت','48',4,6,888),(4499,'نوع HPL','آرتا ',16,50,888),(4500,'نوع','براق',14,43,889),(4501,'عرض','60',15,73,889),(4502,'لبه','دو لبه',5,11,889),(4503,'اچ پی ال','یک رو',6,12,889),(4504,'ضخامت','32',4,5,889),(4505,'نوع HPL','آرتا ',16,50,889),(4506,'نوع','براق',14,43,890),(4507,'عرض','60',15,73,890),(4508,'لبه','یک لبه',5,10,890),(4509,'اچ پی ال','یک رو',6,12,890),(4510,'ضخامت','32',4,5,890),(4511,'نوع HPL','آرتا ',16,50,890),(4512,'نوع','براق',14,43,891),(4513,'عرض','60',15,73,891),(4514,'لبه','دو لبه',5,11,891),(4515,'اچ پی ال','یک رو',6,12,891),(4516,'ضخامت','32',4,5,891),(4517,'نوع HPL','آرتا ',16,50,891),(4518,'نوع','مات',14,44,892),(4519,'عرض','60',15,73,892),(4520,'لبه','دو لبه',5,11,892),(4521,'اچ پی ال','یک رو',6,12,892),(4522,'ضخامت','48',4,6,892),(4523,'نوع HPL','آرتا ',16,50,892),(4524,'نوع','مات',14,44,893),(4525,'عرض','60',15,73,893),(4526,'لبه','یک لبه',5,10,893),(4527,'اچ پی ال','یک رو',6,12,893),(4528,'ضخامت','48',4,6,893),(4529,'نوع HPL','آرتا ',16,50,893),(4530,'نوع','براق',14,43,894),(4531,'عرض','60',15,73,894),(4532,'لبه','دو لبه',5,11,894),(4533,'اچ پی ال','یک رو',6,12,894),(4534,'ضخامت','48',4,6,894),(4535,'نوع HPL','وایا',16,49,894),(4536,'نوع','مات',14,44,895),(4537,'عرض','60',15,73,895),(4538,'لبه','دو لبه',5,11,895),(4539,'اچ پی ال','یک رو',6,12,895),(4540,'ضخامت','32',4,5,895),(4541,'نوع HPL','آرتا ',16,50,895),(4542,'نوع','مات',14,44,896),(4543,'عرض','60',15,73,896),(4544,'لبه','یک لبه',5,10,896),(4545,'اچ پی ال','یک رو',6,12,896),(4546,'ضخامت','32',4,5,896),(4547,'نوع HPL','آرتا ',16,50,896),(4548,'نوع','براق',14,43,897),(4549,'عرض','60',15,73,897),(4550,'لبه','دو لبه',5,11,897),(4551,'اچ پی ال','یک رو',6,12,897),(4552,'ضخامت','48',4,6,897),(4553,'نوع HPL','آرتا ',16,50,897),(4554,'نوع','براق',14,43,898),(4555,'عرض','60',15,73,898),(4556,'لبه','یک لبه',5,10,898),(4557,'اچ پی ال','یک رو',6,12,898),(4558,'ضخامت','48',4,6,898),(4559,'نوع HPL','آرتا ',16,50,898),(4560,'نوع','براق',14,43,899),(4561,'عرض','60',15,73,899),(4562,'لبه','دو لبه',5,11,899),(4563,'اچ پی ال','یک رو',6,12,899),(4564,'ضخامت','48',4,6,899),(4565,'نوع HPL','آرتا ',16,50,899),(4566,'نوع','براق',14,43,900),(4567,'عرض','60',15,73,900),(4568,'لبه','یک لبه',5,10,900),(4569,'اچ پی ال','یک رو',6,12,900),(4570,'ضخامت','48',4,6,900),(4571,'نوع HPL','آرتا ',16,50,900),(4572,'نوع','براق',14,43,901),(4573,'عرض','70',15,75,901),(4574,'لبه','دو لبه',5,11,901),(4575,'اچ پی ال','دو رو',6,13,901),(4576,'ضخامت','48',4,6,901),(4577,'نوع HPL','آرتا ',16,50,901),(4578,'نوع','براق',14,43,902),(4579,'عرض','65',15,74,902),(4580,'لبه','دو لبه',5,11,902),(4581,'اچ پی ال','یک رو',6,12,902),(4582,'ضخامت','48',4,6,902),(4583,'نوع HPL','آرتا ',16,50,902),(4584,'نوع','براق',14,43,903),(4585,'عرض','70',15,75,903),(4586,'لبه','دو لبه',5,11,903),(4587,'اچ پی ال','دو رو',6,13,903),(4588,'ضخامت','48',4,6,903),(4589,'نوع HPL','آرتا ',16,50,903),(4590,'نوع','براق',14,43,904),(4591,'عرض','60',15,73,904),(4592,'لبه','دو لبه',5,11,904),(4593,'اچ پی ال','یک رو',6,12,904),(4594,'ضخامت','48',4,6,904),(4595,'نوع HPL','آرتا ',16,50,904),(4596,'نوع','براق',14,43,905),(4597,'عرض','60',15,73,905),(4598,'لبه','یک لبه',5,10,905),(4599,'اچ پی ال','یک رو',6,12,905),(4600,'ضخامت','48',4,6,905),(4601,'نوع HPL','آرتا ',16,50,905),(4602,'نوع','براق',14,43,906),(4603,'عرض','65',15,74,906),(4604,'لبه','دو لبه',5,11,906),(4605,'اچ پی ال','یک رو',6,12,906),(4606,'ضخامت','48',4,6,906),(4607,'نوع HPL','آرتا ',16,50,906),(4608,'نوع','براق',14,43,907),(4609,'عرض','60',15,73,907),(4610,'لبه','دو لبه',5,11,907),(4611,'اچ پی ال','یک رو',6,12,907),(4612,'ضخامت','48',4,6,907),(4613,'نوع HPL','آرتا ',16,50,907),(4614,'نوع','براق',14,43,908),(4615,'عرض','65',15,74,908),(4616,'لبه','دو لبه',5,11,908),(4617,'اچ پی ال','یک رو',6,12,908),(4618,'ضخامت','48',4,6,908),(4619,'نوع HPL','آرتا ',16,50,908),(4620,'نوع','براق',14,43,909),(4621,'عرض','70',15,75,909),(4622,'لبه','دو لبه',5,11,909),(4623,'اچ پی ال','دو رو',6,13,909),(4624,'ضخامت','48',4,6,909),(4625,'نوع HPL','آرتا ',16,50,909),(4626,'نوع','براق',14,43,910),(4627,'عرض','70',15,75,910),(4628,'لبه','دو لبه',5,11,910),(4629,'اچ پی ال','دو رو',6,13,910),(4630,'ضخامت','48',4,6,910),(4631,'نوع HPL','آرتا ',16,50,910),(4632,'ضخامت','16',4,37,911),(4633,'کیفیت','درجه یک',8,38,911),(4634,'برند','ANG',13,40,911),(4635,'ضخامت','16',4,37,912),(4636,'کیفیت','درجه یک',8,38,912),(4637,'برند','ANG',13,40,912),(4638,'ضخامت','16',4,37,913),(4639,'کیفیت','درجه یک',8,38,913),(4640,'برند','ANG',13,40,913),(4641,'ضخامت','16',4,37,914),(4642,'کیفیت','درجه یک',8,38,914),(4643,'برند','ANG',13,40,914),(4644,'ضخامت','16',4,37,915),(4645,'کیفیت','درجه یک',8,38,915),(4646,'برند','ANG',13,40,915),(4647,'ضخامت','16',4,37,916),(4648,'کیفیت','درجه یک',8,38,916),(4649,'برند','ANG',13,40,916),(4650,'ضخامت','16',4,37,917),(4651,'کیفیت','درجه یک',8,38,917),(4652,'برند','ANG',13,40,917),(4653,'ضخامت','16',4,37,918),(4654,'کیفیت','درجه یک',8,38,918),(4655,'برند','ANG',13,40,918),(4656,'نوع','براق',14,43,919),(4657,'عرض','60',15,73,919),(4658,'لبه','دو لبه',5,11,919),(4659,'اچ پی ال','یک رو',6,12,919),(4660,'ضخامت','48',4,6,919),(4661,'نوع HPL','وایا',16,49,919),(4662,'نوع','براق',14,43,920),(4663,'عرض','60',15,73,920),(4664,'لبه','یک لبه',5,10,920),(4665,'اچ پی ال','یک رو',6,12,920),(4666,'ضخامت','48',4,6,920),(4667,'نوع HPL','وایا',16,49,920),(4668,'نوع','براق',14,43,921),(4669,'عرض','60',15,73,921),(4670,'لبه','دو لبه',5,11,921),(4671,'اچ پی ال','یک رو',6,12,921),(4672,'ضخامت','48',4,6,921),(4673,'نوع HPL','آرتا ',16,50,921),(4674,'نوع','براق',14,43,922),(4675,'عرض','60',15,73,922),(4676,'لبه','یک لبه',5,10,922),(4677,'اچ پی ال','یک رو',6,12,922),(4678,'ضخامت','48',4,6,922),(4679,'نوع HPL','آرتا ',16,50,922),(4680,'نوع','براق',14,43,923),(4681,'عرض','60',15,73,923),(4682,'لبه','دو لبه',5,11,923),(4683,'اچ پی ال','یک رو',6,12,923),(4684,'ضخامت','48',4,6,923),(4685,'نوع HPL','آرتا ',16,50,923),(4686,'نوع','براق',14,43,924),(4687,'عرض','60',15,73,924),(4688,'لبه','یک لبه',5,10,924),(4689,'اچ پی ال','یک رو',6,12,924),(4690,'ضخامت','48',4,6,924),(4691,'نوع HPL','آرتا ',16,50,924),(4692,'نوع','براق',14,43,925),(4693,'عرض','60',15,73,925),(4694,'لبه','دو لبه',5,11,925),(4695,'اچ پی ال','یک رو',6,12,925),(4696,'ضخامت','48',4,6,925),(4697,'نوع HPL','آرتا ',16,50,925),(4698,'نوع','براق',14,43,926),(4699,'عرض','60',15,73,926),(4700,'لبه','یک لبه',5,10,926),(4701,'اچ پی ال','یک رو',6,12,926),(4702,'ضخامت','48',4,6,926),(4703,'نوع HPL','آرتا ',16,50,926),(4704,'نوع','براق',14,43,927),(4705,'عرض','60',15,73,927),(4706,'لبه','دو لبه',5,11,927),(4707,'اچ پی ال','یک رو',6,12,927),(4708,'ضخامت','48',4,6,927),(4709,'نوع HPL','وایا',16,49,927),(4710,'نوع','براق',14,43,928),(4711,'عرض','60',15,73,928),(4712,'لبه','یک لبه',5,10,928),(4713,'اچ پی ال','یک رو',6,12,928),(4714,'ضخامت','48',4,6,928),(4715,'نوع HPL','وایا',16,49,928),(4716,'نوع','براق',14,43,929),(4717,'عرض','60',15,73,929),(4718,'لبه','دو لبه',5,11,929),(4719,'اچ پی ال','یک رو',6,12,929),(4720,'ضخامت','32',4,5,929),(4721,'نوع HPL','وایا',16,49,929),(4722,'نوع','براق',14,43,930),(4723,'عرض','60',15,73,930),(4724,'لبه','دو لبه',5,11,930),(4725,'اچ پی ال','یک رو',6,12,930),(4726,'ضخامت','32',4,5,930),(4727,'نوع HPL','وایا',16,49,930),(4728,'نوع','براق',14,43,931),(4729,'عرض','60',15,73,931),(4730,'لبه','دو لبه',5,11,931),(4731,'اچ پی ال','یک رو',6,12,931),(4732,'ضخامت','48',4,6,931),(4733,'نوع HPL','وایا',16,49,931),(4734,'نوع','مات',14,44,932),(4735,'عرض','60',15,73,932),(4736,'لبه','دو لبه',5,11,932),(4737,'اچ پی ال','یک رو',6,12,932),(4738,'ضخامت','32',4,5,932),(4739,'نوع HPL','وایا',16,49,932),(4740,'نوع','مات',14,44,933),(4741,'عرض','60',15,73,933),(4742,'لبه','دو لبه',5,11,933),(4743,'اچ پی ال','یک رو',6,12,933),(4744,'ضخامت','48',4,6,933),(4745,'نوع HPL','وایا',16,49,933),(4746,'نوع','مات',14,44,934),(4747,'عرض','60',15,73,934),(4748,'لبه','یک لبه',5,10,934),(4749,'اچ پی ال','یک رو',6,12,934),(4750,'ضخامت','48',4,6,934),(4751,'نوع HPL','وایا',16,49,934),(4752,'نوع','براق',14,43,935),(4753,'عرض','60',15,73,935),(4754,'لبه','دو لبه',5,11,935),(4755,'اچ پی ال','یک رو',6,12,935),(4756,'ضخامت','32',4,5,935),(4757,'نوع HPL','وایا',16,49,935),(4758,'نوع','براق',14,43,936),(4759,'عرض','60',15,73,936),(4760,'لبه','دو لبه',5,11,936),(4761,'اچ پی ال','یک رو',6,12,936),(4762,'ضخامت','48',4,6,936),(4763,'نوع HPL','وایا',16,49,936),(4764,'نوع','براق',14,43,937),(4765,'عرض','60',15,73,937),(4766,'لبه','یک لبه',5,10,937),(4767,'اچ پی ال','یک رو',6,12,937),(4768,'ضخامت','48',4,6,937),(4769,'نوع HPL','وایا',16,49,937),(4770,'نوع','براق',14,43,938),(4771,'عرض','60',15,73,938),(4772,'لبه','دو لبه',5,11,938),(4773,'اچ پی ال','یک رو',6,12,938),(4774,'ضخامت','48',4,6,938),(4775,'نوع HPL','آرتا ',16,50,938),(4776,'نوع','براق',14,43,939),(4777,'عرض','60',15,73,939),(4778,'لبه','یک لبه',5,10,939),(4779,'اچ پی ال','یک رو',6,12,939),(4780,'ضخامت','48',4,6,939),(4781,'نوع HPL','آرتا ',16,50,939),(4782,'نوع','براق',14,43,940),(4783,'عرض','60',15,73,940),(4784,'لبه','دو لبه',5,11,940),(4785,'اچ پی ال','یک رو',6,12,940),(4786,'ضخامت','48',4,6,940),(4787,'نوع HPL','وایا',16,49,940),(4788,'نوع','مات',14,44,941),(4789,'عرض','60',15,73,941),(4790,'لبه','دو لبه',5,11,941),(4791,'اچ پی ال','یک رو',6,12,941),(4792,'ضخامت','32',4,5,941),(4793,'نوع HPL','آرتا ',16,50,941),(4794,'نوع','مات',14,44,942),(4795,'عرض','60',15,73,942),(4796,'لبه','دو لبه',5,11,942),(4797,'اچ پی ال','یک رو',6,12,942),(4798,'ضخامت','32',4,5,942),(4799,'نوع HPL','آرتا ',16,50,942),(4800,'نوع','مات',14,44,943),(4801,'عرض','60',15,73,943),(4802,'لبه','یک لبه',5,10,943),(4803,'اچ پی ال','یک رو',6,12,943),(4804,'ضخامت','32',4,5,943),(4805,'نوع HPL','آرتا ',16,50,943),(4806,'نوع','براق',14,43,944),(4807,'عرض','60',15,73,944),(4808,'لبه','دو لبه',5,11,944),(4809,'اچ پی ال','یک رو',6,12,944),(4810,'ضخامت','48',4,6,944),(4811,'نوع HPL','آرتا ',16,50,944),(4812,'نوع','براق',14,43,945),(4813,'عرض','60',15,73,945),(4814,'لبه','یک لبه',5,10,945),(4815,'اچ پی ال','یک رو',6,12,945),(4816,'ضخامت','48',4,6,945),(4817,'نوع HPL','آرتا ',16,50,945),(4818,'ضخامت','16',4,37,946),(4819,'کیفیت','درجه یک',8,38,946),(4820,'برند','Ecoone',13,41,946),(4821,'ضخامت','16',4,37,947),(4822,'کیفیت','درجه یک',8,38,947),(4823,'برند','Ecoone',13,41,947),(4824,'ضخامت','16',4,37,948),(4825,'کیفیت','درجه یک',8,38,948),(4826,'برند','Ecoone',13,41,948),(4827,'ضخامت','16',4,37,949),(4828,'کیفیت','درجه یک',8,38,949),(4829,'برند','Ecoone',13,41,949),(4830,'ضخامت','16',4,37,950),(4831,'کیفیت','درجه یک',8,38,950),(4832,'برند','Ecoone',13,41,950),(4833,'ضخامت','16',4,37,951),(4834,'کیفیت','درجه یک',8,38,951),(4835,'برند','Ecoone',13,41,951),(4836,'ضخامت','16',4,37,952),(4837,'کیفیت','درجه یک',8,38,952),(4838,'برند','Ecoone',13,41,952),(4839,'ضخامت','16',4,37,953),(4840,'کیفیت','درجه یک',8,38,953),(4841,'برند','Ecoone',13,41,953),(4842,'ضخامت','16',4,37,954),(4843,'کیفیت','درجه یک',8,38,954),(4844,'برند','Ecoone',13,41,954),(4845,'ضخامت','16',4,37,955),(4846,'کیفیت','درجه یک',8,38,955),(4847,'برند','Ecoone',13,41,955),(4848,'ضخامت','16',4,37,956),(4849,'کیفیت','درجه یک',8,38,956),(4850,'برند','Ecoone',13,41,956),(4851,'ضخامت','16',4,37,957),(4852,'کیفیت','درجه یک',8,38,957),(4853,'برند','Ecoone',13,41,957),(4854,'ضخامت','16',4,37,958),(4855,'کیفیت','درجه یک',8,38,958),(4856,'برند','Ecoone',13,41,958),(4857,'ضخامت','16',4,37,959),(4858,'کیفیت','درجه یک',8,38,959),(4859,'برند','Ecoone',13,41,959),(4860,'ضخامت','16',4,37,960),(4861,'کیفیت','درجه یک',8,38,960),(4862,'برند','Ecoone',13,41,960),(4863,'ضخامت','16',4,37,961),(4864,'کیفیت','درجه یک',8,38,961),(4865,'برند','Ecoone',13,41,961),(4866,'نوع','براق',14,43,962),(4867,'عرض','60',15,73,962),(4868,'لبه','دو لبه',5,11,962),(4869,'اچ پی ال','یک رو',6,12,962),(4870,'ضخامت','48',4,6,962),(4871,'نوع HPL','آرتا ',16,50,962),(4872,'ضخامت','16',4,37,963),(4873,'کیفیت','درجه یک',8,38,963),(4874,'برند','ANG',13,40,963),(4875,'نوع','براق',14,43,964),(4876,'عرض','75',15,76,964),(4877,'لبه','دو لبه',5,11,964),(4878,'اچ پی ال','دو رو',6,13,964),(4879,'ضخامت','48',4,6,964),(4880,'نوع HPL','آرتا ',16,50,964),(4881,'نوع','براق',14,43,965),(4882,'عرض','60',15,73,965),(4883,'لبه','دو لبه',5,11,965),(4884,'اچ پی ال','یک رو',6,12,965),(4885,'ضخامت','48',4,6,965),(4886,'نوع HPL','آرتا ',16,50,965),(4887,'نوع','براق',14,43,966),(4888,'عرض','60',15,73,966),(4889,'لبه','یک لبه',5,10,966),(4890,'اچ پی ال','یک رو',6,12,966),(4891,'ضخامت','48',4,6,966),(4892,'نوع HPL','آرتا ',16,50,966),(4893,'نوع','براق',14,43,967),(4894,'عرض','65',15,74,967),(4895,'لبه','دو لبه',5,11,967),(4896,'اچ پی ال','یک رو',6,12,967),(4897,'ضخامت','48',4,6,967),(4898,'نوع HPL','وایا',16,49,967),(4899,'نوع','براق',14,43,968),(4900,'عرض','60',15,73,968),(4901,'لبه','دو لبه',5,11,968),(4902,'اچ پی ال','یک رو',6,12,968),(4903,'ضخامت','48',4,6,968),(4904,'نوع HPL','وایا',16,49,968),(4905,'نوع','براق',14,43,969),(4906,'عرض','60',15,73,969),(4907,'لبه','یک لبه',5,10,969),(4908,'اچ پی ال','یک رو',6,12,969),(4909,'ضخامت','48',4,6,969),(4910,'نوع HPL','وایا',16,49,969),(4911,'نوع','براق',14,43,970),(4912,'عرض','60',15,73,970),(4913,'لبه','دو لبه',5,11,970),(4914,'اچ پی ال','یک رو',6,12,970),(4915,'ضخامت','48',4,6,970),(4916,'نوع HPL','آرتا ',16,50,970),(4917,'نوع','براق',14,43,971),(4918,'عرض','60',15,73,971),(4919,'لبه','دو لبه',5,11,971),(4920,'اچ پی ال','یک رو',6,12,971),(4921,'ضخامت','48',4,6,971),(4922,'نوع HPL','آرتا ',16,50,971),(4923,'نوع','براق',14,43,972),(4924,'عرض','60',15,73,972),(4925,'لبه','دو لبه',5,11,972),(4926,'اچ پی ال','یک رو',6,12,972),(4927,'ضخامت','32',4,5,972),(4928,'نوع HPL','آرتا ',16,50,972),(4929,'نوع','براق',14,43,973),(4930,'عرض','60',15,73,973),(4931,'لبه','دو لبه',5,11,973),(4932,'اچ پی ال','یک رو',6,12,973),(4933,'ضخامت','48',4,6,973),(4934,'نوع HPL','آرتا ',16,50,973),(4935,'نوع','براق',14,43,974),(4936,'عرض','60',15,73,974),(4937,'لبه','دو لبه',5,11,974),(4938,'اچ پی ال','یک رو',6,12,974),(4939,'ضخامت','48',4,6,974),(4940,'نوع HPL','آرتا ',16,50,974),(4941,'نوع','براق',14,43,975),(4942,'عرض','60',15,73,975),(4943,'لبه','یک لبه',5,10,975),(4944,'اچ پی ال','یک رو',6,12,975),(4945,'ضخامت','48',4,6,975),(4946,'نوع HPL','آرتا ',16,50,975),(4947,'نوع','براق',14,43,976),(4948,'عرض','60',15,73,976),(4949,'لبه','دو لبه',5,11,976),(4950,'اچ پی ال','یک رو',6,12,976),(4951,'ضخامت','48',4,6,976),(4952,'نوع HPL','وایا',16,49,976),(4953,'نوع','براق',14,43,977),(4954,'عرض','60',15,73,977),(4955,'لبه','یک لبه',5,10,977),(4956,'اچ پی ال','یک رو',6,12,977),(4957,'ضخامت','48',4,6,977),(4958,'نوع HPL','وایا',16,49,977),(4959,'نوع','براق',14,43,978),(4960,'عرض','60',15,73,978),(4961,'لبه','دو لبه',5,11,978),(4962,'اچ پی ال','یک رو',6,12,978),(4963,'ضخامت','48',4,6,978),(4964,'نوع HPL','آرتا ',16,50,978),(4965,'نوع','براق',14,43,979),(4966,'عرض','110',15,46,979),(4967,'لبه','دو لبه',5,11,979),(4968,'اچ پی ال','دو رو',6,13,979),(4969,'ضخامت','48',4,6,979),(4970,'نوع HPL','آرتا ',16,50,979),(4971,'نوع','براق',14,43,980),(4972,'عرض','90',15,79,980),(4973,'لبه','دو لبه',5,11,980),(4974,'اچ پی ال','دو رو',6,13,980),(4975,'ضخامت','48',4,6,980),(4976,'نوع HPL','آرتا ',16,50,980),(4977,'نوع','مات',14,44,981),(4978,'عرض','80',15,77,981),(4979,'لبه','دو لبه',5,11,981),(4980,'اچ پی ال','دو رو',6,13,981),(4981,'ضخامت','48',4,6,981),(4982,'نوع HPL','وایا',16,49,981),(4983,'نوع','براق',14,43,982),(4984,'عرض','60',15,73,982),(4985,'لبه','دو لبه',5,11,982),(4986,'اچ پی ال','دو رو',6,13,982),(4987,'ضخامت','48',4,6,982),(4988,'نوع HPL','آرتا ',16,50,982),(4989,'نوع','براق',14,43,983),(4990,'عرض','60',15,73,983),(4991,'لبه','یک لبه',5,10,983),(4992,'اچ پی ال','یک رو',6,12,983),(4993,'ضخامت','48',4,6,983),(4994,'نوع HPL','آرتا ',16,50,983),(4995,'نوع','براق',14,43,984),(4996,'عرض','60',15,73,984),(4997,'لبه','دو لبه',5,11,984),(4998,'اچ پی ال','یک رو',6,12,984),(4999,'ضخامت','48',4,6,984),(5000,'نوع HPL','آرتا ',16,50,984),(5001,'نوع','براق',14,43,985),(5002,'عرض','60',15,73,985),(5003,'لبه','یک لبه',5,10,985),(5004,'اچ پی ال','یک رو',6,12,985),(5005,'ضخامت','48',4,6,985),(5006,'نوع HPL','آرتا ',16,50,985),(5007,'نوع','براق',14,43,986),(5008,'عرض','60',15,73,986),(5009,'لبه','دو لبه',5,11,986),(5010,'اچ پی ال','یک رو',6,12,986),(5011,'ضخامت','48',4,6,986),(5012,'نوع HPL','وایا',16,49,986),(5013,'نوع','براق',14,43,987),(5014,'عرض','60',15,73,987),(5015,'لبه','یک لبه',5,10,987),(5016,'اچ پی ال','یک رو',6,12,987),(5017,'ضخامت','48',4,6,987),(5018,'نوع HPL','وایا',16,49,987),(5019,'نوع','براق',14,43,988),(5020,'عرض','60',15,73,988),(5021,'لبه','دو لبه',5,11,988),(5022,'اچ پی ال','یک رو',6,12,988),(5023,'ضخامت','48',4,6,988),(5024,'نوع HPL','آرتا ',16,50,988),(5025,'نوع','براق',14,43,989),(5026,'عرض','60',15,73,989),(5027,'لبه','یک لبه',5,10,989),(5028,'اچ پی ال','یک رو',6,12,989),(5029,'ضخامت','48',4,6,989),(5030,'نوع HPL','آرتا ',16,50,989),(5031,'نوع','براق',14,43,990),(5032,'عرض','60',15,73,990),(5033,'لبه','دو لبه',5,11,990),(5034,'اچ پی ال','یک رو',6,12,990),(5035,'ضخامت','48',4,6,990),(5036,'نوع HPL','آرتا ',16,50,990),(5037,'نوع','براق',14,43,991),(5038,'عرض','60',15,73,991),(5039,'لبه','یک لبه',5,10,991),(5040,'اچ پی ال','یک رو',6,12,991),(5041,'ضخامت','48',4,6,991),(5042,'نوع HPL','آرتا ',16,50,991),(5043,'نوع','مات',14,44,992),(5044,'عرض','60',15,73,992),(5045,'لبه','دو لبه',5,11,992),(5046,'اچ پی ال','یک رو',6,12,992),(5047,'ضخامت','48',4,6,992),(5048,'نوع HPL','آرتا ',16,50,992),(5049,'نوع','مات',14,44,993),(5050,'عرض','60',15,73,993),(5051,'لبه','یک لبه',5,10,993),(5052,'اچ پی ال','یک رو',6,12,993),(5053,'ضخامت','48',4,6,993),(5054,'نوع HPL','آرتا ',16,50,993),(5055,'نوع','مات',14,44,994),(5056,'عرض','60',15,73,994),(5057,'لبه','دو لبه',5,11,994),(5058,'اچ پی ال','یک رو',6,12,994),(5059,'ضخامت','48',4,6,994),(5060,'نوع HPL','آرتا ',16,50,994),(5061,'نوع','مات',14,44,995),(5062,'عرض','60',15,73,995),(5063,'لبه','یک لبه',5,10,995),(5064,'اچ پی ال','یک رو',6,12,995),(5065,'ضخامت','48',4,6,995),(5066,'نوع HPL','آرتا ',16,50,995),(5067,'نوع','مات',14,44,996),(5068,'عرض','60',15,73,996),(5069,'لبه','دو لبه',5,11,996),(5070,'اچ پی ال','یک رو',6,12,996),(5071,'ضخامت','48',4,6,996),(5072,'نوع HPL','آرتا ',16,50,996),(5073,'نوع','مات',14,44,997),(5074,'عرض','60',15,73,997),(5075,'لبه','یک لبه',5,10,997),(5076,'اچ پی ال','یک رو',6,12,997),(5077,'ضخامت','48',4,6,997),(5078,'نوع HPL','آرتا ',16,50,997),(5079,'نوع','مات',14,44,998),(5080,'عرض','60',15,73,998),(5081,'لبه','دو لبه',5,11,998),(5082,'اچ پی ال','یک رو',6,12,998),(5083,'ضخامت','48',4,6,998),(5084,'نوع HPL','وایا',16,49,998),(5085,'نوع','مات',14,44,999),(5086,'عرض','60',15,73,999),(5087,'لبه','دو لبه',5,11,999),(5088,'اچ پی ال','یک رو',6,12,999),(5089,'ضخامت','32',4,5,999),(5090,'نوع HPL','وایا',16,49,999),(5091,'نوع','مات',14,44,1000),(5092,'عرض','60',15,73,1000),(5093,'لبه','دو لبه',5,11,1000),(5094,'اچ پی ال','یک رو',6,12,1000),(5095,'ضخامت','32',4,5,1000),(5096,'نوع HPL','آرتا ',16,50,1000),(5097,'نوع','براق',14,43,1001),(5098,'عرض','75',15,76,1001),(5099,'لبه','دو لبه',5,11,1001),(5100,'اچ پی ال','دو رو',6,13,1001),(5101,'ضخامت','48',4,6,1001),(5102,'نوع HPL','آرتا ',16,50,1001),(5103,'نوع','براق',14,43,1002),(5104,'عرض','75',15,76,1002),(5105,'لبه','دو لبه',5,11,1002),(5106,'اچ پی ال','دو رو',6,13,1002),(5107,'ضخامت','48',4,6,1002),(5108,'نوع HPL','وایا',16,49,1002),(5109,'نوع','براق',14,43,1003),(5110,'عرض','90',15,79,1003),(5111,'لبه','دو لبه',5,11,1003),(5112,'اچ پی ال','دو رو',6,13,1003),(5113,'ضخامت','48',4,6,1003),(5114,'نوع HPL','آرتا ',16,50,1003),(5115,'نوع','براق',14,43,1004),(5116,'عرض','90',15,79,1004),(5117,'لبه','دو لبه',5,11,1004),(5118,'اچ پی ال','دو رو',6,13,1004),(5119,'ضخامت','48',4,6,1004),(5120,'نوع HPL','وایا',16,49,1004),(5121,'نوع','براق',14,43,1005),(5122,'عرض','90',15,79,1005),(5123,'لبه','دو لبه',5,11,1005),(5124,'اچ پی ال','دو رو',6,13,1005),(5125,'ضخامت','48',4,6,1005),(5126,'نوع HPL','وایا',16,49,1005),(5127,'نوع','براق',14,43,1006),(5128,'عرض','60',15,73,1006),(5129,'لبه','دو لبه',5,11,1006),(5130,'اچ پی ال','یک رو',6,12,1006),(5131,'ضخامت','32',4,5,1006),(5132,'نوع HPL','وایا',16,49,1006),(5133,'نوع','مات',14,44,1007),(5134,'عرض','60',15,73,1007),(5135,'لبه','دو لبه',5,11,1007),(5136,'اچ پی ال','یک رو',6,12,1007),(5137,'ضخامت','32',4,5,1007),(5138,'نوع HPL','آرتا ',16,50,1007),(5139,'ضخامت','16',4,37,1008),(5140,'کیفیت','درجه یک',8,38,1008),(5141,'برند','ANG',13,40,1008),(5142,'ضخامت','16',4,37,1009),(5143,'کیفیت','درجه یک',8,38,1009),(5144,'برند','ANG',13,40,1009),(5145,'ضخامت','16',4,37,1010),(5146,'کیفیت','درجه یک',8,38,1010),(5147,'برند','ANG',13,40,1010),(5148,'ضخامت','16',4,37,1011),(5149,'کیفیت','درجه یک',8,38,1011),(5150,'برند','ANG',13,40,1011),(5151,'ضخامت','16',4,37,1012),(5152,'کیفیت','درجه یک',8,38,1012),(5153,'برند','ANG',13,40,1012),(5154,'ضخامت','16',4,37,1013),(5155,'کیفیت','درجه یک',8,38,1013),(5156,'برند','ANG',13,40,1013),(5157,'ضخامت','16',4,37,1014),(5158,'کیفیت','درجه یک',8,38,1014),(5159,'برند','ANG',13,40,1014),(5160,'ضخامت','16',4,37,1015),(5161,'کیفیت','درجه یک',8,38,1015),(5162,'برند','ANG',13,40,1015),(5173,'ضخامت','48',4,6,1017),(5172,'اچ پی ال','دو رو',6,13,1017),(5171,'لبه','دو لبه',5,11,1017),(5170,'عرض','80',15,77,1017),(5169,'نوع','براق',14,43,1017),(5174,'نوع HPL','آرتا ',16,50,1017),(5175,'نوع','براق',14,43,1018),(5176,'عرض','60',15,73,1018),(5177,'لبه','دو لبه',5,11,1018),(5178,'اچ پی ال','یک رو',6,12,1018),(5179,'ضخامت','48',4,6,1018),(5180,'نوع HPL','آرتا ',16,50,1018),(5181,'ضخامت','16',4,37,1019),(5182,'کیفیت','درجه یک',8,38,1019),(5183,'برند','Ecoone',13,41,1019),(5184,'ضخامت','16',4,37,1020),(5185,'کیفیت','درجه یک',8,38,1020),(5186,'برند','Ecoone',13,41,1020),(5187,'ضخامت','16',4,37,1021),(5188,'کیفیت','درجه یک',8,38,1021),(5189,'برند','Ecoone',13,41,1021),(5190,'ضخامت','16',4,37,1022),(5191,'کیفیت','درجه یک',8,38,1022),(5192,'برند','Ecoone',13,41,1022),(5193,'ضخامت','16',4,37,1023),(5194,'کیفیت','درجه یک',8,38,1023),(5195,'برند','Ecoone',13,41,1023),(5196,'ضخامت','16',4,37,1024),(5197,'کیفیت','درجه یک',8,38,1024),(5198,'برند','Ecoone',13,41,1024),(5199,'ضخامت','16',4,37,1025),(5200,'کیفیت','درجه یک',8,38,1025),(5201,'برند','Ecoone',13,41,1025),(5202,'ضخامت','16',4,37,1026),(5203,'کیفیت','درجه یک',8,38,1026),(5204,'برند','Ecoone',13,41,1026),(5205,'ضخامت','16',4,37,1027),(5206,'کیفیت','درجه یک',8,38,1027),(5207,'برند','Ecoone',13,41,1027),(5208,'ضخامت','16',4,37,1028),(5209,'کیفیت','درجه یک',8,38,1028),(5210,'برند','Ecoone',13,41,1028),(5211,'ضخامت','16',4,37,1029),(5212,'کیفیت','درجه یک',8,38,1029),(5213,'برند','Ecoone',13,41,1029),(5214,'ضخامت','16',4,37,1030),(5215,'کیفیت','درجه یک',8,38,1030),(5216,'برند','Ecoone',13,41,1030),(5217,'ضخامت','16',4,37,1031),(5218,'کیفیت','درجه یک',8,38,1031),(5219,'برند','Ecoone',13,41,1031),(5220,'ضخامت','16',4,37,1032),(5221,'کیفیت','درجه یک',8,38,1032),(5222,'برند','Ecoone',13,41,1032),(5223,'ضخامت','16',4,37,1033),(5224,'کیفیت','درجه یک',8,38,1033),(5225,'برند','Ecoone',13,41,1033),(5226,'ضخامت','16',4,37,1034),(5227,'کیفیت','درجه یک',8,38,1034),(5228,'برند','Ecoone',13,41,1034),(5229,'ضخامت','16',4,37,1035),(5230,'کیفیت','درجه یک',8,38,1035),(5231,'برند','Ecoone',13,41,1035),(5232,'ضخامت','16',4,37,1036),(5233,'کیفیت','درجه یک',8,38,1036),(5234,'برند','Ecoone',13,41,1036),(5235,'ضخامت','16',4,37,1037),(5236,'کیفیت','درجه یک',8,38,1037),(5237,'برند','Ecoone',13,41,1037),(5238,'ضخامت','16',4,37,1038),(5239,'کیفیت','درجه یک',8,38,1038),(5240,'برند','Ecoone',13,41,1038),(5241,'ضخامت','16',4,37,1039),(5242,'کیفیت','درجه یک',8,38,1039),(5243,'برند','Ecoone',13,41,1039),(5244,'ضخامت','16',4,37,1040),(5245,'کیفیت','درجه یک',8,38,1040),(5246,'برند','Ecoone',13,41,1040),(5247,'ضخامت','16',4,37,1041),(5248,'کیفیت','درجه یک',8,38,1041),(5249,'برند','Ecoone',13,41,1041),(5250,'ضخامت','16',4,37,1042),(5251,'کیفیت','درجه یک',8,38,1042),(5252,'برند','Ecoone',13,41,1042),(5253,'نوع','براق',14,43,1043),(5254,'عرض','60',15,73,1043),(5255,'لبه','دو لبه',5,11,1043),(5256,'اچ پی ال','یک رو',6,12,1043),(5257,'ضخامت','48',4,6,1043),(5258,'نوع HPL','آرتا ',16,50,1043),(5259,'نوع','براق',14,43,1044),(5260,'عرض','60',15,73,1044),(5261,'لبه','یک لبه',5,10,1044),(5262,'اچ پی ال','یک رو',6,12,1044),(5263,'ضخامت','48',4,6,1044),(5264,'نوع HPL','آرتا ',16,50,1044),(5265,'نوع','براق',14,43,1045),(5266,'عرض','60',15,73,1045),(5267,'لبه','دو لبه',5,11,1045),(5268,'اچ پی ال','یک رو',6,12,1045),(5269,'ضخامت','48',4,6,1045),(5270,'نوع HPL','آرتا ',16,50,1045),(5271,'نوع','براق',14,43,1046),(5272,'عرض','60',15,73,1046),(5273,'لبه','دو لبه',5,11,1046),(5274,'اچ پی ال','یک رو',6,12,1046),(5275,'ضخامت','48',4,6,1046),(5276,'نوع HPL','آرتا ',16,50,1046),(5277,'نوع','براق',14,43,1047),(5278,'عرض','60',15,73,1047),(5279,'لبه','دو لبه',5,11,1047),(5280,'اچ پی ال','یک رو',6,12,1047),(5281,'ضخامت','48',4,6,1047),(5282,'نوع HPL','آرتا ',16,50,1047),(5283,'نوع','براق',14,43,1048),(5284,'عرض','65',15,74,1048),(5285,'لبه','دو لبه',5,11,1048),(5286,'اچ پی ال','یک رو',6,12,1048),(5287,'ضخامت','48',4,6,1048),(5288,'نوع HPL','آرتا ',16,50,1048),(5289,'نوع','مات',14,44,1049),(5290,'عرض','60',15,73,1049),(5291,'لبه','دو لبه',5,11,1049),(5292,'اچ پی ال','یک رو',6,12,1049),(5293,'ضخامت','48',4,6,1049),(5294,'نوع HPL','آرتا ',16,50,1049),(5295,'نوع','مات',14,44,1050),(5296,'عرض','60',15,73,1050),(5297,'لبه','دو لبه',5,11,1050),(5298,'اچ پی ال','یک رو',6,12,1050),(5299,'ضخامت','48',4,6,1050),(5300,'نوع HPL','آرتا ',16,50,1050),(5301,'نوع','براق',14,43,1051),(5302,'عرض','60',15,73,1051),(5303,'لبه','دو لبه',5,11,1051),(5304,'اچ پی ال','یک رو',6,12,1051),(5305,'ضخامت','48',4,6,1051),(5306,'نوع HPL','آرتا ',16,50,1051),(5307,'نوع','براق',14,43,1052),(5308,'عرض','60',15,73,1052),(5309,'لبه','یک لبه',5,10,1052),(5310,'اچ پی ال','یک رو',6,12,1052),(5311,'ضخامت','48',4,6,1052),(5312,'نوع HPL','آرتا ',16,50,1052),(5313,'نوع','مات',14,44,1053),(5314,'عرض','60',15,73,1053),(5315,'لبه','دو لبه',5,11,1053),(5316,'اچ پی ال','یک رو',6,12,1053),(5317,'ضخامت','32',4,5,1053),(5318,'نوع HPL','وایا',16,49,1053),(5319,'نوع','براق',14,43,1054),(5320,'عرض','75',15,76,1054),(5321,'لبه','دو لبه',5,11,1054),(5322,'اچ پی ال','دو رو',6,13,1054),(5323,'ضخامت','48',4,6,1054),(5324,'نوع HPL','وایا',16,49,1054),(5325,'نوع','براق',14,43,1055),(5326,'عرض','90',15,79,1055),(5327,'لبه','دو لبه',5,11,1055),(5328,'اچ پی ال','دو رو',6,13,1055),(5329,'ضخامت','48',4,6,1055),(5330,'نوع HPL','وایا',16,49,1055),(5331,'نوع','مات',14,44,1056),(5332,'عرض','65',15,74,1056),(5333,'لبه','دو لبه',5,11,1056),(5334,'اچ پی ال','یک رو',6,12,1056),(5335,'ضخامت','48',4,6,1056),(5336,'نوع HPL','وایا',16,49,1056),(5337,'نوع','براق',14,43,1057),(5338,'عرض','65',15,74,1057),(5339,'لبه','دو لبه',5,11,1057),(5340,'اچ پی ال','یک رو',6,12,1057),(5341,'ضخامت','48',4,6,1057),(5342,'نوع HPL','وایا',16,49,1057),(5343,'نوع','مات',14,44,1058),(5344,'عرض','60',15,73,1058),(5345,'لبه','دو لبه',5,11,1058),(5346,'اچ پی ال','یک رو',6,12,1058),(5347,'ضخامت','48',4,6,1058),(5348,'نوع HPL','آرتا ',16,50,1058),(5349,'نوع','مات',14,44,1059),(5350,'عرض','60',15,73,1059),(5351,'لبه','یک لبه',5,10,1059),(5352,'اچ پی ال','یک رو',6,12,1059),(5353,'ضخامت','48',4,6,1059),(5354,'نوع HPL','آرتا ',16,50,1059),(5355,'نوع','براق',14,43,1060),(5356,'عرض','60',15,73,1060),(5357,'لبه','دو لبه',5,11,1060),(5358,'اچ پی ال','یک رو',6,12,1060),(5359,'ضخامت','48',4,6,1060),(5360,'نوع HPL','آرتا ',16,50,1060),(5361,'نوع','براق',14,43,1061),(5362,'عرض','60',15,73,1061),(5363,'لبه','یک لبه',5,10,1061),(5364,'اچ پی ال','یک رو',6,12,1061),(5365,'ضخامت','48',4,6,1061),(5366,'نوع HPL','آرتا ',16,50,1061),(5367,'نوع','براق',14,43,1062),(5368,'عرض','65',15,74,1062),(5369,'لبه','دو لبه',5,11,1062),(5370,'اچ پی ال','یک رو',6,12,1062),(5371,'ضخامت','48',4,6,1062),(5372,'نوع HPL','آرتا ',16,50,1062),(5373,'نوع','براق',14,43,1063),(5374,'عرض','90',15,79,1063),(5375,'لبه','دو لبه',5,11,1063),(5376,'اچ پی ال','دو رو',6,13,1063),(5377,'ضخامت','48',4,6,1063),(5378,'نوع HPL','آرتا ',16,50,1063),(5379,'نوع','مات',14,44,1064),(5380,'عرض','60',15,73,1064),(5381,'لبه','دو لبه',5,11,1064),(5382,'اچ پی ال','یک رو',6,12,1064),(5383,'ضخامت','48',4,6,1064),(5384,'نوع HPL','آرتا ',16,50,1064),(5385,'نوع','مات',14,44,1065),(5386,'عرض','60',15,73,1065),(5387,'لبه','دو لبه',5,11,1065),(5388,'اچ پی ال','یک رو',6,12,1065),(5389,'ضخامت','32',4,5,1065),(5390,'نوع HPL','آرتا ',16,50,1065),(5391,'نوع','براق',14,43,1066),(5392,'عرض','60',15,73,1066),(5393,'لبه','دو لبه',5,11,1066),(5394,'اچ پی ال','یک رو',6,12,1066),(5395,'ضخامت','32',4,5,1066),(5396,'نوع HPL','آرتا ',16,50,1066),(5397,'نوع','مات',14,44,1067),(5398,'عرض','60',15,73,1067),(5399,'لبه','دو لبه',5,11,1067),(5400,'اچ پی ال','یک رو',6,12,1067),(5401,'ضخامت','32',4,5,1067),(5402,'نوع HPL','آرتا ',16,50,1067),(5403,'ضخامت','16',4,37,1068),(5404,'کیفیت','درجه یک',8,38,1068),(5405,'برند','Ecoone',13,41,1068),(5406,'ضخامت','16',4,37,1069),(5407,'کیفیت','درجه یک',8,38,1069),(5408,'برند','Ecoone',13,41,1069),(5409,'ضخامت','16',4,37,1070),(5410,'کیفیت','درجه یک',8,38,1070),(5411,'برند','Ecoone',13,41,1070),(5412,'ضخامت','16',4,37,1071),(5413,'کیفیت','درجه یک',8,38,1071),(5414,'برند','Ecoone',13,41,1071),(5415,'ضخامت','16',4,37,1072),(5416,'کیفیت','درجه یک',8,38,1072),(5417,'برند','Ecoone',13,41,1072),(5418,'ضخامت','16',4,37,1073),(5419,'کیفیت','درجه یک',8,38,1073),(5420,'برند','Ecoone',13,41,1073),(5421,'ضخامت','16',4,37,1074),(5422,'کیفیت','درجه یک',8,38,1074),(5423,'برند','Ecoone',13,41,1074),(5424,'ضخامت','16',4,37,1075),(5425,'کیفیت','درجه یک',8,38,1075),(5426,'برند','Ecoone',13,41,1075),(5427,'ضخامت','16',4,37,1076),(5428,'کیفیت','درجه یک',8,38,1076),(5429,'برند','Ecoone',13,41,1076),(5430,'ضخامت','16',4,37,1077),(5431,'کیفیت','درجه یک',8,38,1077),(5432,'برند','Ecoone',13,41,1077),(5433,'ضخامت','16',4,37,1078),(5434,'کیفیت','درجه یک',8,38,1078),(5435,'برند','Ecoone',13,41,1078),(5436,'ضخامت','16',4,37,1079),(5437,'کیفیت','درجه یک',8,38,1079),(5438,'برند','Zirve',13,42,1079),(5439,'ضخامت','16',4,37,1080),(5440,'کیفیت','درجه یک',8,38,1080),(5441,'برند','ANG',13,40,1080),(5442,'ضخامت','16',4,37,1081),(5443,'کیفیت','درجه یک',8,38,1081),(5444,'برند','Ecoone',13,41,1081),(5445,'ضخامت','16',4,37,1082),(5446,'کیفیت','درجه یک',8,38,1082),(5447,'برند','Ecoone',13,41,1082),(5448,'ضخامت','16',4,37,1083),(5449,'کیفیت','درجه یک',8,38,1083),(5450,'برند','Ecoone',13,41,1083),(5451,'ضخامت','16',4,37,1084),(5452,'کیفیت','درجه یک',8,38,1084),(5453,'برند','Ecoone',13,41,1084),(5454,'ضخامت','16',4,37,1085),(5455,'کیفیت','درجه یک',8,38,1085),(5456,'برند','Ecoone',13,41,1085),(5457,'ضخامت','16',4,37,1086),(5458,'کیفیت','درجه یک',8,38,1086),(5459,'برند','Ecoone',13,41,1086),(5460,'ضخامت','16',4,37,1087),(5461,'کیفیت','درجه یک',8,38,1087),(5462,'برند','ANG',13,40,1087),(5463,'ضخامت','16',4,37,1088),(5464,'کیفیت','درجه یک',8,38,1088),(5465,'برند','ANG',13,40,1088),(5466,'ضخامت','16',4,37,1089),(5467,'کیفیت','درجه یک',8,38,1089),(5468,'برند','ANG',13,40,1089),(5469,'ضخامت','16',4,37,1090),(5470,'کیفیت','درجه یک',8,38,1090),(5471,'برند','ANG',13,40,1090),(5472,'ضخامت','16',4,37,1091),(5473,'کیفیت','درجه یک',8,38,1091),(5474,'برند','ANG',13,40,1091),(5475,'ضخامت','16',4,37,1092),(5476,'کیفیت','درجه یک',8,38,1092),(5477,'برند','ANG',13,40,1092),(5478,'ضخامت','16',4,37,1093),(5479,'کیفیت','درجه یک',8,38,1093),(5480,'برند','ANG',13,40,1093),(5481,'ضخامت','16',4,37,1094),(5482,'کیفیت','درجه یک',8,38,1094),(5483,'برند','ANG',13,40,1094),(5484,'ضخامت','16',4,37,1095),(5485,'کیفیت','درجه یک',8,38,1095),(5486,'برند','ANG',13,40,1095),(5487,'ضخامت','16',4,37,1096),(5488,'کیفیت','درجه یک',8,38,1096),(5489,'برند','Ecoone',13,41,1096),(5490,'ضخامت','16',4,37,1097),(5491,'کیفیت','درجه یک',8,38,1097),(5492,'برند','Ecoone',13,41,1097),(5493,'ضخامت','16',4,37,1098),(5494,'کیفیت','درجه یک',8,38,1098),(5495,'برند','Ecoone',13,41,1098),(5496,'ضخامت','16',4,37,1099),(5497,'کیفیت','درجه یک',8,38,1099),(5498,'برند','Ecoone',13,41,1099),(5499,'ضخامت','16',4,37,1100),(5500,'کیفیت','درجه یک',8,38,1100),(5501,'برند','Ecoone',13,41,1100),(5502,'ضخامت','16',4,37,1101),(5503,'کیفیت','درجه یک',8,38,1101),(5504,'برند','ANG',13,40,1101),(5505,'نوع','براق',14,43,1102),(5506,'عرض','60',15,73,1102),(5507,'لبه','دو لبه',5,11,1102),(5508,'اچ پی ال','یک رو',6,12,1102),(5509,'ضخامت','48',4,6,1102),(5510,'نوع HPL','وایا',16,49,1102),(5511,'نوع','براق',14,43,1103),(5512,'عرض','60',15,73,1103),(5513,'لبه','دو لبه',5,11,1103),(5514,'اچ پی ال','یک رو',6,12,1103),(5515,'ضخامت','48',4,6,1103),(5516,'نوع HPL','آرتا ',16,50,1103),(5517,'نوع','براق',14,43,1104),(5518,'عرض','60',15,73,1104),(5519,'لبه','دو لبه',5,11,1104),(5520,'اچ پی ال','یک رو',6,12,1104),(5521,'ضخامت','48',4,6,1104),(5522,'نوع HPL','آرتا ',16,50,1104),(5523,'نوع','براق',14,43,1105),(5524,'عرض','60',15,73,1105),(5525,'لبه','یک لبه',5,10,1105),(5526,'اچ پی ال','یک رو',6,12,1105),(5527,'ضخامت','48',4,6,1105),(5528,'نوع HPL','آرتا ',16,50,1105),(5529,'نوع','براق',14,43,1106),(5530,'عرض','60',15,73,1106),(5531,'لبه','دو لبه',5,11,1106),(5532,'اچ پی ال','یک رو',6,12,1106),(5533,'ضخامت','48',4,6,1106),(5534,'نوع HPL','آرتا ',16,50,1106),(5535,'نوع','براق',14,43,1107),(5536,'عرض','60',15,73,1107),(5537,'لبه','یک لبه',5,10,1107),(5538,'اچ پی ال','یک رو',6,12,1107),(5539,'ضخامت','48',4,6,1107),(5540,'نوع HPL','آرتا ',16,50,1107),(5541,'نوع','براق',14,43,1108),(5542,'عرض','60',15,73,1108),(5543,'لبه','دو لبه',5,11,1108),(5544,'اچ پی ال','یک رو',6,12,1108),(5545,'ضخامت','48',4,6,1108),(5546,'نوع HPL','وایا',16,49,1108),(5547,'نوع','براق',14,43,1109),(5548,'عرض','60',15,73,1109),(5549,'لبه','دو لبه',5,11,1109),(5550,'اچ پی ال','یک رو',6,12,1109),(5551,'ضخامت','32',4,5,1109),(5552,'نوع HPL','آرتا ',16,50,1109),(5553,'نوع','براق',14,43,1110),(5554,'عرض','60',15,73,1110),(5555,'لبه','دو لبه',5,11,1110),(5556,'اچ پی ال','یک رو',6,12,1110),(5557,'ضخامت','48',4,6,1110),(5558,'نوع HPL','آرتا ',16,50,1110),(5559,'نوع','براق',14,43,1111),(5560,'عرض','60',15,73,1111),(5561,'لبه','یک لبه',5,10,1111),(5562,'اچ پی ال','یک رو',6,12,1111),(5563,'ضخامت','48',4,6,1111),(5564,'نوع HPL','آرتا ',16,50,1111),(5565,'نوع','براق',14,43,1112),(5566,'عرض','60',15,73,1112),(5567,'لبه','دو لبه',5,11,1112),(5568,'اچ پی ال','یک رو',6,12,1112),(5569,'ضخامت','32',4,5,1112),(5570,'نوع HPL','آرتا ',16,50,1112),(5571,'نوع','براق',14,43,1113),(5572,'عرض','60',15,73,1113),(5573,'لبه','دو لبه',5,11,1113),(5574,'اچ پی ال','یک رو',6,12,1113),(5575,'ضخامت','48',4,6,1113),(5576,'نوع HPL','آرتا ',16,50,1113),(5577,'نوع','براق',14,43,1114),(5578,'عرض','60',15,73,1114),(5579,'لبه','یک لبه',5,10,1114),(5580,'اچ پی ال','یک رو',6,12,1114),(5581,'ضخامت','48',4,6,1114),(5582,'نوع HPL','آرتا ',16,50,1114),(5583,'نوع','براق',14,43,1115),(5584,'عرض','60',15,73,1115),(5585,'لبه','دو لبه',5,11,1115),(5586,'اچ پی ال','یک رو',6,12,1115),(5587,'ضخامت','32',4,5,1115),(5588,'نوع HPL','وایا',16,49,1115),(5589,'نوع','براق',14,43,1116),(5590,'عرض','60',15,73,1116),(5591,'لبه','دو لبه',5,11,1116),(5592,'اچ پی ال','یک رو',6,12,1116),(5593,'ضخامت','48',4,6,1116),(5594,'نوع HPL','وایا',16,49,1116),(5595,'نوع','براق',14,43,1117),(5596,'عرض','60',15,73,1117),(5597,'لبه','دو لبه',5,11,1117),(5598,'اچ پی ال','یک رو',6,12,1117),(5599,'ضخامت','32',4,5,1117),(5600,'نوع HPL','آرتا ',16,50,1117),(5601,'نوع','براق',14,43,1118),(5602,'عرض','60',15,73,1118),(5603,'لبه','دو لبه',5,11,1118),(5604,'اچ پی ال','یک رو',6,12,1118),(5605,'ضخامت','48',4,6,1118),(5606,'نوع HPL','آرتا ',16,50,1118),(5607,'نوع','براق',14,43,1119),(5608,'عرض','60',15,73,1119),(5609,'لبه','یک لبه',5,10,1119),(5610,'اچ پی ال','یک رو',6,12,1119),(5611,'ضخامت','48',4,6,1119),(5612,'نوع HPL','آرتا ',16,50,1119),(5613,'نوع','براق',14,43,1120),(5614,'عرض','60',15,73,1120),(5615,'لبه','دو لبه',5,11,1120),(5616,'اچ پی ال','یک رو',6,12,1120),(5617,'ضخامت','48',4,6,1120),(5618,'نوع HPL','آرتا ',16,50,1120),(5619,'نوع','براق',14,43,1121),(5620,'عرض','90',15,79,1121),(5621,'لبه','دو لبه',5,11,1121),(5622,'اچ پی ال','دو رو',6,13,1121),(5623,'ضخامت','48',4,6,1121),(5624,'نوع HPL','وایا',16,49,1121),(5625,'نوع','براق',14,43,1122),(5626,'عرض','90',15,79,1122),(5627,'لبه','دو لبه',5,11,1122),(5628,'اچ پی ال','دو رو',6,13,1122),(5629,'ضخامت','48',4,6,1122),(5630,'نوع HPL','وایا',16,49,1122),(5631,'ضخامت','16',4,37,1123),(5632,'کیفیت','درجه یک',8,38,1123),(5633,'برند','ANG',13,40,1123),(5634,'نوع','براق',14,43,1124),(5635,'عرض','60',15,73,1124),(5636,'لبه','دو لبه',5,11,1124),(5637,'اچ پی ال','یک رو',6,12,1124),(5638,'ضخامت','48',4,6,1124),(5639,'نوع HPL','آرتا ',16,50,1124),(5640,'نوع','براق',14,43,1125),(5641,'عرض','60',15,73,1125),(5642,'لبه','دو لبه',5,11,1125),(5643,'اچ پی ال','یک رو',6,12,1125),(5644,'ضخامت','48',4,6,1125),(5645,'نوع HPL','آرتا ',16,50,1125),(5646,'نوع','براق',14,43,1126),(5647,'عرض','60',15,73,1126),(5648,'لبه','یک لبه',5,10,1126),(5649,'اچ پی ال','یک رو',6,12,1126),(5650,'ضخامت','48',4,6,1126),(5651,'نوع HPL','آرتا ',16,50,1126),(5652,'نوع','مات',14,44,1127),(5653,'عرض','60',15,73,1127),(5654,'لبه','دو لبه',5,11,1127),(5655,'اچ پی ال','یک رو',6,12,1127),(5656,'ضخامت','48',4,6,1127),(5657,'نوع HPL','آرتا ',16,50,1127),(5658,'نوع','مات',14,44,1128),(5659,'عرض','60',15,73,1128),(5660,'لبه','یک لبه',5,10,1128),(5661,'اچ پی ال','یک رو',6,12,1128),(5662,'ضخامت','48',4,6,1128),(5663,'نوع HPL','آرتا ',16,50,1128),(5664,'نوع','براق',14,43,1129),(5665,'عرض','60',15,73,1129),(5666,'لبه','دو لبه',5,11,1129),(5667,'اچ پی ال','یک رو',6,12,1129),(5668,'ضخامت','48',4,6,1129),(5669,'نوع HPL','آرتا ',16,50,1129),(5670,'نوع','براق',14,43,1130),(5671,'عرض','60',15,73,1130),(5672,'لبه','یک لبه',5,10,1130),(5673,'اچ پی ال','یک رو',6,12,1130),(5674,'ضخامت','48',4,6,1130),(5675,'نوع HPL','آرتا ',16,50,1130),(5676,'نوع','براق',14,43,1131),(5677,'عرض','60',15,73,1131),(5678,'لبه','دو لبه',5,11,1131),(5679,'اچ پی ال','یک رو',6,12,1131),(5680,'ضخامت','48',4,6,1131),(5681,'نوع HPL','وایا',16,49,1131),(5682,'نوع','مات',14,44,1132),(5683,'عرض','60',15,73,1132),(5684,'لبه','دو لبه',5,11,1132),(5685,'اچ پی ال','یک رو',6,12,1132),(5686,'ضخامت','48',4,6,1132),(5687,'نوع HPL','وایا',16,49,1132),(5688,'نوع','براق',14,43,1133),(5689,'عرض','60',15,73,1133),(5690,'لبه','دو لبه',5,11,1133),(5691,'اچ پی ال','یک رو',6,12,1133),(5692,'ضخامت','48',4,6,1133),(5693,'نوع HPL','آرتا ',16,50,1133),(5694,'نوع','مات',14,44,1134),(5695,'عرض','60',15,73,1134),(5696,'لبه','دو لبه',5,11,1134),(5697,'اچ پی ال','یک رو',6,12,1134),(5698,'ضخامت','48',4,6,1134),(5699,'نوع HPL','آرتا ',16,50,1134),(5700,'نوع','مات',14,44,1135),(5701,'عرض','60',15,73,1135),(5702,'لبه','دو لبه',5,11,1135),(5703,'اچ پی ال','یک رو',6,12,1135),(5704,'ضخامت','48',4,6,1135),(5705,'نوع HPL','آرتا ',16,50,1135),(5706,'نوع','مات',14,44,1136),(5707,'عرض','60',15,73,1136),(5708,'لبه','دو لبه',5,11,1136),(5709,'اچ پی ال','یک رو',6,12,1136),(5710,'ضخامت','32',4,5,1136),(5711,'نوع HPL','آرتا ',16,50,1136),(5712,'ضخامت','16',4,37,1137),(5713,'کیفیت','درجه یک',8,38,1137),(5714,'برند','Ecoone',13,41,1137),(5715,'ضخامت','16',4,37,1138),(5716,'کیفیت','درجه یک',8,38,1138),(5717,'برند','Ecoone',13,41,1138),(5718,'نوع','مات',14,44,1139),(5719,'عرض','70',15,75,1139),(5720,'لبه','دو لبه',5,11,1139),(5721,'اچ پی ال','دو رو',6,13,1139),(5722,'ضخامت','48',4,6,1139),(5723,'نوع HPL','آرتا ',16,50,1139),(5724,'نوع','براق',14,43,1140),(5725,'عرض','60',15,73,1140),(5726,'لبه','دو لبه',5,11,1140),(5727,'اچ پی ال','یک رو',6,12,1140),(5728,'ضخامت','48',4,6,1140),(5729,'نوع HPL','آرتا ',16,50,1140),(5730,'نوع','براق',14,43,1141),(5731,'عرض','60',15,73,1141),(5732,'لبه','یک لبه',5,10,1141),(5733,'اچ پی ال','دو رو',6,13,1141),(5734,'ضخامت','48',4,6,1141),(5735,'نوع HPL','آرتا ',16,50,1141),(5736,'نوع','براق',14,43,1142),(5737,'عرض','60',15,73,1142),(5738,'لبه','دو لبه',5,11,1142),(5739,'اچ پی ال','یک رو',6,12,1142),(5740,'ضخامت','48',4,6,1142),(5741,'نوع HPL','آرتا ',16,50,1142),(5742,'نوع','براق',14,43,1143),(5743,'عرض','60',15,73,1143),(5744,'لبه','دو لبه',5,11,1143),(5745,'اچ پی ال','یک رو',6,12,1143),(5746,'ضخامت','48',4,6,1143),(5747,'نوع HPL','آرتا ',16,50,1143),(5748,'نوع','براق',14,43,1144),(5749,'عرض','60',15,73,1144),(5750,'لبه','دو لبه',5,11,1144),(5751,'اچ پی ال','یک رو',6,12,1144),(5752,'ضخامت','48',4,6,1144),(5753,'نوع HPL','آرتا ',16,50,1144),(5754,'نوع','براق',14,43,1145),(5755,'عرض','65',15,74,1145),(5756,'لبه','دو لبه',5,11,1145),(5757,'اچ پی ال','یک رو',6,12,1145),(5758,'ضخامت','48',4,6,1145),(5759,'نوع HPL','آرتا ',16,50,1145),(5760,'نوع','مات',14,44,1146),(5761,'عرض','60',15,73,1146),(5762,'لبه','دو لبه',5,11,1146),(5763,'اچ پی ال','یک رو',6,12,1146),(5764,'ضخامت','48',4,6,1146),(5765,'نوع HPL','آرتا ',16,50,1146),(5766,'نوع','مات',14,44,1147),(5767,'عرض','60',15,73,1147),(5768,'لبه','دو لبه',5,11,1147),(5769,'اچ پی ال','یک رو',6,12,1147),(5770,'ضخامت','32',4,5,1147),(5771,'نوع HPL','آرتا ',16,50,1147),(5772,'نوع','براق',14,43,1148),(5773,'عرض','60',15,73,1148),(5774,'لبه','دو لبه',5,11,1148),(5775,'اچ پی ال','یک رو',6,12,1148),(5776,'ضخامت','32',4,5,1148),(5777,'نوع HPL','آرتا ',16,50,1148),(5778,'ضخامت','16',4,37,1149),(5779,'کیفیت','درجه یک',8,38,1149),(5780,'برند','ANG',13,40,1149),(5781,'ضخامت','16',4,37,1150),(5782,'کیفیت','درجه یک',8,38,1150),(5783,'برند','ANG',13,40,1150),(5784,'نوع','براق',14,43,1151),(5785,'عرض','60',15,73,1151),(5786,'لبه','دو لبه',5,11,1151),(5787,'اچ پی ال','یک رو',6,12,1151),(5788,'ضخامت','48',4,6,1151),(5789,'نوع HPL','وایا',16,49,1151),(5790,'نوع','براق',14,43,1152),(5791,'عرض','60',15,73,1152),(5792,'لبه','دو لبه',5,11,1152),(5793,'اچ پی ال','یک رو',6,12,1152),(5794,'ضخامت','48',4,6,1152),(5795,'نوع HPL','آرتا ',16,50,1152),(5796,'نوع','براق',14,43,1153),(5797,'عرض','60',15,73,1153),(5798,'لبه','دو لبه',5,11,1153),(5799,'اچ پی ال','یک رو',6,12,1153),(5800,'ضخامت','48',4,6,1153),(5801,'نوع HPL','وایا',16,49,1153),(5802,'نوع','براق',14,43,1154),(5803,'عرض','60',15,73,1154),(5804,'لبه','دو لبه',5,11,1154),(5805,'اچ پی ال','یک رو',6,12,1154),(5806,'ضخامت','48',4,6,1154),(5807,'نوع HPL','آرتا ',16,50,1154),(5808,'نوع','براق',14,43,1155),(5809,'عرض','60',15,73,1155),(5810,'لبه','دو لبه',5,11,1155),(5811,'اچ پی ال','یک رو',6,12,1155),(5812,'ضخامت','48',4,6,1155),(5813,'نوع HPL','آرتا ',16,50,1155),(5814,'نوع','براق',14,43,1156),(5815,'عرض','60',15,73,1156),(5816,'لبه','دو لبه',5,11,1156),(5817,'اچ پی ال','یک رو',6,12,1156),(5818,'ضخامت','48',4,6,1156),(5819,'نوع HPL','آرتا ',16,50,1156),(5820,'نوع','مات',14,44,1157),(5821,'عرض','60',15,73,1157),(5822,'لبه','دو لبه',5,11,1157),(5823,'اچ پی ال','یک رو',6,12,1157),(5824,'ضخامت','48',4,6,1157),(5825,'نوع HPL','آرتا ',16,50,1157),(5826,'نوع','براق',14,43,1158),(5827,'عرض','60',15,73,1158),(5828,'لبه','دو لبه',5,11,1158),(5829,'اچ پی ال','یک رو',6,12,1158),(5830,'ضخامت','32',4,5,1158),(5831,'نوع HPL','آرتا ',16,50,1158),(5832,'نوع','براق',14,43,1159),(5833,'عرض','60',15,73,1159),(5834,'لبه','دو لبه',5,11,1159),(5835,'اچ پی ال','یک رو',6,12,1159),(5836,'ضخامت','32',4,5,1159),(5837,'نوع HPL','وایا',16,49,1159),(5838,'نوع','براق',14,43,1160),(5839,'عرض','60',15,73,1160),(5840,'لبه','دو لبه',5,11,1160),(5841,'اچ پی ال','یک رو',6,12,1160),(5842,'ضخامت','32',4,5,1160),(5843,'نوع HPL','آرتا ',16,50,1160),(5844,'نوع','مات',14,44,1161),(5845,'عرض','60',15,73,1161),(5846,'لبه','دو لبه',5,11,1161),(5847,'اچ پی ال','یک رو',6,12,1161),(5848,'ضخامت','32',4,5,1161),(5849,'نوع HPL','آرتا ',16,50,1161),(5850,'نوع','براق',14,43,1162),(5851,'عرض','60',15,73,1162),(5852,'لبه','دو لبه',5,11,1162),(5853,'اچ پی ال','یک رو',6,12,1162),(5854,'ضخامت','48',4,6,1162),(5855,'نوع HPL','وایا',16,49,1162),(5856,'نوع','براق',14,43,1163),(5857,'عرض','60',15,73,1163),(5858,'لبه','یک لبه',5,10,1163),(5859,'اچ پی ال','یک رو',6,12,1163),(5860,'ضخامت','48',4,6,1163),(5861,'نوع HPL','وایا',16,49,1163),(5862,'نوع','براق',14,43,1164),(5863,'عرض','60',15,73,1164),(5864,'لبه','دو لبه',5,11,1164),(5865,'اچ پی ال','یک رو',6,12,1164),(5866,'ضخامت','48',4,6,1164),(5867,'نوع HPL','آرتا ',16,50,1164),(5868,'نوع','براق',14,43,1165),(5869,'عرض','60',15,73,1165),(5870,'لبه','یک لبه',5,10,1165),(5871,'اچ پی ال','یک رو',6,12,1165),(5872,'ضخامت','48',4,6,1165),(5873,'نوع HPL','آرتا ',16,50,1165),(5874,'نوع','براق',14,43,1166),(5875,'عرض','60',15,73,1166),(5876,'لبه','دو لبه',5,11,1166),(5877,'اچ پی ال','یک رو',6,12,1166),(5878,'ضخامت','48',4,6,1166),(5879,'نوع HPL','وایا',16,49,1166),(5880,'نوع','براق',14,43,1167),(5881,'عرض','60',15,73,1167),(5882,'لبه','دو لبه',5,11,1167),(5883,'اچ پی ال','یک رو',6,12,1167),(5884,'ضخامت','48',4,6,1167),(5885,'نوع HPL','آرتا ',16,50,1167),(5886,'نوع','براق',14,43,1168),(5887,'عرض','60',15,73,1168),(5888,'لبه','یک لبه',5,10,1168),(5889,'اچ پی ال','یک رو',6,12,1168),(5890,'ضخامت','48',4,6,1168),(5891,'نوع HPL','آرتا ',16,50,1168),(5892,'نوع','براق',14,43,1169),(5893,'عرض','60',15,73,1169),(5894,'لبه','دو لبه',5,11,1169),(5895,'اچ پی ال','یک رو',6,12,1169),(5896,'ضخامت','48',4,6,1169),(5897,'نوع HPL','آرتا ',16,50,1169),(5898,'نوع','براق',14,43,1170),(5899,'عرض','60',15,73,1170),(5900,'لبه','یک لبه',5,10,1170),(5901,'اچ پی ال','یک رو',6,12,1170),(5902,'ضخامت','48',4,6,1170),(5903,'نوع HPL','آرتا ',16,50,1170),(5904,'نوع','براق',14,43,1171),(5905,'عرض','60',15,73,1171),(5906,'لبه','دو لبه',5,11,1171),(5907,'اچ پی ال','یک رو',6,12,1171),(5908,'ضخامت','48',4,6,1171),(5909,'نوع HPL','وایا',16,49,1171),(5910,'نوع','براق',14,43,1172),(5911,'عرض','60',15,73,1172),(5912,'لبه','یک لبه',5,10,1172),(5913,'اچ پی ال','یک رو',6,12,1172),(5914,'ضخامت','48',4,6,1172),(5915,'نوع HPL','وایا',16,49,1172),(5916,'نوع','براق',14,43,1173),(5917,'عرض','60',15,73,1173),(5918,'لبه','دو لبه',5,11,1173),(5919,'اچ پی ال','یک رو',6,12,1173),(5920,'ضخامت','32',4,5,1173),(5921,'نوع HPL','وایا',16,49,1173),(5922,'نوع','براق',14,43,1174),(5923,'عرض','60',15,73,1174),(5924,'لبه','یک لبه',5,10,1174),(5925,'اچ پی ال','یک رو',6,12,1174),(5926,'ضخامت','32',4,5,1174),(5927,'نوع HPL','وایا',16,49,1174),(5928,'نوع','براق',14,43,1175),(5929,'عرض','60',15,73,1175),(5930,'لبه','دو لبه',5,11,1175),(5931,'اچ پی ال','یک رو',6,12,1175),(5932,'ضخامت','48',4,6,1175),(5933,'نوع HPL','آرتا ',16,50,1175),(5934,'نوع','براق',14,43,1176),(5935,'عرض','60',15,73,1176),(5936,'لبه','یک لبه',5,10,1176),(5937,'اچ پی ال','یک رو',6,12,1176),(5938,'ضخامت','48',4,6,1176),(5939,'نوع HPL','آرتا ',16,50,1176),(5940,'نوع','براق',14,43,1177),(5941,'عرض','60',15,73,1177),(5942,'لبه','دو لبه',5,11,1177),(5943,'اچ پی ال','یک رو',6,12,1177),(5944,'ضخامت','48',4,6,1177),(5945,'نوع HPL','آرتا ',16,50,1177),(5946,'نوع','براق',14,43,1178),(5947,'عرض','60',15,73,1178),(5948,'لبه','دو لبه',5,11,1178),(5949,'اچ پی ال','یک رو',6,12,1178),(5950,'ضخامت','48',4,6,1178),(5951,'نوع HPL','آرتا ',16,50,1178),(5952,'نوع','براق',14,43,1179),(5953,'عرض','60',15,73,1179),(5954,'لبه','یک لبه',5,10,1179),(5955,'اچ پی ال','یک رو',6,12,1179),(5956,'ضخامت','48',4,6,1179),(5957,'نوع HPL','آرتا ',16,50,1179),(5958,'نوع','براق',14,43,1180),(5959,'عرض','60',15,73,1180),(5960,'لبه','دو لبه',5,11,1180),(5961,'اچ پی ال','یک رو',6,12,1180),(5962,'ضخامت','48',4,6,1180),(5963,'نوع HPL','آرتا ',16,50,1180),(5964,'نوع','براق',14,43,1181),(5965,'عرض','60',15,73,1181),(5966,'لبه','دو لبه',5,11,1181),(5967,'اچ پی ال','یک رو',6,12,1181),(5968,'ضخامت','48',4,6,1181),(5969,'نوع HPL','آرتا ',16,50,1181),(5970,'نوع','براق',14,43,1182),(5971,'عرض','60',15,73,1182),(5972,'لبه','دو لبه',5,11,1182),(5973,'اچ پی ال','یک رو',6,12,1182),(5974,'ضخامت','48',4,6,1182),(5975,'نوع HPL','آرتا ',16,50,1182),(5976,'نوع','مات',14,44,1183),(5977,'عرض','60',15,73,1183),(5978,'لبه','دو لبه',5,11,1183),(5979,'اچ پی ال','یک رو',6,12,1183),(5980,'ضخامت','48',4,6,1183),(5981,'نوع HPL','آرتا ',16,50,1183),(5982,'نوع','براق',14,43,1184),(5983,'عرض','60',15,73,1184),(5984,'لبه','دو لبه',5,11,1184),(5985,'اچ پی ال','یک رو',6,12,1184),(5986,'ضخامت','32',4,5,1184),(5987,'نوع HPL','آرتا ',16,50,1184),(5988,'نوع','براق',14,43,1185),(5989,'عرض','60',15,73,1185),(5990,'لبه','دو لبه',5,11,1185),(5991,'اچ پی ال','یک رو',6,12,1185),(5992,'ضخامت','32',4,5,1185),(5993,'نوع HPL','آرتا ',16,50,1185),(5994,'نوع','براق',14,43,1186),(5995,'عرض','60',15,73,1186),(5996,'لبه','دو لبه',5,11,1186),(5997,'اچ پی ال','یک رو',6,12,1186),(5998,'ضخامت','32',4,5,1186),(5999,'نوع HPL','آرتا ',16,50,1186),(6000,'نوع','براق',14,43,1187),(6001,'عرض','60',15,73,1187),(6002,'لبه','دو لبه',5,11,1187),(6003,'اچ پی ال','یک رو',6,12,1187),(6004,'ضخامت','48',4,6,1187),(6005,'نوع HPL','وایا',16,49,1187),(6006,'نوع','مات',14,44,1188),(6007,'عرض','60',15,73,1188),(6008,'لبه','دو لبه',5,11,1188),(6009,'اچ پی ال','یک رو',6,12,1188),(6010,'ضخامت','48',4,6,1188),(6011,'نوع HPL','آرتا ',16,50,1188),(6012,'نوع','مات',14,44,1189),(6013,'عرض','60',15,73,1189),(6014,'لبه','یک لبه',5,10,1189),(6015,'اچ پی ال','یک رو',6,12,1189),(6016,'ضخامت','48',4,6,1189),(6017,'نوع HPL','آرتا ',16,50,1189),(6018,'نوع','براق',14,43,1190),(6019,'عرض','60',15,73,1190),(6020,'لبه','دو لبه',5,11,1190),(6021,'اچ پی ال','یک رو',6,12,1190),(6022,'ضخامت','48',4,6,1190),(6023,'نوع HPL','آرتا ',16,50,1190),(6024,'نوع','براق',14,43,1191),(6025,'عرض','60',15,73,1191),(6026,'لبه','یک لبه',5,10,1191),(6027,'اچ پی ال','یک رو',6,12,1191),(6028,'ضخامت','48',4,6,1191),(6029,'نوع HPL','آرتا ',16,50,1191),(6030,'نوع','براق',14,43,1192),(6031,'عرض','60',15,73,1192),(6032,'لبه','دو لبه',5,11,1192),(6033,'اچ پی ال','یک رو',6,12,1192),(6034,'ضخامت','48',4,6,1192),(6035,'نوع HPL','آرتا ',16,50,1192),(6036,'نوع','براق',14,43,1193),(6037,'عرض','60',15,73,1193),(6038,'لبه','یک لبه',5,10,1193),(6039,'اچ پی ال','یک رو',6,12,1193),(6040,'ضخامت','48',4,6,1193),(6041,'نوع HPL','آرتا ',16,50,1193),(6042,'نوع','براق',14,43,1194),(6043,'عرض','60',15,73,1194),(6044,'لبه','دو لبه',5,11,1194),(6045,'اچ پی ال','یک رو',6,12,1194),(6046,'ضخامت','48',4,6,1194),(6047,'نوع HPL','آرتا ',16,50,1194),(6048,'نوع','براق',14,43,1195),(6049,'عرض','60',15,73,1195),(6050,'لبه','یک لبه',5,10,1195),(6051,'اچ پی ال','یک رو',6,12,1195),(6052,'ضخامت','48',4,6,1195),(6053,'نوع HPL','آرتا ',16,50,1195),(6054,'نوع','براق',14,43,1196),(6055,'عرض','60',15,73,1196),(6056,'لبه','دو لبه',5,11,1196),(6057,'اچ پی ال','یک رو',6,12,1196),(6058,'ضخامت','48',4,6,1196),(6059,'نوع HPL','وایا',16,49,1196),(6060,'نوع','براق',14,43,1197),(6061,'عرض','60',15,73,1197),(6062,'لبه','دو لبه',5,11,1197),(6063,'اچ پی ال','یک رو',6,12,1197),(6064,'ضخامت','48',4,6,1197),(6065,'نوع HPL','آرتا ',16,50,1197),(6066,'نوع','براق',14,43,1198),(6067,'عرض','60',15,73,1198),(6068,'لبه','یک لبه',5,10,1198),(6069,'اچ پی ال','یک رو',6,12,1198),(6070,'ضخامت','48',4,6,1198),(6071,'نوع HPL','آرتا ',16,50,1198),(6072,'نوع','براق',14,43,1199),(6073,'عرض','60',15,73,1199),(6074,'لبه','دو لبه',5,11,1199),(6075,'اچ پی ال','یک رو',6,12,1199),(6076,'ضخامت','48',4,6,1199),(6077,'نوع HPL','آرتا ',16,50,1199),(6078,'نوع','مات',14,44,1200),(6079,'عرض','60',15,73,1200),(6080,'لبه','دو لبه',5,11,1200),(6081,'اچ پی ال','یک رو',6,12,1200),(6082,'ضخامت','32',4,5,1200),(6083,'نوع HPL','آرتا ',16,50,1200),(6084,'نوع','مات',14,44,1201),(6085,'عرض','60',15,73,1201),(6086,'لبه','دو لبه',5,11,1201),(6087,'اچ پی ال','یک رو',6,12,1201),(6088,'ضخامت','32',4,5,1201),(6089,'نوع HPL','آرتا ',16,50,1201),(6090,'نوع','براق',14,43,1202),(6091,'عرض','75',15,76,1202),(6092,'لبه','دو لبه',5,11,1202),(6093,'اچ پی ال','دو رو',6,13,1202),(6094,'ضخامت','48',4,6,1202),(6095,'نوع HPL','آرتا ',16,50,1202),(6096,'نوع','براق',14,43,1203),(6097,'عرض','75',15,76,1203),(6098,'لبه','دو لبه',5,11,1203),(6099,'اچ پی ال','دو رو',6,13,1203),(6100,'ضخامت','48',4,6,1203),(6101,'نوع HPL','آرتا ',16,50,1203),(6102,'نوع','براق',14,43,1204),(6103,'عرض','75',15,76,1204),(6104,'لبه','دو لبه',5,11,1204),(6105,'اچ پی ال','دو رو',6,13,1204),(6106,'ضخامت','48',4,6,1204),(6107,'نوع HPL','آرتا ',16,50,1204),(6108,'نوع','براق',14,43,1205),(6109,'عرض','90',15,79,1205),(6110,'لبه','دو لبه',5,11,1205),(6111,'اچ پی ال','دو رو',6,13,1205),(6112,'ضخامت','48',4,6,1205),(6113,'نوع HPL','آرتا ',16,50,1205),(6114,'نوع','براق',14,43,1206),(6115,'عرض','65',15,74,1206),(6116,'لبه','دو لبه',5,11,1206),(6117,'اچ پی ال','یک رو',6,12,1206),(6118,'ضخامت','48',4,6,1206),(6119,'نوع HPL','آرتا ',16,50,1206),(6120,'نوع','براق',14,43,1207),(6121,'عرض','60',15,73,1207),(6122,'لبه','دو لبه',5,11,1207),(6123,'اچ پی ال','یک رو',6,12,1207),(6124,'ضخامت','48',4,6,1207),(6125,'نوع HPL','آرتا ',16,50,1207),(6126,'نوع','براق',14,43,1208),(6127,'عرض','60',15,73,1208),(6128,'لبه','دو لبه',5,11,1208),(6129,'اچ پی ال','یک رو',6,12,1208),(6130,'ضخامت','48',4,6,1208),(6131,'نوع HPL','وایا',16,49,1208),(6132,'نوع','براق',14,43,1209),(6133,'عرض','60',15,73,1209),(6134,'لبه','یک لبه',5,10,1209),(6135,'اچ پی ال','یک رو',6,12,1209),(6136,'ضخامت','48',4,6,1209),(6137,'نوع HPL','وایا',16,49,1209),(6138,'نوع','براق',14,43,1210),(6139,'عرض','60',15,73,1210),(6140,'لبه','یک لبه',5,10,1210),(6141,'اچ پی ال','یک رو',6,12,1210),(6142,'ضخامت','48',4,6,1210),(6143,'نوع HPL','آرتا ',16,50,1210),(6144,'نوع','براق',14,43,1211),(6145,'عرض','60',15,73,1211),(6146,'لبه','دو لبه',5,11,1211),(6147,'اچ پی ال','یک رو',6,12,1211),(6148,'ضخامت','48',4,6,1211),(6149,'نوع HPL','آرتا ',16,50,1211),(6150,'نوع','براق',14,43,1212),(6151,'عرض','60',15,73,1212),(6152,'لبه','یک لبه',5,10,1212),(6153,'اچ پی ال','یک رو',6,12,1212),(6154,'ضخامت','48',4,6,1212),(6155,'نوع HPL','آرتا ',16,50,1212),(6156,'نوع','براق',14,43,1213),(6157,'عرض','60',15,73,1213),(6158,'لبه','دو لبه',5,11,1213),(6159,'اچ پی ال','یک رو',6,12,1213),(6160,'ضخامت','48',4,6,1213),(6161,'نوع HPL','آرتا ',16,50,1213),(6162,'نوع','براق',14,43,1214),(6163,'عرض','60',15,73,1214),(6164,'لبه','یک لبه',5,10,1214),(6165,'اچ پی ال','یک رو',6,12,1214),(6166,'ضخامت','48',4,6,1214),(6167,'نوع HPL','آرتا ',16,50,1214),(6168,'نوع','براق',14,43,1215),(6169,'عرض','60',15,73,1215),(6170,'لبه','دو لبه',5,11,1215),(6171,'اچ پی ال','یک رو',6,12,1215),(6172,'ضخامت','48',4,6,1215),(6173,'نوع HPL','وایا',16,49,1215),(6174,'نوع','براق',14,43,1216),(6175,'عرض','60',15,73,1216),(6176,'لبه','یک لبه',5,10,1216),(6177,'اچ پی ال','یک رو',6,12,1216),(6178,'ضخامت','48',4,6,1216),(6179,'نوع HPL','وایا',16,49,1216),(6180,'نوع','براق',14,43,1217),(6181,'عرض','60',15,73,1217),(6182,'لبه','دو لبه',5,11,1217),(6183,'اچ پی ال','یک رو',6,12,1217),(6184,'ضخامت','32',4,5,1217),(6185,'نوع HPL','آرتا ',16,50,1217),(6186,'نوع','براق',14,43,1218),(6187,'عرض','60',15,73,1218),(6188,'لبه','دو لبه',5,11,1218),(6189,'اچ پی ال','یک رو',6,12,1218),(6190,'ضخامت','48',4,6,1218),(6191,'نوع HPL','آرتا ',16,50,1218),(6192,'نوع','براق',14,43,1219),(6193,'عرض','60',15,73,1219),(6194,'لبه','یک لبه',5,10,1219),(6195,'اچ پی ال','یک رو',6,12,1219),(6196,'ضخامت','32',4,5,1219),(6197,'نوع HPL','وایا',16,49,1219),(6208,'ضخامت','48',4,6,1221),(6207,'اچ پی ال','یک رو',6,12,1221),(6206,'لبه','دو لبه',5,11,1221),(6205,'عرض','60',15,73,1221),(6204,'نوع','مات',14,44,1221),(6209,'نوع HPL','آرتا ',16,50,1221),(6210,'نوع','مات',14,44,1222),(6211,'عرض','60',15,73,1222),(6212,'لبه','یک لبه',5,10,1222),(6213,'اچ پی ال','یک رو',6,12,1222),(6214,'ضخامت','48',4,6,1222),(6215,'نوع HPL','آرتا ',16,50,1222),(6216,'نوع','براق',14,43,1223),(6217,'عرض','60',15,73,1223),(6218,'لبه','دو لبه',5,11,1223),(6219,'اچ پی ال','یک رو',6,12,1223),(6220,'ضخامت','48',4,6,1223),(6221,'نوع HPL','آرتا ',16,50,1223),(6222,'نوع','براق',14,43,1224),(6223,'عرض','60',15,73,1224),(6224,'لبه','یک لبه',5,10,1224),(6225,'اچ پی ال','یک رو',6,12,1224),(6226,'ضخامت','48',4,6,1224),(6227,'نوع HPL','آرتا ',16,50,1224),(6228,'نوع','براق',14,43,1225),(6229,'عرض','60',15,73,1225),(6230,'لبه','دو لبه',5,11,1225),(6231,'اچ پی ال','یک رو',6,12,1225),(6232,'ضخامت','48',4,6,1225),(6233,'نوع HPL','آرتا ',16,50,1225),(6234,'نوع','براق',14,43,1226),(6235,'عرض','60',15,73,1226),(6236,'لبه','یک لبه',5,10,1226),(6237,'اچ پی ال','یک رو',6,12,1226),(6238,'ضخامت','48',4,6,1226),(6239,'نوع HPL','آرتا ',16,50,1226),(6240,'نوع','براق',14,43,1227),(6241,'عرض','60',15,73,1227),(6242,'لبه','دو لبه',5,11,1227),(6243,'اچ پی ال','یک رو',6,12,1227),(6244,'ضخامت','48',4,6,1227),(6245,'نوع HPL','آرتا ',16,50,1227),(6246,'نوع','براق',14,43,1228),(6247,'عرض','60',15,73,1228),(6248,'لبه','یک لبه',5,10,1228),(6249,'اچ پی ال','یک رو',6,12,1228),(6250,'ضخامت','48',4,6,1228),(6251,'نوع HPL','آرتا ',16,50,1228),(6252,'نوع','براق',14,43,1229),(6253,'عرض','60',15,73,1229),(6254,'لبه','دو لبه',5,11,1229),(6255,'اچ پی ال','یک رو',6,12,1229),(6256,'ضخامت','48',4,6,1229),(6257,'نوع HPL','آرتا ',16,50,1229),(6258,'نوع','براق',14,43,1230),(6259,'عرض','60',15,73,1230),(6260,'لبه','یک لبه',5,10,1230),(6261,'اچ پی ال','یک رو',6,12,1230),(6262,'ضخامت','48',4,6,1230),(6263,'نوع HPL','آرتا ',16,50,1230),(6264,'نوع','مات',14,44,1231),(6265,'عرض','60',15,73,1231),(6266,'لبه','دو لبه',5,11,1231),(6267,'اچ پی ال','یک رو',6,12,1231),(6268,'ضخامت','48',4,6,1231),(6269,'نوع HPL','آرتا ',16,50,1231),(6270,'نوع','مات',14,44,1232),(6271,'عرض','60',15,73,1232),(6272,'لبه','یک لبه',5,10,1232),(6273,'اچ پی ال','یک رو',6,12,1232),(6274,'ضخامت','48',4,6,1232),(6275,'نوع HPL','آرتا ',16,50,1232),(6276,'نوع','مات',14,44,1233),(6277,'عرض','60',15,73,1233),(6278,'لبه','دو لبه',5,11,1233),(6279,'اچ پی ال','یک رو',6,12,1233),(6280,'ضخامت','48',4,6,1233),(6281,'نوع HPL','آرتا ',16,50,1233),(6282,'نوع','مات',14,44,1234),(6283,'عرض','60',15,73,1234),(6284,'لبه','دو لبه',5,11,1234),(6285,'اچ پی ال','یک رو',6,12,1234),(6286,'ضخامت','32',4,5,1234),(6287,'نوع HPL','آرتا ',16,50,1234),(6288,'نوع','براق',14,43,1235),(6289,'عرض','60',15,73,1235),(6290,'لبه','دو لبه',5,11,1235),(6291,'اچ پی ال','یک رو',6,12,1235),(6292,'ضخامت','48',4,6,1235),(6293,'نوع HPL','وایا',16,49,1235),(6294,'نوع','براق',14,43,1236),(6295,'عرض','60',15,73,1236),(6296,'لبه','یک لبه',5,10,1236),(6297,'اچ پی ال','یک رو',6,12,1236),(6298,'ضخامت','48',4,6,1236),(6299,'نوع HPL','وایا',16,49,1236),(6300,'ضخامت','16',4,37,1237),(6301,'کیفیت','درجه یک',8,38,1237),(6302,'برند','ANG',13,40,1237),(6303,'ضخامت','16',4,37,1238),(6304,'کیفیت','درجه یک',8,38,1238),(6305,'برند','ANG',13,40,1238),(6306,'ضخامت','16',4,37,1239),(6307,'کیفیت','درجه یک',8,38,1239),(6308,'برند','ANG',13,40,1239),(6309,'ضخامت','16',4,37,1240),(6310,'کیفیت','درجه یک',8,38,1240),(6311,'برند','ANG',13,40,1240),(6312,'ضخامت','16',4,37,1241),(6313,'کیفیت','درجه یک',8,38,1241),(6314,'برند','ANG',13,40,1241),(6315,'نوع','براق',14,43,1242),(6316,'عرض','60',15,73,1242),(6317,'لبه','دو لبه',5,11,1242),(6318,'اچ پی ال','یک رو',6,12,1242),(6319,'ضخامت','32',4,5,1242),(6320,'نوع HPL','آرتا ',16,50,1242),(6321,'نوع','براق',14,43,1243),(6322,'عرض','60',15,73,1243),(6323,'لبه','دو لبه',5,11,1243),(6324,'اچ پی ال','یک رو',6,12,1243),(6325,'ضخامت','32',4,5,1243),(6326,'نوع HPL','آرتا ',16,50,1243),(6327,'نوع','مات',14,44,1244),(6328,'عرض','60',15,73,1244),(6329,'لبه','دو لبه',5,11,1244),(6330,'اچ پی ال','یک رو',6,12,1244),(6331,'ضخامت','48',4,6,1244),(6332,'نوع HPL','آرتا ',16,50,1244),(6333,'نوع','براق',14,43,1245),(6334,'عرض','60',15,73,1245),(6335,'لبه','دو لبه',5,11,1245),(6336,'اچ پی ال','یک رو',6,12,1245),(6337,'ضخامت','48',4,6,1245),(6338,'نوع HPL','آرتا ',16,50,1245),(6339,'نوع','براق',14,43,1246),(6340,'عرض','60',15,73,1246),(6341,'لبه','یک لبه',5,10,1246),(6342,'اچ پی ال','یک رو',6,12,1246),(6343,'ضخامت','48',4,6,1246),(6344,'نوع HPL','آرتا ',16,50,1246),(6345,'نوع','مات',14,44,1247),(6346,'عرض','60',15,73,1247),(6347,'لبه','دو لبه',5,11,1247),(6348,'اچ پی ال','یک رو',6,12,1247),(6349,'ضخامت','48',4,6,1247),(6350,'نوع HPL','آرتا ',16,50,1247),(6351,'نوع','مات',14,44,1248),(6352,'عرض','60',15,73,1248),(6353,'لبه','یک لبه',5,10,1248),(6354,'اچ پی ال','یک رو',6,12,1248),(6355,'ضخامت','48',4,6,1248),(6356,'نوع HPL','آرتا ',16,50,1248),(6357,'نوع','براق',14,43,1249),(6358,'عرض','60',15,73,1249),(6359,'لبه','دو لبه',5,11,1249),(6360,'اچ پی ال','یک رو',6,12,1249),(6361,'ضخامت','48',4,6,1249),(6362,'نوع HPL','آرتا ',16,50,1249),(6363,'نوع','براق',14,43,1250),(6364,'عرض','60',15,73,1250),(6365,'لبه','دو لبه',5,11,1250),(6366,'اچ پی ال','یک رو',6,12,1250),(6367,'ضخامت','48',4,6,1250),(6368,'نوع HPL','وایا',16,49,1250),(6369,'نوع','براق',14,43,1251),(6370,'عرض','60',15,73,1251),(6371,'لبه','دو لبه',5,11,1251),(6372,'اچ پی ال','یک رو',6,12,1251),(6373,'ضخامت','48',4,6,1251),(6374,'نوع HPL','وایا',16,49,1251),(6375,'نوع','براق',14,43,1252),(6376,'عرض','60',15,73,1252),(6377,'لبه','دو لبه',5,11,1252),(6378,'اچ پی ال','یک رو',6,12,1252),(6379,'ضخامت','48',4,6,1252),(6380,'نوع HPL','آرتا ',16,50,1252),(6381,'نوع','براق',14,43,1253),(6382,'عرض','60',15,73,1253),(6383,'لبه','یک لبه',5,10,1253),(6384,'اچ پی ال','یک رو',6,12,1253),(6385,'ضخامت','48',4,6,1253),(6386,'نوع HPL','آرتا ',16,50,1253),(6387,'نوع','براق',14,43,1254),(6388,'عرض','90',15,79,1254),(6389,'لبه','دو لبه',5,11,1254),(6390,'اچ پی ال','دو رو',6,13,1254),(6391,'ضخامت','48',4,6,1254),(6392,'نوع HPL','آرتا ',16,50,1254),(6393,'نوع','براق',14,43,1255),(6394,'عرض','90',15,79,1255),(6395,'لبه','دو لبه',5,11,1255),(6396,'اچ پی ال','یک رو',6,12,1255),(6397,'ضخامت','48',4,6,1255),(6398,'نوع HPL','آرتا ',16,50,1255),(6399,'نوع','مات',14,44,1256),(6400,'عرض','60',15,73,1256),(6401,'لبه','دو لبه',5,11,1256),(6402,'اچ پی ال','یک رو',6,12,1256),(6403,'ضخامت','32',4,5,1256),(6404,'نوع HPL','آرتا ',16,50,1256),(6405,'نوع','براق',14,43,1257),(6406,'عرض','60',15,73,1257),(6407,'لبه','دو لبه',5,11,1257),(6408,'اچ پی ال','یک رو',6,12,1257),(6409,'ضخامت','32',4,5,1257),(6410,'نوع HPL','آرتا ',16,50,1257),(6411,'نوع','مات',14,44,1258),(6412,'عرض','60',15,73,1258),(6413,'لبه','دو لبه',5,11,1258),(6414,'اچ پی ال','یک رو',6,12,1258),(6415,'ضخامت','32',4,5,1258),(6416,'نوع HPL','آرتا ',16,50,1258),(6417,'نوع','براق',14,43,1259),(6418,'عرض','60',15,73,1259),(6419,'لبه','دو لبه',5,11,1259),(6420,'اچ پی ال','یک رو',6,12,1259),(6421,'ضخامت','32',4,5,1259),(6422,'نوع HPL','وایا',16,49,1259),(6423,'نوع','براق',14,43,1260),(6424,'عرض','60',15,73,1260),(6425,'لبه','دو لبه',5,11,1260),(6426,'اچ پی ال','یک رو',6,12,1260),(6427,'ضخامت','32',4,5,1260),(6428,'نوع HPL','آرتا ',16,50,1260),(6429,'نوع','مات',14,44,1261),(6430,'عرض','60',15,73,1261),(6431,'لبه','دو لبه',5,11,1261),(6432,'اچ پی ال','یک رو',6,12,1261),(6433,'ضخامت','48',4,6,1261),(6434,'نوع HPL','آرتا ',16,50,1261),(6435,'نوع','مات',14,44,1262),(6436,'عرض','60',15,73,1262),(6437,'لبه','یک لبه',5,10,1262),(6438,'اچ پی ال','یک رو',6,12,1262),(6439,'ضخامت','48',4,6,1262),(6440,'نوع HPL','آرتا ',16,50,1262),(6441,'نوع','براق',14,43,1263),(6442,'عرض','60',15,73,1263),(6443,'لبه','دو لبه',5,11,1263),(6444,'اچ پی ال','یک رو',6,12,1263),(6445,'ضخامت','48',4,6,1263),(6446,'نوع HPL','آرتا ',16,50,1263),(6447,'نوع','براق',14,43,1264),(6448,'عرض','60',15,73,1264),(6449,'لبه','یک لبه',5,10,1264),(6450,'اچ پی ال','یک رو',6,12,1264),(6451,'ضخامت','48',4,6,1264),(6452,'نوع HPL','آرتا ',16,50,1264),(6453,'نوع','براق',14,43,1265),(6454,'عرض','60',15,73,1265),(6455,'لبه','دو لبه',5,11,1265),(6456,'اچ پی ال','یک رو',6,12,1265),(6457,'ضخامت','48',4,6,1265),(6458,'نوع HPL','آرتا ',16,50,1265),(6459,'نوع','براق',14,43,1266),(6460,'عرض','60',15,73,1266),(6461,'لبه','دو لبه',5,11,1266),(6462,'اچ پی ال','یک رو',6,12,1266),(6463,'ضخامت','48',4,6,1266),(6464,'نوع HPL','آرتا ',16,50,1266),(6465,'نوع','براق',14,43,1267),(6466,'عرض','60',15,73,1267),(6467,'لبه','یک لبه',5,10,1267),(6468,'اچ پی ال','یک رو',6,12,1267),(6469,'ضخامت','48',4,6,1267),(6470,'نوع HPL','آرتا ',16,50,1267),(6471,'نوع','براق',14,43,1268),(6472,'عرض','60',15,73,1268),(6473,'لبه','دو لبه',5,11,1268),(6474,'اچ پی ال','یک رو',6,12,1268),(6475,'ضخامت','48',4,6,1268),(6476,'نوع HPL','آرتا ',16,50,1268),(6477,'نوع','براق',14,43,1269),(6478,'عرض','60',15,73,1269),(6479,'لبه','یک لبه',5,10,1269),(6480,'اچ پی ال','یک رو',6,12,1269),(6481,'ضخامت','48',4,6,1269),(6482,'نوع HPL','آرتا ',16,50,1269),(6483,'نوع','براق',14,43,1270),(6484,'عرض','60',15,73,1270),(6485,'لبه','دو لبه',5,11,1270),(6486,'اچ پی ال','یک رو',6,12,1270),(6487,'ضخامت','48',4,6,1270),(6488,'نوع HPL','وایا',16,49,1270),(6489,'نوع','براق',14,43,1271),(6490,'عرض','60',15,73,1271),(6491,'لبه','دو لبه',5,11,1271),(6492,'اچ پی ال','یک رو',6,12,1271),(6493,'ضخامت','48',4,6,1271),(6494,'نوع HPL','آرتا ',16,50,1271),(6495,'نوع','مات',14,44,1272),(6496,'عرض','60',15,73,1272),(6497,'لبه','دو لبه',5,11,1272),(6498,'اچ پی ال','یک رو',6,12,1272),(6499,'ضخامت','48',4,6,1272),(6500,'نوع HPL','آرتا ',16,50,1272),(6501,'نوع','مات',14,44,1273),(6502,'عرض','60',15,73,1273),(6503,'لبه','یک لبه',5,10,1273),(6504,'اچ پی ال','یک رو',6,12,1273),(6505,'ضخامت','48',4,6,1273),(6506,'نوع HPL','آرتا ',16,50,1273),(6507,'نوع','براق',14,43,1274),(6508,'عرض','60',15,73,1274),(6509,'لبه','دو لبه',5,11,1274),(6510,'اچ پی ال','یک رو',6,12,1274),(6511,'ضخامت','48',4,6,1274),(6512,'نوع HPL','آرتا ',16,50,1274),(6513,'نوع','براق',14,43,1275),(6514,'عرض','60',15,73,1275),(6515,'لبه','یک لبه',5,10,1275),(6516,'اچ پی ال','یک رو',6,12,1275),(6517,'ضخامت','48',4,6,1275),(6518,'نوع HPL','آرتا ',16,50,1275),(6519,'نوع','براق',14,43,1276),(6520,'عرض','75',15,76,1276),(6521,'لبه','دو لبه',5,11,1276),(6522,'اچ پی ال','دو رو',6,13,1276),(6523,'ضخامت','48',4,6,1276),(6524,'نوع HPL','وایا',16,49,1276),(6525,'نوع','براق',14,43,1277),(6526,'عرض','65',15,74,1277),(6527,'لبه','دو لبه',5,11,1277),(6528,'اچ پی ال','یک رو',6,12,1277),(6529,'ضخامت','48',4,6,1277),(6530,'نوع HPL','وایا',16,49,1277),(6531,'نوع','براق',14,43,1278),(6532,'عرض','70',15,75,1278),(6533,'لبه','دو لبه',5,11,1278),(6534,'اچ پی ال','دو رو',6,13,1278),(6535,'ضخامت','48',4,6,1278),(6536,'نوع HPL','وایا',16,49,1278),(6537,'نوع','براق',14,43,1279),(6538,'عرض','60',15,73,1279),(6539,'لبه','دو لبه',5,11,1279),(6540,'اچ پی ال','یک رو',6,12,1279),(6541,'ضخامت','48',4,6,1279),(6542,'نوع HPL','وایا',16,49,1279),(6543,'نوع','براق',14,43,1280),(6544,'عرض','60',15,73,1280),(6545,'لبه','دو لبه',5,11,1280),(6546,'اچ پی ال','یک رو',6,12,1280),(6547,'ضخامت','48',4,6,1280),(6548,'نوع HPL','وایا',16,49,1280),(6549,'نوع','براق',14,43,1281),(6550,'عرض','60',15,73,1281),(6551,'لبه','دو لبه',5,11,1281),(6552,'اچ پی ال','یک رو',6,12,1281),(6553,'ضخامت','48',4,6,1281),(6554,'نوع HPL','آرتا ',16,50,1281),(6555,'نوع','مات',14,44,1282),(6556,'عرض','60',15,73,1282),(6557,'لبه','دو لبه',5,11,1282),(6558,'اچ پی ال','یک رو',6,12,1282),(6559,'ضخامت','48',4,6,1282),(6560,'نوع HPL','آرتا ',16,50,1282),(6561,'نوع','براق',14,43,1283),(6562,'عرض','60',15,73,1283),(6563,'لبه','دو لبه',5,11,1283),(6564,'اچ پی ال','یک رو',6,12,1283),(6565,'ضخامت','32',4,5,1283),(6566,'نوع HPL','آرتا ',16,50,1283),(6567,'نوع','مات',14,44,1284),(6568,'عرض','60',15,73,1284),(6569,'لبه','دو لبه',5,11,1284),(6570,'اچ پی ال','یک رو',6,12,1284),(6571,'ضخامت','32',4,5,1284),(6572,'نوع HPL','آرتا ',16,50,1284),(6665,'ضخامت','16',4,37,1301),(6664,'نوع HPL','وایا',16,49,1300),(6663,'ضخامت','32',4,5,1300),(6662,'اچ پی ال','یک رو',6,12,1300),(6661,'لبه','دو لبه',5,11,1300),(6660,'عرض','60',15,73,1300),(6659,'نوع','براق',14,43,1300),(6581,'نوع','براق',14,43,1287),(6582,'عرض','60',15,73,1287),(6583,'لبه','دو لبه',5,11,1287),(6584,'اچ پی ال','یک رو',6,12,1287),(6585,'ضخامت','48',4,6,1287),(6586,'نوع HPL','آرتا ',16,50,1287),(6587,'نوع','براق',14,43,1288),(6588,'عرض','60',15,73,1288),(6589,'لبه','یک لبه',5,10,1288),(6590,'اچ پی ال','یک رو',6,12,1288),(6591,'ضخامت','48',4,6,1288),(6592,'نوع HPL','آرتا ',16,50,1288),(6593,'نوع','براق',14,43,1289),(6594,'عرض','60',15,73,1289),(6595,'لبه','دو لبه',5,11,1289),(6596,'اچ پی ال','یک رو',6,12,1289),(6597,'ضخامت','48',4,6,1289),(6598,'نوع HPL','وایا',16,49,1289),(6599,'نوع','براق',14,43,1290),(6600,'عرض','60',15,73,1290),(6601,'لبه','یک لبه',5,10,1290),(6602,'اچ پی ال','یک رو',6,12,1290),(6603,'ضخامت','48',4,6,1290),(6604,'نوع HPL','وایا',16,49,1290),(6605,'نوع','براق',14,43,1291),(6606,'عرض','60',15,73,1291),(6607,'لبه','دو لبه',5,11,1291),(6608,'اچ پی ال','یک رو',6,12,1291),(6609,'ضخامت','48',4,6,1291),(6610,'نوع HPL','آرتا ',16,50,1291),(6611,'نوع','براق',14,43,1292),(6612,'عرض','60',15,73,1292),(6613,'لبه','یک لبه',5,10,1292),(6614,'اچ پی ال','یک رو',6,12,1292),(6615,'ضخامت','48',4,6,1292),(6616,'نوع HPL','آرتا ',16,50,1292),(6617,'نوع','براق',14,43,1293),(6618,'عرض','60',15,73,1293),(6619,'لبه','دو لبه',5,11,1293),(6620,'اچ پی ال','یک رو',6,12,1293),(6621,'ضخامت','48',4,6,1293),(6622,'نوع HPL','آرتا ',16,50,1293),(6623,'نوع','براق',14,43,1294),(6624,'عرض','60',15,73,1294),(6625,'لبه','یک لبه',5,10,1294),(6626,'اچ پی ال','یک رو',6,12,1294),(6627,'ضخامت','48',4,6,1294),(6628,'نوع HPL','آرتا ',16,50,1294),(6629,'نوع','براق',14,43,1295),(6630,'عرض','60',15,73,1295),(6631,'لبه','دو لبه',5,11,1295),(6632,'اچ پی ال','یک رو',6,12,1295),(6633,'ضخامت','48',4,6,1295),(6634,'نوع HPL','وایا',16,49,1295),(6635,'نوع','براق',14,43,1296),(6636,'عرض','60',15,73,1296),(6637,'لبه','دو لبه',5,11,1296),(6638,'اچ پی ال','یک رو',6,12,1296),(6639,'ضخامت','48',4,6,1296),(6640,'نوع HPL','آرتا ',16,50,1296),(6641,'نوع','براق',14,43,1297),(6642,'عرض','60',15,73,1297),(6643,'لبه','دو لبه',5,11,1297),(6644,'اچ پی ال','یک رو',6,12,1297),(6645,'ضخامت','32',4,5,1297),(6646,'نوع HPL','وایا',16,49,1297),(6647,'نوع','براق',14,43,1298),(6648,'عرض','60',15,73,1298),(6649,'لبه','دو لبه',5,11,1298),(6650,'اچ پی ال','یک رو',6,12,1298),(6651,'ضخامت','32',4,5,1298),(6652,'نوع HPL','آرتا ',16,50,1298),(6653,'نوع','براق',14,43,1299),(6654,'عرض','90',15,79,1299),(6655,'لبه','دو لبه',5,11,1299),(6656,'اچ پی ال','دو رو',6,13,1299),(6657,'ضخامت','48',4,6,1299),(6658,'نوع HPL','آرتا ',16,50,1299),(6666,'کیفیت','درجه یک',8,38,1301),(6667,'برند','Ecoone',13,41,1301),(6668,'ضخامت','16',4,37,1302),(6669,'کیفیت','درجه یک',8,38,1302),(6670,'برند','Ecoone',13,41,1302),(6671,'ضخامت','16',4,37,1303),(6672,'کیفیت','درجه یک',8,38,1303),(6673,'برند','Ecoone',13,41,1303),(6674,'ضخامت','16',4,37,1304),(6675,'کیفیت','درجه یک',8,38,1304),(6676,'برند','Ecoone',13,41,1304),(6677,'ضخامت','16',4,37,1305),(6678,'کیفیت','درجه یک',8,38,1305),(6679,'برند','Ecoone',13,41,1305),(6680,'ضخامت','16',4,37,1306),(6681,'کیفیت','درجه یک',8,38,1306),(6682,'برند','Ecoone',13,41,1306),(6683,'ضخامت','16',4,37,1307),(6684,'کیفیت','درجه یک',8,38,1307),(6685,'برند','Ecoone',13,41,1307),(6686,'ضخامت','16',4,37,1308),(6687,'کیفیت','درجه یک',8,38,1308),(6688,'برند','Ecoone',13,41,1308),(6689,'ضخامت','16',4,37,1309),(6690,'کیفیت','درجه یک',8,38,1309),(6691,'برند','Ecoone',13,41,1309),(6692,'ضخامت','16',4,37,1310),(6693,'کیفیت','درجه یک',8,38,1310),(6694,'برند','Ecoone',13,41,1310),(6695,'ضخامت','16',4,37,1311),(6696,'کیفیت','درجه یک',8,38,1311),(6697,'برند','ANG',13,40,1311),(6698,'ضخامت','16',4,37,1312),(6699,'کیفیت','درجه یک',8,38,1312),(6700,'برند','ANG',13,40,1312),(6701,'ضخامت','16',4,37,1313),(6702,'کیفیت','درجه یک',8,38,1313),(6703,'برند','ANG',13,40,1313),(6704,'ضخامت','16',4,37,1314),(6705,'کیفیت','درجه یک',8,38,1314),(6706,'برند','ANG',13,40,1314),(6707,'ضخامت','16',4,37,1315),(6708,'کیفیت','درجه یک',8,38,1315),(6709,'برند','ANG',13,40,1315),(6710,'ضخامت','16',4,37,1316),(6711,'کیفیت','درجه یک',8,38,1316),(6712,'برند','ANG',13,40,1316),(6713,'ضخامت','16',4,37,1317),(6714,'کیفیت','درجه یک',8,38,1317),(6715,'برند','ANG',13,40,1317),(6716,'ضخامت','16',4,37,1318),(6717,'کیفیت','درجه یک',8,38,1318),(6718,'برند','ANG',13,40,1318),(6719,'ضخامت','16',4,37,1319),(6720,'کیفیت','درجه یک',8,38,1319),(6721,'برند','ANG',13,40,1319),(6722,'ضخامت','16',4,37,1320),(6723,'کیفیت','درجه یک',8,38,1320),(6724,'برند','ANG',13,40,1320),(6725,'ضخامت','16',4,37,1321),(6726,'کیفیت','درجه یک',8,38,1321),(6727,'برند','ANG',13,40,1321),(6728,'ضخامت','16',4,37,1322),(6729,'کیفیت','درجه یک',8,38,1322),(6730,'برند','ANG',13,40,1322),(6731,'ضخامت','16',4,37,1323),(6732,'کیفیت','درجه یک',8,38,1323),(6733,'برند','ANG',13,40,1323),(6734,'ضخامت','16',4,37,1324),(6735,'کیفیت','درجه یک',8,38,1324),(6736,'برند','ANG',13,40,1324),(6737,'نوع','براق',14,43,1325),(6738,'عرض','60',15,73,1325),(6739,'لبه','دو لبه',5,11,1325),(6740,'اچ پی ال','یک رو',6,12,1325),(6741,'ضخامت','48',4,6,1325),(6742,'نوع HPL','آرتا ',16,50,1325),(6743,'نوع','براق',14,43,1326),(6744,'عرض','60',15,73,1326),(6745,'لبه','یک لبه',5,10,1326),(6746,'اچ پی ال','یک رو',6,12,1326),(6747,'ضخامت','48',4,6,1326),(6748,'نوع HPL','آرتا ',16,50,1326),(6749,'نوع','براق',14,43,1327),(6750,'عرض','60',15,73,1327),(6751,'لبه','دو لبه',5,11,1327),(6752,'اچ پی ال','یک رو',6,12,1327),(6753,'ضخامت','48',4,6,1327),(6754,'نوع HPL','آرتا ',16,50,1327),(6755,'نوع','براق',14,43,1328),(6756,'عرض','60',15,73,1328),(6757,'لبه','یک لبه',5,10,1328),(6758,'اچ پی ال','یک رو',6,12,1328),(6759,'ضخامت','48',4,6,1328),(6760,'نوع HPL','آرتا ',16,50,1328),(6761,'نوع','براق',14,43,1329),(6762,'عرض','60',15,73,1329),(6763,'لبه','یک لبه',5,10,1329),(6764,'اچ پی ال','یک رو',6,12,1329),(6765,'ضخامت','32',4,5,1329),(6766,'نوع HPL','وایا',16,49,1329),(6767,'نوع','براق',14,43,1330),(6768,'عرض','60',15,73,1330),(6769,'لبه','دو لبه',5,11,1330),(6770,'اچ پی ال','یک رو',6,12,1330),(6771,'ضخامت','32',4,5,1330),(6772,'نوع HPL','وایا',16,49,1330),(6773,'نوع','براق',14,43,1331),(6774,'عرض','60',15,73,1331),(6775,'لبه','یک لبه',5,10,1331),(6776,'اچ پی ال','یک رو',6,12,1331),(6777,'ضخامت','48',4,6,1331),(6778,'نوع HPL','وایا',16,49,1331),(6779,'نوع','براق',14,43,1332),(6780,'عرض','60',15,73,1332),(6781,'لبه','دو لبه',5,11,1332),(6782,'اچ پی ال','یک رو',6,12,1332),(6783,'ضخامت','48',4,6,1332),(6784,'نوع HPL','وایا',16,49,1332),(6785,'نوع','براق',14,43,1333),(6786,'عرض','60',15,73,1333),(6787,'لبه','دو لبه',5,11,1333),(6788,'اچ پی ال','یک رو',6,12,1333),(6789,'ضخامت','48',4,6,1333),(6790,'نوع HPL','وایا',16,49,1333),(6791,'نوع','براق',14,43,1334),(6792,'عرض','60',15,73,1334),(6793,'لبه','یک لبه',5,10,1334),(6794,'اچ پی ال','یک رو',6,12,1334),(6795,'ضخامت','32',4,5,1334),(6796,'نوع HPL','آرتا ',16,50,1334),(6797,'نوع','براق',14,43,1335),(6798,'عرض','60',15,73,1335),(6799,'لبه','دو لبه',5,11,1335),(6800,'اچ پی ال','یک رو',6,12,1335),(6801,'ضخامت','32',4,5,1335),(6802,'نوع HPL','آرتا ',16,50,1335),(6803,'نوع','براق',14,43,1336),(6804,'عرض','60',15,73,1336),(6805,'لبه','یک لبه',5,10,1336),(6806,'اچ پی ال','یک رو',6,12,1336),(6807,'ضخامت','48',4,6,1336),(6808,'نوع HPL','آرتا ',16,50,1336),(6809,'نوع','براق',14,43,1337),(6810,'عرض','60',15,73,1337),(6811,'لبه','دو لبه',5,11,1337),(6812,'اچ پی ال','یک رو',6,12,1337),(6813,'ضخامت','48',4,6,1337),(6814,'نوع HPL','آرتا ',16,50,1337),(6815,'نوع','براق',14,43,1338),(6816,'عرض','60',15,73,1338),(6817,'لبه','یک لبه',5,10,1338),(6818,'اچ پی ال','یک رو',6,12,1338),(6819,'ضخامت','48',4,6,1338),(6820,'نوع HPL','آرتا ',16,50,1338),(6821,'نوع','براق',14,43,1339),(6822,'عرض','60',15,73,1339),(6823,'لبه','دو لبه',5,11,1339),(6824,'اچ پی ال','یک رو',6,12,1339),(6825,'ضخامت','48',4,6,1339),(6826,'نوع HPL','آرتا ',16,50,1339),(6827,'نوع','براق',14,43,1340),(6828,'عرض','60',15,73,1340),(6829,'لبه','دو لبه',5,11,1340),(6830,'اچ پی ال','یک رو',6,12,1340),(6831,'ضخامت','32',4,5,1340),(6832,'نوع HPL','آرتا ',16,50,1340),(6833,'نوع','براق',14,43,1341),(6834,'عرض','60',15,73,1341),(6835,'لبه','یک لبه',5,10,1341),(6836,'اچ پی ال','یک رو',6,12,1341),(6837,'ضخامت','48',4,6,1341),(6838,'نوع HPL','آرتا ',16,50,1341),(6839,'نوع','براق',14,43,1342),(6840,'عرض','60',15,73,1342),(6841,'لبه','دو لبه',5,11,1342),(6842,'اچ پی ال','یک رو',6,12,1342),(6843,'ضخامت','48',4,6,1342),(6844,'نوع HPL','آرتا ',16,50,1342),(6845,'نوع','براق',14,43,1343),(6846,'عرض','60',15,73,1343),(6847,'لبه','یک لبه',5,10,1343),(6848,'اچ پی ال','یک رو',6,12,1343),(6849,'ضخامت','32',4,5,1343),(6850,'نوع HPL','آرتا ',16,50,1343),(6851,'نوع','براق',14,43,1344),(6852,'عرض','60',15,73,1344),(6853,'لبه','دو لبه',5,11,1344),(6854,'اچ پی ال','یک رو',6,12,1344),(6855,'ضخامت','32',4,5,1344),(6856,'نوع HPL','آرتا ',16,50,1344),(6857,'نوع','مات',14,44,1345),(6858,'عرض','60',15,73,1345),(6859,'لبه','یک لبه',5,10,1345),(6860,'اچ پی ال','یک رو',6,12,1345),(6861,'ضخامت','32',4,5,1345),(6862,'نوع HPL','آرتا ',16,50,1345),(6863,'نوع','مات',14,44,1346),(6864,'عرض','60',15,73,1346),(6865,'لبه','دو لبه',5,11,1346),(6866,'اچ پی ال','یک رو',6,12,1346),(6867,'ضخامت','32',4,5,1346),(6868,'نوع HPL','آرتا ',16,50,1346),(6869,'نوع','مات',14,44,1347),(6870,'عرض','60',15,73,1347),(6871,'لبه','یک لبه',5,10,1347),(6872,'اچ پی ال','یک رو',6,12,1347),(6873,'ضخامت','48',4,6,1347),(6874,'نوع HPL','آرتا ',16,50,1347),(6875,'نوع','مات',14,44,1348),(6876,'عرض','60',15,73,1348),(6877,'لبه','دو لبه',5,11,1348),(6878,'اچ پی ال','یک رو',6,12,1348),(6879,'ضخامت','48',4,6,1348),(6880,'نوع HPL','آرتا ',16,50,1348),(6881,'نوع','براق',14,43,1349),(6882,'عرض','60',15,73,1349),(6883,'لبه','یک لبه',5,10,1349),(6884,'اچ پی ال','یک رو',6,12,1349),(6885,'ضخامت','32',4,5,1349),(6886,'نوع HPL','آرتا ',16,50,1349),(6887,'نوع','براق',14,43,1350),(6888,'عرض','60',15,73,1350),(6889,'لبه','دو لبه',5,11,1350),(6890,'اچ پی ال','یک رو',6,12,1350),(6891,'ضخامت','32',4,5,1350),(6892,'نوع HPL','آرتا ',16,50,1350),(6893,'نوع','براق',14,43,1351),(6894,'عرض','60',15,73,1351),(6895,'لبه','یک لبه',5,10,1351),(6896,'اچ پی ال','یک رو',6,12,1351),(6897,'ضخامت','48',4,6,1351),(6898,'نوع HPL','آرتا ',16,50,1351),(6899,'نوع','براق',14,43,1352),(6900,'عرض','60',15,73,1352),(6901,'لبه','دو لبه',5,11,1352),(6902,'اچ پی ال','یک رو',6,12,1352),(6903,'ضخامت','48',4,6,1352),(6904,'نوع HPL','آرتا ',16,50,1352),(6905,'نوع','مات',14,44,1353),(6906,'عرض','60',15,73,1353),(6907,'لبه','یک لبه',5,10,1353),(6908,'اچ پی ال','یک رو',6,12,1353),(6909,'ضخامت','32',4,5,1353),(6910,'نوع HPL','آرتا ',16,50,1353),(6911,'نوع','مات',14,44,1354),(6912,'عرض','60',15,73,1354),(6913,'لبه','دو لبه',5,11,1354),(6914,'اچ پی ال','یک رو',6,12,1354),(6915,'ضخامت','32',4,5,1354),(6916,'نوع HPL','آرتا ',16,50,1354),(6917,'نوع','مات',14,44,1355),(6918,'عرض','60',15,73,1355),(6919,'لبه','یک لبه',5,10,1355),(6920,'اچ پی ال','یک رو',6,12,1355),(6921,'ضخامت','48',4,6,1355),(6922,'نوع HPL','آرتا ',16,50,1355),(6923,'نوع','مات',14,44,1356),(6924,'عرض','60',15,73,1356),(6925,'لبه','دو لبه',5,11,1356),(6926,'اچ پی ال','یک رو',6,12,1356),(6927,'ضخامت','48',4,6,1356),(6928,'نوع HPL','آرتا ',16,50,1356),(6929,'نوع','براق',14,43,1357),(6930,'عرض','65',15,74,1357),(6931,'لبه','دو لبه',5,11,1357),(6932,'اچ پی ال','یک رو',6,12,1357),(6933,'ضخامت','48',4,6,1357),(6934,'نوع HPL','وایا',16,49,1357),(6935,'نوع','براق',14,43,1358),(6936,'عرض','70',15,75,1358),(6937,'لبه','دو لبه',5,11,1358),(6938,'اچ پی ال','دو رو',6,13,1358),(6939,'ضخامت','48',4,6,1358),(6940,'نوع HPL','وایا',16,49,1358),(6941,'نوع','براق',14,43,1359),(6942,'عرض','80',15,77,1359),(6943,'لبه','دو لبه',5,11,1359),(6944,'اچ پی ال','دو رو',6,13,1359),(6945,'ضخامت','48',4,6,1359),(6946,'نوع HPL','وایا',16,49,1359),(6947,'نوع','براق',14,43,1360),(6948,'عرض','90',15,79,1360),(6949,'لبه','دو لبه',5,11,1360),(6950,'اچ پی ال','یک رو',6,12,1360),(6951,'ضخامت','48',4,6,1360),(6952,'نوع HPL','وایا',16,49,1360),(6953,'نوع','براق',14,43,1361),(6954,'عرض','100',15,81,1361),(6955,'لبه','دو لبه',5,11,1361),(6956,'اچ پی ال','یک رو',6,12,1361),(6957,'ضخامت','48',4,6,1361),(6958,'نوع HPL','وایا',16,49,1361),(6959,'نوع','براق',14,43,1362),(6960,'عرض','65',15,74,1362),(6961,'لبه','دو لبه',5,11,1362),(6962,'اچ پی ال','یک رو',6,12,1362),(6963,'ضخامت','48',4,6,1362),(6964,'نوع HPL','وایا',16,49,1362),(6965,'نوع','براق',14,43,1363),(6966,'عرض','70',15,75,1363),(6967,'لبه','دو لبه',5,11,1363),(6968,'اچ پی ال','دو رو',6,13,1363),(6969,'ضخامت','48',4,6,1363),(6970,'نوع HPL','وایا',16,49,1363),(6971,'نوع','براق',14,43,1364),(6972,'عرض','80',15,77,1364),(6973,'لبه','دو لبه',5,11,1364),(6974,'اچ پی ال','دو رو',6,13,1364),(6975,'ضخامت','48',4,6,1364),(6976,'نوع HPL','وایا',16,49,1364),(6977,'نوع','براق',14,43,1365),(6978,'عرض','100',15,81,1365),(6979,'لبه','دو لبه',5,11,1365),(6980,'اچ پی ال','دو رو',6,13,1365),(6981,'ضخامت','48',4,6,1365),(6982,'نوع HPL','وایا',16,49,1365),(6983,'نوع','براق',14,43,1366),(6984,'عرض','65',15,74,1366),(6985,'لبه','دو لبه',5,11,1366),(6986,'اچ پی ال','یک رو',6,12,1366),(6987,'ضخامت','48',4,6,1366),(6988,'نوع HPL','آرتا ',16,50,1366),(6989,'نوع','براق',14,43,1367),(6990,'عرض','65',15,74,1367),(6991,'لبه','دو لبه',5,11,1367),(6992,'اچ پی ال','یک رو',6,12,1367),(6993,'ضخامت','48',4,6,1367),(6994,'نوع HPL','آرتا ',16,50,1367),(6995,'نوع','براق',14,43,1368),(6996,'عرض','70',15,75,1368),(6997,'لبه','دو لبه',5,11,1368),(6998,'اچ پی ال','دو رو',6,13,1368),(6999,'ضخامت','48',4,6,1368),(7000,'نوع HPL','آرتا ',16,50,1368),(7001,'نوع','براق',14,43,1369),(7002,'عرض','80',15,77,1369),(7003,'لبه','دو لبه',5,11,1369),(7004,'اچ پی ال','دو رو',6,13,1369),(7005,'ضخامت','48',4,6,1369),(7006,'نوع HPL','آرتا ',16,50,1369),(7007,'نوع','براق',14,43,1370),(7008,'عرض','90',15,79,1370),(7009,'لبه','دو لبه',5,11,1370),(7010,'اچ پی ال','دو رو',6,13,1370),(7011,'ضخامت','48',4,6,1370),(7012,'نوع HPL','آرتا ',16,50,1370),(7013,'نوع','براق',14,43,1371),(7014,'عرض','65',15,74,1371),(7015,'لبه','دو لبه',5,11,1371),(7016,'اچ پی ال','یک رو',6,12,1371),(7017,'ضخامت','48',4,6,1371),(7018,'نوع HPL','آرتا ',16,50,1371),(7019,'نوع','براق',14,43,1372),(7020,'عرض','70',15,75,1372),(7021,'لبه','دو لبه',5,11,1372),(7022,'اچ پی ال','دو رو',6,13,1372),(7023,'ضخامت','48',4,6,1372),(7024,'نوع HPL','آرتا ',16,50,1372),(7025,'نوع','براق',14,43,1373),(7026,'عرض','80',15,77,1373),(7027,'لبه','دو لبه',5,11,1373),(7028,'اچ پی ال','دو رو',6,13,1373),(7029,'ضخامت','48',4,6,1373),(7030,'نوع HPL','آرتا ',16,50,1373),(7031,'نوع','براق',14,43,1374),(7032,'عرض','100',15,81,1374),(7033,'لبه','دو لبه',5,11,1374),(7034,'اچ پی ال','دو رو',6,13,1374),(7035,'ضخامت','48',4,6,1374),(7036,'نوع HPL','آرتا ',16,50,1374),(7037,'نوع','براق',14,43,1375),(7038,'عرض','70',15,75,1375),(7039,'لبه','دو لبه',5,11,1375),(7040,'اچ پی ال','دو رو',6,13,1375),(7041,'ضخامت','48',4,6,1375),(7042,'نوع HPL','آرتا ',16,50,1375),(7043,'نوع','براق',14,43,1376),(7044,'عرض','80',15,77,1376),(7045,'لبه','دو لبه',5,11,1376),(7046,'اچ پی ال','دو رو',6,13,1376),(7047,'ضخامت','48',4,6,1376),(7048,'نوع HPL','آرتا ',16,50,1376),(7049,'نوع','براق',14,43,1377),(7050,'عرض','100',15,81,1377),(7051,'لبه','دو لبه',5,11,1377),(7052,'اچ پی ال','دو رو',6,13,1377),(7053,'ضخامت','48',4,6,1377),(7054,'نوع HPL','آرتا ',16,50,1377),(7055,'نوع','مات',14,44,1378),(7056,'عرض','70',15,75,1378),(7057,'لبه','دو لبه',5,11,1378),(7058,'اچ پی ال','دو رو',6,13,1378),(7059,'ضخامت','48',4,6,1378),(7060,'نوع HPL','آرتا ',16,50,1378),(7061,'نوع','براق',14,43,1379),(7062,'عرض','60',15,73,1379),(7063,'لبه','دو لبه',5,11,1379),(7064,'اچ پی ال','یک رو',6,12,1379),(7065,'ضخامت','48',4,6,1379),(7066,'نوع HPL','آرتا ',16,50,1379),(7067,'نوع','مات',14,44,1380),(7068,'عرض','60',15,73,1380),(7069,'لبه','دو لبه',5,11,1380),(7070,'اچ پی ال','یک رو',6,12,1380),(7071,'ضخامت','48',4,6,1380),(7072,'نوع HPL','آرتا ',16,50,1380),(7073,'نوع','براق',14,43,1381),(7074,'عرض','60',15,73,1381),(7075,'لبه','دو لبه',5,11,1381),(7076,'اچ پی ال','یک رو',6,12,1381),(7077,'ضخامت','48',4,6,1381),(7078,'نوع HPL','آرتا ',16,50,1381),(7079,'نوع','براق',14,43,1382),(7080,'عرض','60',15,73,1382),(7081,'لبه','یک لبه',5,10,1382),(7082,'اچ پی ال','یک رو',6,12,1382),(7083,'ضخامت','48',4,6,1382),(7084,'نوع HPL','آرتا ',16,50,1382),(7085,'نوع','براق',14,43,1383),(7086,'عرض','60',15,73,1383),(7087,'لبه','دو لبه',5,11,1383),(7088,'اچ پی ال','یک رو',6,12,1383),(7089,'ضخامت','48',4,6,1383),(7090,'نوع HPL','وایا',16,49,1383),(7091,'نوع','براق',14,43,1384),(7092,'عرض','60',15,73,1384),(7093,'لبه','دو لبه',5,11,1384),(7094,'اچ پی ال','یک رو',6,12,1384),(7095,'ضخامت','48',4,6,1384),(7096,'نوع HPL','وایا',16,49,1384),(7097,'نوع','براق',14,43,1385),(7098,'عرض','60',15,73,1385),(7099,'لبه','یک لبه',5,10,1385),(7100,'اچ پی ال','یک رو',6,12,1385),(7101,'ضخامت','48',4,6,1385),(7102,'نوع HPL','وایا',16,49,1385),(7103,'نوع','مات',14,44,1386),(7104,'عرض','60',15,73,1386),(7105,'لبه','دو لبه',5,11,1386),(7106,'اچ پی ال','یک رو',6,12,1386),(7107,'ضخامت','48',4,6,1386),(7108,'نوع HPL','آرتا ',16,50,1386),(7109,'نوع','براق',14,43,1387),(7110,'عرض','60',15,73,1387),(7111,'لبه','دو لبه',5,11,1387),(7112,'اچ پی ال','یک رو',6,12,1387),(7113,'ضخامت','48',4,6,1387),(7114,'نوع HPL','آرتا ',16,50,1387),(7115,'نوع','براق',14,43,1388),(7116,'عرض','60',15,73,1388),(7117,'لبه','یک لبه',5,10,1388),(7118,'اچ پی ال','یک رو',6,12,1388),(7119,'ضخامت','48',4,6,1388),(7120,'نوع HPL','آرتا ',16,50,1388),(7121,'نوع','مات',14,44,1389),(7122,'عرض','60',15,73,1389),(7123,'لبه','دو لبه',5,11,1389),(7124,'اچ پی ال','یک رو',6,12,1389),(7125,'ضخامت','48',4,6,1389),(7126,'نوع HPL','آرتا ',16,50,1389),(7127,'نوع','مات',14,44,1390),(7128,'عرض','60',15,73,1390),(7129,'لبه','یک لبه',5,10,1390),(7130,'اچ پی ال','یک رو',6,12,1390),(7131,'ضخامت','48',4,6,1390),(7132,'نوع HPL','آرتا ',16,50,1390),(7133,'نوع','براق',14,43,1391),(7134,'عرض','60',15,73,1391),(7135,'لبه','دو لبه',5,11,1391),(7136,'اچ پی ال','یک رو',6,12,1391),(7137,'ضخامت','48',4,6,1391),(7138,'نوع HPL','آرتا ',16,50,1391),(7139,'نوع','براق',14,43,1392),(7140,'عرض','60',15,73,1392),(7141,'لبه','یک لبه',5,10,1392),(7142,'اچ پی ال','یک رو',6,12,1392),(7143,'ضخامت','48',4,6,1392),(7144,'نوع HPL','آرتا ',16,50,1392),(7145,'نوع','مات',14,44,1393),(7146,'عرض','60',15,73,1393),(7147,'لبه','دو لبه',5,11,1393),(7148,'اچ پی ال','یک رو',6,12,1393),(7149,'ضخامت','48',4,6,1393),(7150,'نوع HPL','آرتا ',16,50,1393),(7151,'نوع','مات',14,44,1394),(7152,'عرض','60',15,73,1394),(7153,'لبه','یک لبه',5,10,1394),(7154,'اچ پی ال','یک رو',6,12,1394),(7155,'ضخامت','48',4,6,1394),(7156,'نوع HPL','آرتا ',16,50,1394),(7157,'نوع','براق',14,43,1395),(7158,'عرض','60',15,73,1395),(7159,'لبه','یک لبه',5,10,1395),(7160,'اچ پی ال','یک رو',6,12,1395),(7161,'ضخامت','48',4,6,1395),(7162,'نوع HPL','آرتا ',16,50,1395),(7163,'نوع','براق',14,43,1396),(7164,'عرض','60',15,73,1396),(7165,'لبه','دو لبه',5,11,1396),(7166,'اچ پی ال','یک رو',6,12,1396),(7167,'ضخامت','48',4,6,1396),(7168,'نوع HPL','آرتا ',16,50,1396),(7169,'نوع','مات',14,44,1397),(7170,'عرض','60',15,73,1397),(7171,'لبه','یک لبه',5,10,1397),(7172,'اچ پی ال','یک رو',6,12,1397),(7173,'ضخامت','48',4,6,1397),(7174,'نوع HPL','آرتا ',16,50,1397),(7175,'نوع','مات',14,44,1398),(7176,'عرض','60',15,73,1398),(7177,'لبه','دو لبه',5,11,1398),(7178,'اچ پی ال','یک رو',6,12,1398),(7179,'ضخامت','48',4,6,1398),(7180,'نوع HPL','آرتا ',16,50,1398),(7181,'نوع','براق',14,43,1399),(7182,'عرض','60',15,73,1399),(7183,'لبه','یک لبه',5,10,1399),(7184,'اچ پی ال','یک رو',6,12,1399),(7185,'ضخامت','48',4,6,1399),(7186,'نوع HPL','آرتا ',16,50,1399),(7187,'نوع','براق',14,43,1400),(7188,'عرض','60',15,73,1400),(7189,'لبه','دو لبه',5,11,1400),(7190,'اچ پی ال','یک رو',6,12,1400),(7191,'ضخامت','48',4,6,1400),(7192,'نوع HPL','آرتا ',16,50,1400),(7193,'نوع','براق',14,43,1401),(7194,'عرض','60',15,73,1401),(7195,'لبه','دو لبه',5,11,1401),(7196,'اچ پی ال','یک رو',6,12,1401),(7197,'ضخامت','48',4,6,1401),(7198,'نوع HPL','آرتا ',16,50,1401),(7199,'نوع','براق',14,43,1402),(7200,'عرض','60',15,73,1402),(7201,'لبه','یک لبه',5,10,1402),(7202,'اچ پی ال','یک رو',6,12,1402),(7203,'ضخامت','48',4,6,1402),(7204,'نوع HPL','آرتا ',16,50,1402),(7205,'نوع','مات',14,44,1403),(7206,'عرض','60',15,73,1403),(7207,'لبه','دو لبه',5,11,1403),(7208,'اچ پی ال','یک رو',6,12,1403),(7209,'ضخامت','48',4,6,1403),(7210,'نوع HPL','آرتا ',16,50,1403),(7211,'نوع','مات',14,44,1404),(7212,'عرض','60',15,73,1404),(7213,'لبه','یک لبه',5,10,1404),(7214,'اچ پی ال','یک رو',6,12,1404),(7215,'ضخامت','48',4,6,1404),(7216,'نوع HPL','آرتا ',16,50,1404),(7217,'نوع','براق',14,43,1405),(7218,'عرض','60',15,73,1405),(7219,'لبه','دو لبه',5,11,1405),(7220,'اچ پی ال','یک رو',6,12,1405),(7221,'ضخامت','48',4,6,1405),(7222,'نوع HPL','وایا',16,49,1405),(7223,'نوع','براق',14,43,1406),(7224,'عرض','60',15,73,1406),(7225,'لبه','یک لبه',5,10,1406),(7226,'اچ پی ال','یک رو',6,12,1406),(7227,'ضخامت','48',4,6,1406),(7228,'نوع HPL','وایا',16,49,1406),(7229,'نوع','مات',14,44,1407),(7230,'عرض','60',15,73,1407),(7231,'لبه','دو لبه',5,11,1407),(7232,'اچ پی ال','یک رو',6,12,1407),(7233,'ضخامت','32',4,5,1407),(7234,'نوع HPL','آرتا ',16,50,1407),(7235,'نوع','مات',14,44,1408),(7236,'عرض','60',15,73,1408),(7237,'لبه','دو لبه',5,11,1408),(7238,'اچ پی ال','یک رو',6,12,1408),(7239,'ضخامت','48',4,6,1408),(7240,'نوع HPL','وایا',16,49,1408),(7241,'نوع','براق',14,43,1409),(7242,'عرض','60',15,73,1409),(7243,'لبه','دو لبه',5,11,1409),(7244,'اچ پی ال','دو رو',6,13,1409),(7245,'ضخامت','48',4,6,1409),(7246,'نوع HPL','آرتا ',16,50,1409),(7247,'نوع','مات',14,44,1410),(7248,'عرض','60',15,73,1410),(7249,'لبه','دو لبه',5,11,1410),(7250,'اچ پی ال','یک رو',6,12,1410),(7251,'ضخامت','48',4,6,1410),(7252,'نوع HPL','آرتا ',16,50,1410),(7253,'نوع','مات',14,44,1411),(7254,'عرض','60',15,73,1411),(7255,'لبه','یک لبه',5,10,1411),(7256,'اچ پی ال','یک رو',6,12,1411),(7257,'ضخامت','48',4,6,1411),(7258,'نوع HPL','آرتا ',16,50,1411),(7259,'نوع','براق',14,43,1412),(7260,'عرض','60',15,73,1412),(7261,'لبه','دو لبه',5,11,1412),(7262,'اچ پی ال','یک رو',6,12,1412),(7263,'ضخامت','48',4,6,1412),(7264,'نوع HPL','آرتا ',16,50,1412),(7265,'نوع','براق',14,43,1413),(7266,'عرض','60',15,73,1413),(7267,'لبه','یک لبه',5,10,1413),(7268,'اچ پی ال','یک رو',6,12,1413),(7269,'ضخامت','48',4,6,1413),(7270,'نوع HPL','آرتا ',16,50,1413),(7271,'نوع','مات',14,44,1414),(7272,'عرض','60',15,73,1414),(7273,'لبه','دو لبه',5,11,1414),(7274,'اچ پی ال','یک رو',6,12,1414),(7275,'ضخامت','48',4,6,1414),(7276,'نوع HPL','آرتا ',16,50,1414),(7277,'نوع','مات',14,44,1415),(7278,'عرض','60',15,73,1415),(7279,'لبه','یک لبه',5,10,1415),(7280,'اچ پی ال','یک رو',6,12,1415),(7281,'ضخامت','48',4,6,1415),(7282,'نوع HPL','آرتا ',16,50,1415),(7283,'نوع','براق',14,43,1416),(7284,'عرض','60',15,73,1416),(7285,'لبه','دو لبه',5,11,1416),(7286,'اچ پی ال','یک رو',6,12,1416),(7287,'ضخامت','48',4,6,1416),(7288,'نوع HPL','وایا',16,49,1416),(7289,'نوع','براق',14,43,1417),(7290,'عرض','60',15,73,1417),(7291,'لبه','دو لبه',5,11,1417),(7292,'اچ پی ال','یک رو',6,12,1417),(7293,'ضخامت','48',4,6,1417),(7294,'نوع HPL','آرتا ',16,50,1417),(7295,'نوع','براق',14,43,1418),(7296,'عرض','60',15,73,1418),(7297,'لبه','دو لبه',5,11,1418),(7298,'اچ پی ال','یک رو',6,12,1418),(7299,'ضخامت','48',4,6,1418),(7300,'نوع HPL','آرتا ',16,50,1418),(7301,'نوع','براق',14,43,1419),(7302,'عرض','60',15,73,1419),(7303,'لبه','دو لبه',5,11,1419),(7304,'اچ پی ال','یک رو',6,12,1419),(7305,'ضخامت','48',4,6,1419),(7306,'نوع HPL','وایا',16,49,1419),(7307,'نوع','براق',14,43,1420),(7308,'عرض','60',15,73,1420),(7309,'لبه','یک لبه',5,10,1420),(7310,'اچ پی ال','یک رو',6,12,1420),(7311,'ضخامت','48',4,6,1420),(7312,'نوع HPL','وایا',16,49,1420),(7313,'نوع','مات',14,44,1421),(7314,'عرض','60',15,73,1421),(7315,'لبه','دو لبه',5,11,1421),(7316,'اچ پی ال','یک رو',6,12,1421),(7317,'ضخامت','48',4,6,1421),(7318,'نوع HPL','آرتا ',16,50,1421),(7319,'نوع','براق',14,43,1422),(7320,'عرض','60',15,73,1422),(7321,'لبه','دو لبه',5,11,1422),(7322,'اچ پی ال','یک رو',6,12,1422),(7323,'ضخامت','32',4,5,1422),(7324,'نوع HPL','وایا',16,49,1422),(7325,'نوع','مات',14,44,1423),(7326,'عرض','60',15,73,1423),(7327,'لبه','دو لبه',5,11,1423),(7328,'اچ پی ال','یک رو',6,12,1423),(7329,'ضخامت','32',4,5,1423),(7330,'نوع HPL','آرتا ',16,50,1423),(7331,'نوع','براق',14,43,1424),(7332,'عرض','60',15,73,1424),(7333,'لبه','دو لبه',5,11,1424),(7334,'اچ پی ال','یک رو',6,12,1424),(7335,'ضخامت','32',4,5,1424),(7336,'نوع HPL','وایا',16,49,1424),(7337,'نوع','براق',14,43,1425),(7338,'عرض','90',15,79,1425),(7339,'لبه','دو لبه',5,11,1425),(7340,'اچ پی ال','دو رو',6,13,1425),(7341,'ضخامت','48',4,6,1425),(7342,'نوع HPL','آرتا ',16,50,1425),(7343,'ضخامت','16',4,37,1426),(7344,'کیفیت','درجه یک',8,38,1426),(7345,'برند','Ecoone',13,41,1426),(7346,'ضخامت','16',4,37,1427),(7347,'کیفیت','درجه یک',8,38,1427),(7348,'برند','Ecoone',13,41,1427),(7349,'ضخامت','16',4,37,1428),(7350,'کیفیت','درجه یک',8,38,1428),(7351,'برند','Ecoone',13,41,1428),(7352,'ضخامت','16',4,37,1429),(7353,'کیفیت','درجه یک',8,38,1429),(7354,'برند','ANG',13,40,1429),(7355,'ضخامت','16',4,37,1430),(7356,'کیفیت','درجه یک',8,38,1430),(7357,'برند','ANG',13,40,1430),(7358,'ضخامت','16',4,37,1431),(7359,'کیفیت','درجه یک',8,38,1431),(7360,'برند','ANG',13,40,1431),(7361,'ضخامت','16',4,37,1432),(7362,'کیفیت','درجه یک',8,38,1432),(7363,'برند','ANG',13,40,1432),(7364,'ضخامت','16',4,37,1433),(7365,'کیفیت','درجه یک',8,38,1433),(7366,'برند','Zirve',13,42,1433),(7367,'ضخامت','16',4,37,1434),(7368,'کیفیت','درجه یک',8,38,1434),(7369,'برند','Ecoone',13,41,1434),(7370,'ضخامت','16',4,37,1435),(7371,'کیفیت','درجه یک',8,38,1435),(7372,'برند','Ecoone',13,41,1435),(7373,'ضخامت','16',4,37,1436),(7374,'کیفیت','درجه یک',8,38,1436),(7375,'برند','Ecoone',13,41,1436),(7376,'ضخامت','16',4,37,1437),(7377,'کیفیت','درجه یک',8,38,1437),(7378,'برند','Ecoone',13,41,1437),(7379,'ضخامت','16',4,37,1438),(7380,'کیفیت','درجه یک',8,38,1438),(7381,'برند','Ecoone',13,41,1438),(7382,'ضخامت','16',4,37,1439),(7383,'کیفیت','درجه یک',8,38,1439),(7384,'برند','Ecoone',13,41,1439),(7385,'ضخامت','16',4,37,1440),(7386,'کیفیت','درجه یک',8,38,1440),(7387,'برند','ANG',13,40,1440),(7388,'ضخامت','16',4,37,1441),(7389,'کیفیت','درجه یک',8,38,1441),(7390,'برند','ANG',13,40,1441),(7391,'ضخامت','16',4,37,1442),(7392,'کیفیت','درجه یک',8,38,1442),(7393,'برند','ANG',13,40,1442),(7394,'ضخامت','16',4,37,1443),(7395,'کیفیت','درجه یک',8,38,1443),(7396,'برند','ANG',13,40,1443),(7397,'ضخامت','16',4,37,1444),(7398,'کیفیت','درجه یک',8,38,1444),(7399,'برند','ANG',13,40,1444),(7400,'ضخامت','16',4,37,1445),(7401,'کیفیت','درجه یک',8,38,1445),(7402,'برند','ANG',13,40,1445),(7403,'نوع','براق',14,43,1446),(7404,'عرض','60',15,73,1446),(7405,'لبه','دو لبه',5,11,1446),(7406,'اچ پی ال','یک رو',6,12,1446),(7407,'ضخامت','48',4,6,1446),(7408,'نوع HPL','آرتا ',16,50,1446),(7409,'نوع','براق',14,43,1447),(7410,'عرض','75',15,76,1447),(7411,'لبه','دو لبه',5,11,1447),(7412,'اچ پی ال','دو رو',6,13,1447),(7413,'ضخامت','48',4,6,1447),(7414,'نوع HPL','آرتا ',16,50,1447),(7415,'نوع','مات',14,44,1448),(7416,'عرض','60',15,73,1448),(7417,'لبه','دو لبه',5,11,1448),(7418,'اچ پی ال','یک رو',6,12,1448),(7419,'ضخامت','48',4,6,1448),(7420,'نوع HPL','وایا',16,49,1448),(7421,'نوع','براق',14,43,1449),(7422,'عرض','60',15,73,1449),(7423,'لبه','دو لبه',5,11,1449),(7424,'اچ پی ال','یک رو',6,12,1449),(7425,'ضخامت','32',4,5,1449),(7426,'نوع HPL','وایا',16,49,1449),(7427,'نوع','براق',14,43,1450),(7428,'عرض','60',15,73,1450),(7429,'لبه','دو لبه',5,11,1450),(7430,'اچ پی ال','یک رو',6,12,1450),(7431,'ضخامت','48',4,6,1450),(7432,'نوع HPL','آرتا ',16,50,1450),(7433,'نوع','براق',14,43,1451),(7434,'عرض','60',15,73,1451),(7435,'لبه','دو لبه',5,11,1451),(7436,'اچ پی ال','یک رو',6,12,1451),(7437,'ضخامت','48',4,6,1451),(7438,'نوع HPL','وایا',16,49,1451),(7439,'نوع','براق',14,43,1452),(7440,'عرض','60',15,73,1452),(7441,'لبه','دو لبه',5,11,1452),(7442,'اچ پی ال','یک رو',6,12,1452),(7443,'ضخامت','48',4,6,1452),(7444,'نوع HPL','آرتا ',16,50,1452),(7445,'نوع','براق',14,43,1453),(7446,'عرض','60',15,73,1453),(7447,'لبه','یک لبه',5,10,1453),(7448,'اچ پی ال','یک رو',6,12,1453),(7449,'ضخامت','48',4,6,1453),(7450,'نوع HPL','آرتا ',16,50,1453),(7451,'نوع','براق',14,43,1454),(7452,'عرض','60',15,73,1454),(7453,'لبه','دو لبه',5,11,1454),(7454,'اچ پی ال','یک رو',6,12,1454),(7455,'ضخامت','48',4,6,1454),(7456,'نوع HPL','آرتا ',16,50,1454),(7457,'نوع','براق',14,43,1455),(7458,'عرض','60',15,73,1455),(7459,'لبه','یک لبه',5,10,1455),(7460,'اچ پی ال','یک رو',6,12,1455),(7461,'ضخامت','48',4,6,1455),(7462,'نوع HPL','آرتا ',16,50,1455),(7463,'نوع','مات',14,44,1456),(7464,'عرض','60',15,73,1456),(7465,'لبه','دو لبه',5,11,1456),(7466,'اچ پی ال','یک رو',6,12,1456),(7467,'ضخامت','48',4,6,1456),(7468,'نوع HPL','آرتا ',16,50,1456),(7469,'نوع','مات',14,44,1457),(7470,'عرض','60',15,73,1457),(7471,'لبه','یک لبه',5,10,1457),(7472,'اچ پی ال','یک رو',6,12,1457),(7473,'ضخامت','48',4,6,1457),(7474,'نوع HPL','آرتا ',16,50,1457),(7475,'نوع','براق',14,43,1458),(7476,'عرض','60',15,73,1458),(7477,'لبه','یک لبه',5,10,1458),(7478,'اچ پی ال','یک رو',6,12,1458),(7479,'ضخامت','48',4,6,1458),(7480,'نوع HPL','آرتا ',16,50,1458),(7481,'نوع','براق',14,43,1459),(7482,'عرض','90',15,79,1459),(7483,'لبه','دو لبه',5,11,1459),(7484,'اچ پی ال','دو رو',6,13,1459),(7485,'ضخامت','48',4,6,1459),(7486,'نوع HPL','وایا',16,49,1459),(7487,'نوع','براق',14,43,1460),(7488,'عرض','90',15,79,1460),(7489,'لبه','دو لبه',5,11,1460),(7490,'اچ پی ال','دو رو',6,13,1460),(7491,'ضخامت','48',4,6,1460),(7492,'نوع HPL','آرتا ',16,50,1460),(7493,'نوع','براق',14,43,1461),(7494,'عرض','60',15,73,1461),(7495,'لبه','دو لبه',5,11,1461),(7496,'اچ پی ال','یک رو',6,12,1461),(7497,'ضخامت','32',4,5,1461),(7498,'نوع HPL','آرتا ',16,50,1461),(7499,'نوع','براق',14,43,1462),(7500,'عرض','60',15,73,1462),(7501,'لبه','دو لبه',5,11,1462),(7502,'اچ پی ال','یک رو',6,12,1462),(7503,'ضخامت','48',4,6,1462),(7504,'نوع HPL','آرتا ',16,50,1462),(7505,'نوع','براق',14,43,1463),(7506,'عرض','60',15,73,1463),(7507,'لبه','یک لبه',5,10,1463),(7508,'اچ پی ال','یک رو',6,12,1463),(7509,'ضخامت','48',4,6,1463),(7510,'نوع HPL','آرتا ',16,50,1463),(7511,'ضخامت','16',4,37,1464),(7512,'کیفیت','درجه یک',8,38,1464),(7513,'برند','ANG',13,40,1464),(7514,'ضخامت','16',4,37,1465),(7515,'کیفیت','درجه یک',8,38,1465),(7516,'برند','ANG',13,40,1465),(7517,'ضخامت','16',4,37,1466),(7518,'کیفیت','درجه یک',8,38,1466),(7519,'برند','ANG',13,40,1466),(7520,'ضخامت','16',4,37,1467),(7521,'کیفیت','درجه یک',8,38,1467),(7522,'برند','ANG',13,40,1467),(7523,'ضخامت','16',4,37,1468),(7524,'کیفیت','درجه یک',8,38,1468),(7525,'برند','ANG',13,40,1468),(7526,'ضخامت','16',4,37,1469),(7527,'کیفیت','درجه یک',8,38,1469),(7528,'برند','Ecoone',13,41,1469),(7529,'ضخامت','16',4,37,1470),(7530,'کیفیت','درجه یک',8,38,1470),(7531,'برند','Ecoone',13,41,1470),(7532,'ضخامت','16',4,37,1471),(7533,'کیفیت','درجه یک',8,38,1471),(7534,'برند','Ecoone',13,41,1471),(7535,'نوع','براق',14,43,1472),(7536,'عرض','60',15,73,1472),(7537,'لبه','دو لبه',5,11,1472),(7538,'اچ پی ال','یک رو',6,12,1472),(7539,'ضخامت','48',4,6,1472),(7540,'نوع HPL','وایا',16,49,1472),(7541,'نوع','براق',14,43,1473),(7542,'عرض','60',15,73,1473),(7543,'لبه','دو لبه',5,11,1473),(7544,'اچ پی ال','یک رو',6,12,1473),(7545,'ضخامت','48',4,6,1473),(7546,'نوع HPL','آرتا ',16,50,1473),(7547,'نوع','براق',14,43,1474),(7548,'عرض','60',15,73,1474),(7549,'لبه','دو لبه',5,11,1474),(7550,'اچ پی ال','یک رو',6,12,1474),(7551,'ضخامت','48',4,6,1474),(7552,'نوع HPL','آرتا ',16,50,1474),(7553,'نوع','براق',14,43,1475),(7554,'عرض','60',15,73,1475),(7555,'لبه','یک لبه',5,10,1475),(7556,'اچ پی ال','یک رو',6,12,1475),(7557,'ضخامت','48',4,6,1475),(7558,'نوع HPL','آرتا ',16,50,1475),(7559,'نوع','براق',14,43,1476),(7560,'عرض','60',15,73,1476),(7561,'لبه','دو لبه',5,11,1476),(7562,'اچ پی ال','یک رو',6,12,1476),(7563,'ضخامت','48',4,6,1476),(7564,'نوع HPL','وایا',16,49,1476),(7565,'نوع','براق',14,43,1477),(7566,'عرض','60',15,73,1477),(7567,'لبه','یک لبه',5,10,1477),(7568,'اچ پی ال','یک رو',6,12,1477),(7569,'ضخامت','48',4,6,1477),(7570,'نوع HPL','وایا',16,49,1477),(7571,'نوع','براق',14,43,1478),(7572,'عرض','90',15,79,1478),(7573,'لبه','دو لبه',5,11,1478),(7574,'اچ پی ال','دو رو',6,13,1478),(7575,'ضخامت','48',4,6,1478),(7576,'نوع HPL','وایا',16,49,1478),(7577,'نوع','براق',14,43,1479),(7578,'عرض','60',15,73,1479),(7579,'لبه','دو لبه',5,11,1479),(7580,'اچ پی ال','یک رو',6,12,1479),(7581,'ضخامت','48',4,6,1479),(7582,'نوع HPL','آرتا ',16,50,1479),(7583,'نوع','براق',14,43,1480),(7584,'عرض','60',15,73,1480),(7585,'لبه','یک لبه',5,10,1480),(7586,'اچ پی ال','یک رو',6,12,1480),(7587,'ضخامت','48',4,6,1480),(7588,'نوع HPL','آرتا ',16,50,1480),(7589,'نوع','براق',14,43,1481),(7590,'عرض','60',15,73,1481),(7591,'لبه','دو لبه',5,11,1481),(7592,'اچ پی ال','یک رو',6,12,1481),(7593,'ضخامت','48',4,6,1481),(7594,'نوع HPL','آرتا ',16,50,1481),(7595,'نوع','براق',14,43,1482),(7596,'عرض','60',15,73,1482),(7597,'لبه','یک لبه',5,10,1482),(7598,'اچ پی ال','یک رو',6,12,1482),(7599,'ضخامت','48',4,6,1482),(7600,'نوع HPL','آرتا ',16,50,1482),(7601,'نوع','براق',14,43,1483),(7602,'عرض','60',15,73,1483),(7603,'لبه','دو لبه',5,11,1483),(7604,'اچ پی ال','یک رو',6,12,1483),(7605,'ضخامت','48',4,6,1483),(7606,'نوع HPL','آرتا ',16,50,1483),(7607,'نوع','براق',14,43,1484),(7608,'عرض','60',15,73,1484),(7609,'لبه','یک لبه',5,10,1484),(7610,'اچ پی ال','یک رو',6,12,1484),(7611,'ضخامت','48',4,6,1484),(7612,'نوع HPL','آرتا ',16,50,1484),(7613,'نوع','براق',14,43,1485),(7614,'عرض','60',15,73,1485),(7615,'لبه','دو لبه',5,11,1485),(7616,'اچ پی ال','یک رو',6,12,1485),(7617,'ضخامت','48',4,6,1485),(7618,'نوع HPL','آرتا ',16,50,1485),(7619,'نوع','مات',14,44,1486),(7620,'عرض','60',15,73,1486),(7621,'لبه','دو لبه',5,11,1486),(7622,'اچ پی ال','یک رو',6,12,1486),(7623,'ضخامت','48',4,6,1486),(7624,'نوع HPL','آرتا ',16,50,1486),(7625,'نوع','مات',14,44,1487),(7626,'عرض','60',15,73,1487),(7627,'لبه','یک لبه',5,10,1487),(7628,'اچ پی ال','یک رو',6,12,1487),(7629,'ضخامت','48',4,6,1487),(7630,'نوع HPL','آرتا ',16,50,1487),(7631,'نوع','براق',14,43,1488),(7632,'عرض','60',15,73,1488),(7633,'لبه','دو لبه',5,11,1488),(7634,'اچ پی ال','یک رو',6,12,1488),(7635,'ضخامت','48',4,6,1488),(7636,'نوع HPL','آرتا ',16,50,1488),(7637,'نوع','براق',14,43,1489),(7638,'عرض','60',15,73,1489),(7639,'لبه','یک لبه',5,10,1489),(7640,'اچ پی ال','یک رو',6,12,1489),(7641,'ضخامت','48',4,6,1489),(7642,'نوع HPL','آرتا ',16,50,1489),(7643,'نوع','براق',14,43,1490),(7644,'عرض','60',15,73,1490),(7645,'لبه','دو لبه',5,11,1490),(7646,'اچ پی ال','یک رو',6,12,1490),(7647,'ضخامت','48',4,6,1490),(7648,'نوع HPL','آرتا ',16,50,1490),(7649,'نوع','براق',14,43,1491),(7650,'عرض','60',15,73,1491),(7651,'لبه','یک لبه',5,10,1491),(7652,'اچ پی ال','یک رو',6,12,1491),(7653,'ضخامت','48',4,6,1491),(7654,'نوع HPL','آرتا ',16,50,1491),(7655,'نوع','براق',14,43,1492),(7656,'عرض','60',15,73,1492),(7657,'لبه','دو لبه',5,11,1492),(7658,'اچ پی ال','یک رو',6,12,1492),(7659,'ضخامت','48',4,6,1492),(7660,'نوع HPL','آرتا ',16,50,1492),(7661,'نوع','براق',14,43,1493),(7662,'عرض','60',15,73,1493),(7663,'لبه','یک لبه',5,10,1493),(7664,'اچ پی ال','یک رو',6,12,1493),(7665,'ضخامت','48',4,6,1493),(7666,'نوع HPL','آرتا ',16,50,1493),(7667,'نوع','براق',14,43,1494),(7668,'عرض','60',15,73,1494),(7669,'لبه','دو لبه',5,11,1494),(7670,'اچ پی ال','یک رو',6,12,1494),(7671,'ضخامت','48',4,6,1494),(7672,'نوع HPL','آرتا ',16,50,1494),(7673,'نوع','براق',14,43,1495),(7674,'عرض','60',15,73,1495),(7675,'لبه','یک لبه',5,10,1495),(7676,'اچ پی ال','یک رو',6,12,1495),(7677,'ضخامت','48',4,6,1495),(7678,'نوع HPL','آرتا ',16,50,1495),(7679,'نوع','براق',14,43,1496),(7680,'عرض','60',15,73,1496),(7681,'لبه','دو لبه',5,11,1496),(7682,'اچ پی ال','یک رو',6,12,1496),(7683,'ضخامت','48',4,6,1496),(7684,'نوع HPL','آرتا ',16,50,1496),(7685,'نوع','براق',14,43,1497),(7686,'عرض','60',15,73,1497),(7687,'لبه','یک لبه',5,10,1497),(7688,'اچ پی ال','یک رو',6,12,1497),(7689,'ضخامت','48',4,6,1497),(7690,'نوع HPL','آرتا ',16,50,1497),(7691,'نوع','براق',14,43,1498),(7692,'عرض','60',15,73,1498),(7693,'لبه','دو لبه',5,11,1498),(7694,'اچ پی ال','یک رو',6,12,1498),(7695,'ضخامت','48',4,6,1498),(7696,'نوع HPL','آرتا ',16,50,1498),(7697,'نوع','براق',14,43,1499),(7698,'عرض','60',15,73,1499),(7699,'لبه','یک لبه',5,10,1499),(7700,'اچ پی ال','یک رو',6,12,1499),(7701,'ضخامت','48',4,6,1499),(7702,'نوع HPL','آرتا ',16,50,1499),(7703,'نوع','براق',14,43,1500),(7704,'عرض','60',15,73,1500),(7705,'لبه','دو لبه',5,11,1500),(7706,'اچ پی ال','یک رو',6,12,1500),(7707,'ضخامت','32',4,5,1500),(7708,'نوع HPL','آرتا ',16,50,1500),(7709,'نوع','براق',14,43,1501),(7710,'عرض','60',15,73,1501),(7711,'لبه','دو لبه',5,11,1501),(7712,'اچ پی ال','یک رو',6,12,1501),(7713,'ضخامت','48',4,6,1501),(7714,'نوع HPL','آرتا ',16,50,1501),(7715,'نوع','براق',14,43,1502),(7716,'عرض','60',15,73,1502),(7717,'لبه','یک لبه',5,10,1502),(7718,'اچ پی ال','یک رو',6,12,1502),(7719,'ضخامت','48',4,6,1502),(7720,'نوع HPL','آرتا ',16,50,1502),(7721,'نوع','براق',14,43,1503),(7722,'عرض','60',15,73,1503),(7723,'لبه','دو لبه',5,11,1503),(7724,'اچ پی ال','یک رو',6,12,1503),(7725,'ضخامت','32',4,5,1503),(7726,'نوع HPL','وایا',16,49,1503),(7727,'نوع','براق',14,43,1504),(7728,'عرض','60',15,73,1504),(7729,'لبه','دو لبه',5,11,1504),(7730,'اچ پی ال','یک رو',6,12,1504),(7731,'ضخامت','48',4,6,1504),(7732,'نوع HPL','آرتا ',16,50,1504),(7733,'نوع','براق',14,43,1505),(7734,'عرض','60',15,73,1505),(7735,'لبه','دو لبه',5,11,1505),(7736,'اچ پی ال','یک رو',6,12,1505),(7737,'ضخامت','48',4,6,1505),(7738,'نوع HPL','آرتا ',16,50,1505),(7739,'نوع','براق',14,43,1506),(7740,'عرض','60',15,73,1506),(7741,'لبه','یک لبه',5,10,1506),(7742,'اچ پی ال','یک رو',6,12,1506),(7743,'ضخامت','48',4,6,1506),(7744,'نوع HPL','آرتا ',16,50,1506),(7745,'نوع','براق',14,43,1507),(7746,'عرض','60',15,73,1507),(7747,'لبه','دو لبه',5,11,1507),(7748,'اچ پی ال','یک رو',6,12,1507),(7749,'ضخامت','32',4,5,1507),(7750,'نوع HPL','آرتا ',16,50,1507),(7751,'ضخامت','16',4,37,1508),(7752,'کیفیت','درجه یک',8,38,1508),(7753,'برند','Ecoone',13,41,1508),(7754,'ضخامت','16',4,37,1509),(7755,'کیفیت','درجه یک',8,38,1509),(7756,'برند','Ecoone',13,41,1509),(7757,'ضخامت','16',4,37,1510),(7758,'کیفیت','درجه یک',8,38,1510),(7759,'برند','Zirve',13,42,1510),(7760,'ضخامت','16',4,37,1511),(7761,'کیفیت','درجه یک',8,38,1511),(7762,'برند','Ecoone',13,41,1511),(7763,'ضخامت','16',4,37,1512),(7764,'کیفیت','درجه یک',8,38,1512),(7765,'برند','Ecoone',13,41,1512),(7766,'ضخامت','16',4,37,1513),(7767,'کیفیت','درجه یک',8,38,1513),(7768,'برند','Ecoone',13,41,1513),(7769,'ضخامت','16',4,37,1514),(7770,'کیفیت','درجه یک',8,38,1514),(7771,'برند','ANG',13,40,1514),(7772,'ضخامت','16',4,37,1515),(7773,'کیفیت','درجه یک',8,38,1515),(7774,'برند','Ecoone',13,41,1515),(7775,'ضخامت','16',4,37,1516),(7776,'کیفیت','درجه یک',8,38,1516),(7777,'برند','Ecoone',13,41,1516),(7778,'ضخامت','16',4,37,1517),(7779,'کیفیت','درجه یک',8,38,1517),(7780,'برند','ANG',13,40,1517),(7781,'ضخامت','16',4,37,1518),(7782,'کیفیت','درجه یک',8,38,1518),(7783,'برند','ANG',13,40,1518),(7784,'ضخامت','16',4,37,1519),(7785,'کیفیت','درجه یک',8,38,1519),(7786,'برند','ANG',13,40,1519),(7787,'ضخامت','16',4,37,1520),(7788,'کیفیت','درجه یک',8,38,1520),(7789,'برند','ANG',13,40,1520),(7790,'ضخامت','16',4,37,1521),(7791,'کیفیت','درجه یک',8,38,1521),(7792,'برند','ANG',13,40,1521),(7793,'ضخامت','16',4,37,1522),(7794,'کیفیت','درجه یک',8,38,1522),(7795,'برند','ANG',13,40,1522),(7796,'نوع','براق',14,43,1523),(7797,'عرض','60',15,73,1523),(7798,'لبه','دو لبه',5,11,1523),(7799,'اچ پی ال','یک رو',6,12,1523),(7800,'ضخامت','48',4,6,1523),(7801,'نوع HPL','آرتا ',16,50,1523),(7802,'نوع','براق',14,43,1524),(7803,'عرض','60',15,73,1524),(7804,'لبه','یک لبه',5,10,1524),(7805,'اچ پی ال','یک رو',6,12,1524),(7806,'ضخامت','48',4,6,1524),(7807,'نوع HPL','آرتا ',16,50,1524),(7808,'نوع','براق',14,43,1525),(7809,'عرض','60',15,73,1525),(7810,'لبه','دو لبه',5,11,1525),(7811,'اچ پی ال','یک رو',6,12,1525),(7812,'ضخامت','48',4,6,1525),(7813,'نوع HPL','آرتا ',16,50,1525),(7814,'نوع','براق',14,43,1526),(7815,'عرض','60',15,73,1526),(7816,'لبه','یک لبه',5,10,1526),(7817,'اچ پی ال','یک رو',6,12,1526),(7818,'ضخامت','48',4,6,1526),(7819,'نوع HPL','آرتا ',16,50,1526),(7820,'نوع','براق',14,43,1527),(7821,'عرض','60',15,73,1527),(7822,'لبه','دو لبه',5,11,1527),(7823,'اچ پی ال','یک رو',6,12,1527),(7824,'ضخامت','48',4,6,1527),(7825,'نوع HPL','آرتا ',16,50,1527),(7826,'نوع','براق',14,43,1528),(7827,'عرض','60',15,73,1528),(7828,'لبه','یک لبه',5,10,1528),(7829,'اچ پی ال','یک رو',6,12,1528),(7830,'ضخامت','48',4,6,1528),(7831,'نوع HPL','آرتا ',16,50,1528),(7832,'نوع','براق',14,43,1529),(7833,'عرض','60',15,73,1529),(7834,'لبه','دو لبه',5,11,1529),(7835,'اچ پی ال','یک رو',6,12,1529),(7836,'ضخامت','48',4,6,1529),(7837,'نوع HPL','وایا',16,49,1529),(7838,'نوع','براق',14,43,1530),(7839,'عرض','60',15,73,1530),(7840,'لبه','دو لبه',5,11,1530),(7841,'اچ پی ال','یک رو',6,12,1530),(7842,'ضخامت','48',4,6,1530),(7843,'نوع HPL','آرتا ',16,50,1530),(7844,'نوع','براق',14,43,1531),(7845,'عرض','60',15,73,1531),(7846,'لبه','یک لبه',5,10,1531),(7847,'اچ پی ال','یک رو',6,12,1531),(7848,'ضخامت','48',4,6,1531),(7849,'نوع HPL','آرتا ',16,50,1531),(7850,'نوع','مات',14,44,1532),(7851,'عرض','60',15,73,1532),(7852,'لبه','دو لبه',5,11,1532),(7853,'اچ پی ال','یک رو',6,12,1532),(7854,'ضخامت','48',4,6,1532),(7855,'نوع HPL','آرتا ',16,50,1532),(7856,'نوع','مات',14,44,1533),(7857,'عرض','60',15,73,1533),(7858,'لبه','یک لبه',5,10,1533),(7859,'اچ پی ال','یک رو',6,12,1533),(7860,'ضخامت','48',4,6,1533),(7861,'نوع HPL','آرتا ',16,50,1533),(7862,'نوع','مات',14,44,1534),(7863,'عرض','60',15,73,1534),(7864,'لبه','دو لبه',5,11,1534),(7865,'اچ پی ال','یک رو',6,12,1534),(7866,'ضخامت','32',4,5,1534),(7867,'نوع HPL','آرتا ',16,50,1534),(7868,'نوع','مات',14,44,1535),(7869,'عرض','60',15,73,1535),(7870,'لبه','یک لبه',5,10,1535),(7871,'اچ پی ال','یک رو',6,12,1535),(7872,'ضخامت','32',4,5,1535),(7873,'نوع HPL','آرتا ',16,50,1535),(7874,'نوع','براق',14,43,1536),(7875,'عرض','60',15,73,1536),(7876,'لبه','دو لبه',5,11,1536),(7877,'اچ پی ال','یک رو',6,12,1536),(7878,'ضخامت','32',4,5,1536),(7879,'نوع HPL','آرتا ',16,50,1536),(7880,'نوع','براق',14,43,1537),(7881,'عرض','60',15,73,1537),(7882,'لبه','یک لبه',5,10,1537),(7883,'اچ پی ال','یک رو',6,12,1537),(7884,'ضخامت','32',4,5,1537),(7885,'نوع HPL','آرتا ',16,50,1537),(7886,'ضخامت','16',4,37,1538),(7887,'کیفیت','درجه یک',8,38,1538),(7888,'برند','ANG',13,40,1538),(7889,'ضخامت','16',4,37,1539),(7890,'کیفیت','درجه یک',8,38,1539),(7891,'برند','ANG',13,40,1539),(7908,'ضخامت','48',4,6,1543),(7907,'اچ پی ال','دو رو',6,13,1543),(7906,'لبه','دو لبه',5,11,1543),(7905,'عرض','90',15,79,1543),(7904,'نوع','براق',14,43,1543),(7909,'نوع HPL','آرتا ',16,50,1543),(7910,'ضخامت','16',4,37,1544),(7911,'کیفیت','درجه یک',8,38,1544),(7912,'برند','ANG',13,40,1544),(7913,'ضخامت','16',4,37,1545),(7914,'کیفیت','درجه یک',8,38,1545),(7915,'برند','ANG',13,40,1545),(7916,'ضخامت','16',4,37,1546),(7917,'کیفیت','درجه یک',8,38,1546),(7918,'برند','ANG',13,40,1546),(7919,'ضخامت','16',4,37,1547),(7920,'کیفیت','درجه یک',8,38,1547),(7921,'برند','ANG',13,40,1547),(7922,'ضخامت','16',4,37,1548),(7923,'کیفیت','درجه یک',8,38,1548),(7924,'برند','ANG',13,40,1548),(7925,'نوع','براق',14,43,1549),(7926,'عرض','60',15,73,1549),(7927,'لبه','دو لبه',5,11,1549),(7928,'اچ پی ال','یک رو',6,12,1549),(7929,'ضخامت','48',4,6,1549),(7930,'نوع HPL','آرتا ',16,50,1549),(7931,'نوع','براق',14,43,1550),(7932,'عرض','60',15,73,1550),(7933,'لبه','دو لبه',5,11,1550),(7934,'اچ پی ال','یک رو',6,12,1550),(7935,'ضخامت','32',4,5,1550),(7936,'نوع HPL','آرتا ',16,50,1550),(7968,'لبه','دو لبه',5,11,1556),(7967,'عرض','45',15,70,1556),(7966,'نوع','براق',14,43,1556),(7965,'نوع HPL','آرتا ',16,50,1555),(7964,'ضخامت','48',4,6,1555),(7963,'اچ پی ال','یک رو',6,12,1555),(7962,'لبه','دو لبه',5,11,1555),(7961,'عرض','60',15,73,1555),(7960,'نوع','براق',14,43,1555),(7948,'نوع','مات',14,44,1553),(7949,'عرض','90',15,79,1553),(7950,'لبه','دو لبه',5,11,1553),(7951,'اچ پی ال','یک رو',6,12,1553),(7952,'ضخامت','48',4,6,1553),(7953,'نوع HPL','وایا',16,49,1553),(7954,'نوع','مات',14,44,1554),(7955,'عرض','60',15,73,1554),(7956,'لبه','دو لبه',5,11,1554),(7957,'اچ پی ال','یک رو',6,12,1554),(7958,'ضخامت','48',4,6,1554),(7959,'نوع HPL','وایا',16,49,1554),(7969,'اچ پی ال','یک رو',6,12,1556),(7970,'ضخامت','48',4,6,1556),(7971,'نوع HPL','آرتا ',16,50,1556),(7972,'نوع','براق',14,43,1557),(7973,'عرض','60',15,73,1557),(7974,'لبه','یک لبه',5,10,1557),(7975,'اچ پی ال','یک رو',6,12,1557),(7976,'ضخامت','48',4,6,1557),(7977,'نوع HPL','آرتا ',16,50,1557),(7978,'نوع','براق',14,43,1558),(7979,'عرض','60',15,73,1558),(7980,'لبه','یک لبه',5,10,1558),(7981,'اچ پی ال','یک رو',6,12,1558),(7982,'ضخامت','48',4,6,1558),(7983,'نوع HPL','آرتا ',16,50,1558),(7984,'نوع','براق',14,43,1559),(7985,'عرض','60',15,73,1559),(7986,'لبه','دو لبه',5,11,1559),(7987,'اچ پی ال','یک رو',6,12,1559),(7988,'ضخامت','48',4,6,1559),(7989,'نوع HPL','آرتا ',16,50,1559),(7990,'نوع','براق',14,43,1560),(7991,'عرض','60',15,73,1560),(7992,'لبه','یک لبه',5,10,1560),(7993,'اچ پی ال','یک رو',6,12,1560),(7994,'ضخامت','48',4,6,1560),(7995,'نوع HPL','آرتا ',16,50,1560),(7996,'نوع','براق',14,43,1561),(7997,'عرض','60',15,73,1561),(7998,'لبه','دو لبه',5,11,1561),(7999,'اچ پی ال','یک رو',6,12,1561),(8000,'ضخامت','48',4,6,1561),(8001,'نوع HPL','آرتا ',16,50,1561),(8002,'نوع','براق',14,43,1562),(8003,'عرض','60',15,73,1562),(8004,'لبه','یک لبه',5,10,1562),(8005,'اچ پی ال','یک رو',6,12,1562),(8006,'ضخامت','48',4,6,1562),(8007,'نوع HPL','آرتا ',16,50,1562),(8008,'نوع','براق',14,43,1563),(8009,'عرض','60',15,73,1563),(8010,'لبه','دو لبه',5,11,1563),(8011,'اچ پی ال','یک رو',6,12,1563),(8012,'ضخامت','48',4,6,1563),(8013,'نوع HPL','وایا',16,49,1563),(8014,'نوع','براق',14,43,1564),(8015,'عرض','60',15,73,1564),(8016,'لبه','دو لبه',5,11,1564),(8017,'اچ پی ال','یک رو',6,12,1564),(8018,'ضخامت','48',4,6,1564),(8019,'نوع HPL','آرتا ',16,50,1564),(8020,'نوع','مات',14,44,1565),(8021,'عرض','60',15,73,1565),(8022,'لبه','یک لبه',5,10,1565),(8023,'اچ پی ال','یک رو',6,12,1565),(8024,'ضخامت','48',4,6,1565),(8025,'نوع HPL','وایا',16,49,1565),(8026,'نوع','مات',14,44,1566),(8027,'عرض','60',15,73,1566),(8028,'لبه','یک لبه',5,10,1566),(8029,'اچ پی ال','یک رو',6,12,1566),(8030,'ضخامت','48',4,6,1566),(8031,'نوع HPL','وایا',16,49,1566),(8032,'نوع','براق',14,43,1567),(8033,'عرض','60',15,73,1567),(8034,'لبه','دو لبه',5,11,1567),(8035,'اچ پی ال','یک رو',6,12,1567),(8036,'ضخامت','32',4,5,1567),(8037,'نوع HPL','آرتا ',16,50,1567),(8038,'نوع','براق',14,43,1568),(8039,'عرض','60',15,73,1568),(8040,'لبه','یک لبه',5,10,1568),(8041,'اچ پی ال','یک رو',6,12,1568),(8042,'ضخامت','32',4,5,1568),(8043,'نوع HPL','آرتا ',16,50,1568),(8044,'نوع','مات',14,44,1569),(8045,'عرض','60',15,73,1569),(8046,'لبه','دو لبه',5,11,1569),(8047,'اچ پی ال','یک رو',6,12,1569),(8048,'ضخامت','32',4,5,1569),(8049,'نوع HPL','آرتا ',16,50,1569),(8050,'نوع','مات',14,44,1570),(8051,'عرض','60',15,73,1570),(8052,'لبه','یک لبه',5,10,1570),(8053,'اچ پی ال','یک رو',6,12,1570),(8054,'ضخامت','32',4,5,1570),(8055,'نوع HPL','آرتا ',16,50,1570),(8056,'نوع','مات',14,44,1571),(8057,'عرض','60',15,73,1571),(8058,'لبه','دو لبه',5,11,1571),(8059,'اچ پی ال','یک رو',6,12,1571),(8060,'ضخامت','48',4,6,1571),(8061,'نوع HPL','آرتا ',16,50,1571),(8062,'نوع','مات',14,44,1572),(8063,'عرض','60',15,73,1572),(8064,'لبه','یک لبه',5,10,1572),(8065,'اچ پی ال','یک رو',6,12,1572),(8066,'ضخامت','48',4,6,1572),(8067,'نوع HPL','آرتا ',16,50,1572),(8068,'نوع','براق',14,43,1573),(8069,'عرض','80',15,77,1573),(8070,'لبه','دو لبه',5,11,1573),(8071,'اچ پی ال','دو رو',6,13,1573),(8072,'ضخامت','48',4,6,1573),(8073,'نوع HPL','آرتا ',16,50,1573),(8074,'نوع','براق',14,43,1574),(8075,'عرض','70',15,75,1574),(8076,'لبه','دو لبه',5,11,1574),(8077,'اچ پی ال','دو رو',6,13,1574),(8078,'ضخامت','32',4,5,1574),(8079,'نوع HPL','آرتا ',16,50,1574),(8080,'نوع','مات',14,44,1575),(8081,'عرض','60',15,73,1575),(8082,'لبه','دو لبه',5,11,1575),(8083,'اچ پی ال','یک رو',6,12,1575),(8084,'ضخامت','48',4,6,1575),(8085,'نوع HPL','آرتا ',16,50,1575),(8086,'نوع','مات',14,44,1576),(8087,'عرض','60',15,73,1576),(8088,'لبه','یک لبه',5,10,1576),(8089,'اچ پی ال','یک رو',6,12,1576),(8090,'ضخامت','48',4,6,1576),(8091,'نوع HPL','آرتا ',16,50,1576),(8092,'نوع','براق',14,43,1577),(8093,'عرض','60',15,73,1577),(8094,'لبه','دو لبه',5,11,1577),(8095,'اچ پی ال','یک رو',6,12,1577),(8096,'ضخامت','48',4,6,1577),(8097,'نوع HPL','آرتا ',16,50,1577),(8098,'نوع','براق',14,43,1578),(8099,'عرض','60',15,73,1578),(8100,'لبه','یک لبه',5,10,1578),(8101,'اچ پی ال','یک رو',6,12,1578),(8102,'ضخامت','48',4,6,1578),(8103,'نوع HPL','آرتا ',16,50,1578),(8104,'نوع','براق',14,43,1579),(8105,'عرض','60',15,73,1579),(8106,'لبه','دو لبه',5,11,1579),(8107,'اچ پی ال','یک رو',6,12,1579),(8108,'ضخامت','48',4,6,1579),(8109,'نوع HPL','آرتا ',16,50,1579),(8110,'نوع','براق',14,43,1580),(8111,'عرض','60',15,73,1580),(8112,'لبه','دو لبه',5,11,1580),(8113,'اچ پی ال','یک رو',6,12,1580),(8114,'ضخامت','48',4,6,1580),(8115,'نوع HPL','آرتا ',16,50,1580),(8116,'نوع','براق',14,43,1581),(8117,'عرض','60',15,73,1581),(8118,'لبه','دو لبه',5,11,1581),(8119,'اچ پی ال','یک رو',6,12,1581),(8120,'ضخامت','48',4,6,1581),(8121,'نوع HPL','آرتا ',16,50,1581),(8122,'نوع','براق',14,43,1582),(8123,'عرض','60',15,73,1582),(8124,'لبه','دو لبه',5,11,1582),(8125,'اچ پی ال','یک رو',6,12,1582),(8126,'ضخامت','48',4,6,1582),(8127,'نوع HPL','آرتا ',16,50,1582),(8128,'نوع','براق',14,43,1583),(8129,'عرض','60',15,73,1583),(8130,'لبه','یک لبه',5,10,1583),(8131,'اچ پی ال','یک رو',6,12,1583),(8132,'ضخامت','48',4,6,1583),(8133,'نوع HPL','آرتا ',16,50,1583),(8134,'نوع','مات',14,44,1584),(8135,'عرض','60',15,73,1584),(8136,'لبه','دو لبه',5,11,1584),(8137,'اچ پی ال','یک رو',6,12,1584),(8138,'ضخامت','48',4,6,1584),(8139,'نوع HPL','آرتا ',16,50,1584),(8140,'نوع','مات',14,44,1585),(8141,'عرض','60',15,73,1585),(8142,'لبه','یک لبه',5,10,1585),(8143,'اچ پی ال','یک رو',6,12,1585),(8144,'ضخامت','48',4,6,1585),(8145,'نوع HPL','آرتا ',16,50,1585),(8146,'نوع','مات',14,44,1586),(8147,'عرض','60',15,73,1586),(8148,'لبه','دو لبه',5,11,1586),(8149,'اچ پی ال','یک رو',6,12,1586),(8150,'ضخامت','48',4,6,1586),(8151,'نوع HPL','آرتا ',16,50,1586),(8152,'نوع','براق',14,43,1587),(8153,'عرض','60',15,73,1587),(8154,'لبه','دو لبه',5,11,1587),(8155,'اچ پی ال','یک رو',6,12,1587),(8156,'ضخامت','48',4,6,1587),(8157,'نوع HPL','آرتا ',16,50,1587),(8158,'نوع','براق',14,43,1588),(8159,'عرض','60',15,73,1588),(8160,'لبه','یک لبه',5,10,1588),(8161,'اچ پی ال','یک رو',6,12,1588),(8162,'ضخامت','48',4,6,1588),(8163,'نوع HPL','آرتا ',16,50,1588),(8164,'نوع','براق',14,43,1589),(8165,'عرض','70',15,75,1589),(8166,'لبه','دو لبه',5,11,1589),(8167,'اچ پی ال','دو رو',6,13,1589),(8168,'ضخامت','48',4,6,1589),(8169,'نوع HPL','آرتا ',16,50,1589),(8170,'نوع','براق',14,43,1590),(8171,'عرض','60',15,73,1590),(8172,'لبه','دو لبه',5,11,1590),(8173,'اچ پی ال','یک رو',6,12,1590),(8174,'ضخامت','48',4,6,1590),(8175,'نوع HPL','آرتا ',16,50,1590),(8176,'نوع','براق',14,43,1591),(8177,'عرض','60',15,73,1591),(8178,'لبه','یک لبه',5,10,1591),(8179,'اچ پی ال','یک رو',6,12,1591),(8180,'ضخامت','48',4,6,1591),(8181,'نوع HPL','آرتا ',16,50,1591),(8182,'نوع','براق',14,43,1592),(8183,'عرض','60',15,73,1592),(8184,'لبه','دو لبه',5,11,1592),(8185,'اچ پی ال','یک رو',6,12,1592),(8186,'ضخامت','48',4,6,1592),(8187,'نوع HPL','وایا',16,49,1592),(8188,'نوع','براق',14,43,1593),(8189,'عرض','60',15,73,1593),(8190,'لبه','یک لبه',5,10,1593),(8191,'اچ پی ال','یک رو',6,12,1593),(8192,'ضخامت','48',4,6,1593),(8193,'نوع HPL','وایا',16,49,1593),(8194,'نوع','براق',14,43,1594),(8195,'عرض','60',15,73,1594),(8196,'لبه','دو لبه',5,11,1594),(8197,'اچ پی ال','یک رو',6,12,1594),(8198,'ضخامت','48',4,6,1594),(8199,'نوع HPL','آرتا ',16,50,1594),(8200,'نوع','براق',14,43,1595),(8201,'عرض','60',15,73,1595),(8202,'لبه','یک لبه',5,10,1595),(8203,'اچ پی ال','یک رو',6,12,1595),(8204,'ضخامت','48',4,6,1595),(8205,'نوع HPL','آرتا ',16,50,1595),(8206,'نوع','براق',14,43,1596),(8207,'عرض','60',15,73,1596),(8208,'لبه','دو لبه',5,11,1596),(8209,'اچ پی ال','یک رو',6,12,1596),(8210,'ضخامت','48',4,6,1596),(8211,'نوع HPL','آرتا ',16,50,1596),(8212,'نوع','براق',14,43,1597),(8213,'عرض','60',15,73,1597),(8214,'لبه','یک لبه',5,10,1597),(8215,'اچ پی ال','یک رو',6,12,1597),(8216,'ضخامت','48',4,6,1597),(8217,'نوع HPL','آرتا ',16,50,1597),(8218,'نوع','براق',14,43,1598),(8219,'عرض','60',15,73,1598),(8220,'لبه','دو لبه',5,11,1598),(8221,'اچ پی ال','یک رو',6,12,1598),(8222,'ضخامت','48',4,6,1598),(8223,'نوع HPL','آرتا ',16,50,1598),(8224,'نوع','براق',14,43,1599),(8225,'عرض','60',15,73,1599),(8226,'لبه','یک لبه',5,10,1599),(8227,'اچ پی ال','یک رو',6,12,1599),(8228,'ضخامت','48',4,6,1599),(8229,'نوع HPL','آرتا ',16,50,1599),(8230,'نوع','براق',14,43,1600),(8231,'عرض','60',15,73,1600),(8232,'لبه','دو لبه',5,11,1600),(8233,'اچ پی ال','یک رو',6,12,1600),(8234,'ضخامت','48',4,6,1600),(8235,'نوع HPL','وایا',16,49,1600),(8236,'نوع','براق',14,43,1601),(8237,'عرض','60',15,73,1601),(8238,'لبه','دو لبه',5,11,1601),(8239,'اچ پی ال','یک رو',6,12,1601),(8240,'ضخامت','32',4,5,1601),(8241,'نوع HPL','وایا',16,49,1601),(8242,'نوع','براق',14,43,1602),(8243,'عرض','60',15,73,1602),(8244,'لبه','دو لبه',5,11,1602),(8245,'اچ پی ال','یک رو',6,12,1602),(8246,'ضخامت','48',4,6,1602),(8247,'نوع HPL','آرتا ',16,50,1602),(8248,'نوع','براق',14,43,1603),(8249,'عرض','60',15,73,1603),(8250,'لبه','یک لبه',5,10,1603),(8251,'اچ پی ال','یک رو',6,12,1603),(8252,'ضخامت','48',4,6,1603),(8253,'نوع HPL','آرتا ',16,50,1603),(8254,'نوع','براق',14,43,1604),(8255,'عرض','60',15,73,1604),(8256,'لبه','دو لبه',5,11,1604),(8257,'اچ پی ال','یک رو',6,12,1604),(8258,'ضخامت','48',4,6,1604),(8259,'نوع HPL','آرتا ',16,50,1604),(8260,'نوع','براق',14,43,1605),(8261,'عرض','60',15,73,1605),(8262,'لبه','یک لبه',5,10,1605),(8263,'اچ پی ال','یک رو',6,12,1605),(8264,'ضخامت','48',4,6,1605),(8265,'نوع HPL','آرتا ',16,50,1605),(8266,'نوع','براق',14,43,1606),(8267,'عرض','70',15,75,1606),(8268,'لبه','دو لبه',5,11,1606),(8269,'اچ پی ال','دو رو',6,13,1606),(8270,'ضخامت','48',4,6,1606),(8271,'نوع HPL','وایا',16,49,1606),(8272,'نوع','براق',14,43,1607),(8273,'عرض','60',15,73,1607),(8274,'لبه','دو لبه',5,11,1607),(8275,'اچ پی ال','یک رو',6,12,1607),(8276,'ضخامت','48',4,6,1607),(8277,'نوع HPL','آرتا ',16,50,1607),(8278,'نوع','براق',14,43,1608),(8279,'عرض','60',15,73,1608),(8280,'لبه','یک لبه',5,10,1608),(8281,'اچ پی ال','یک رو',6,12,1608),(8282,'ضخامت','48',4,6,1608),(8283,'نوع HPL','آرتا ',16,50,1608),(8284,'ضخامت','16',4,37,1609),(8285,'کیفیت','درجه یک',8,38,1609),(8286,'برند','ANG',13,40,1609),(8287,'ضخامت','16',4,37,1610),(8288,'کیفیت','درجه یک',8,38,1610),(8289,'برند','ANG',13,40,1610),(8290,'ضخامت','16',4,37,1611),(8291,'کیفیت','درجه یک',8,38,1611),(8292,'برند','ANG',13,40,1611),(8293,'ضخامت','16',4,37,1612),(8294,'کیفیت','درجه یک',8,38,1612),(8295,'برند','ANG',13,40,1612),(8296,'ضخامت','16',4,37,1613),(8297,'کیفیت','درجه یک',8,38,1613),(8298,'برند','ANG',13,40,1613),(8299,'ضخامت','16',4,37,1614),(8300,'کیفیت','درجه یک',8,38,1614),(8301,'برند','ANG',13,40,1614),(8302,'ضخامت','16',4,37,1615),(8303,'کیفیت','درجه یک',8,38,1615),(8304,'برند','ANG',13,40,1615),(8305,'ضخامت','16',4,37,1616),(8306,'کیفیت','درجه یک',8,38,1616),(8307,'برند','ANG',13,40,1616),(8308,'ضخامت','16',4,37,1617),(8309,'کیفیت','درجه یک',8,38,1617),(8310,'برند','ANG',13,40,1617),(8311,'ضخامت','16',4,37,1618),(8312,'کیفیت','درجه یک',8,38,1618),(8313,'برند','ANG',13,40,1618),(8314,'ضخامت','16',4,37,1619),(8315,'کیفیت','درجه یک',8,38,1619),(8316,'برند','ANG',13,40,1619),(8317,'ضخامت','16',4,37,1620),(8318,'کیفیت','درجه یک',8,38,1620),(8319,'برند','ANG',13,40,1620),(8320,'نوع','براق',14,43,1621),(8321,'عرض','80',15,77,1621),(8322,'لبه','دو لبه',5,11,1621),(8323,'اچ پی ال','دو رو',6,13,1621),(8324,'ضخامت','48',4,6,1621),(8325,'نوع HPL','آرتا ',16,50,1621),(8326,'نوع','براق',14,43,1622),(8327,'عرض','60',15,73,1622),(8328,'لبه','دو لبه',5,11,1622),(8329,'اچ پی ال','یک رو',6,12,1622),(8330,'ضخامت','48',4,6,1622),(8331,'نوع HPL','آرتا ',16,50,1622),(8332,'نوع','براق',14,43,1623),(8333,'عرض','60',15,73,1623),(8334,'لبه','دو لبه',5,11,1623),(8335,'اچ پی ال','یک رو',6,12,1623),(8336,'ضخامت','48',4,6,1623),(8337,'نوع HPL','آرتا ',16,50,1623),(8338,'نوع','براق',14,43,1624),(8339,'عرض','60',15,73,1624),(8340,'لبه','دو لبه',5,11,1624),(8341,'اچ پی ال','یک رو',6,12,1624),(8342,'ضخامت','48',4,6,1624),(8343,'نوع HPL','وایا',16,49,1624),(8344,'نوع','براق',14,43,1625),(8345,'عرض','60',15,73,1625),(8346,'لبه','دو لبه',5,11,1625),(8347,'اچ پی ال','یک رو',6,12,1625),(8348,'ضخامت','48',4,6,1625),(8349,'نوع HPL','وایا',16,49,1625),(8350,'نوع','براق',14,43,1626),(8351,'عرض','60',15,73,1626),(8352,'لبه','دو لبه',5,11,1626),(8353,'اچ پی ال','یک رو',6,12,1626),(8354,'ضخامت','48',4,6,1626),(8355,'نوع HPL','آرتا ',16,50,1626),(8356,'نوع','براق',14,43,1627),(8357,'عرض','60',15,73,1627),(8358,'لبه','یک لبه',5,10,1627),(8359,'اچ پی ال','یک رو',6,12,1627),(8360,'ضخامت','48',4,6,1627),(8361,'نوع HPL','آرتا ',16,50,1627),(8362,'نوع','براق',14,43,1628),(8363,'عرض','60',15,73,1628),(8364,'لبه','دو لبه',5,11,1628),(8365,'اچ پی ال','یک رو',6,12,1628),(8366,'ضخامت','48',4,6,1628),(8367,'نوع HPL','آرتا ',16,50,1628),(8368,'نوع','مات',14,44,1629),(8369,'عرض','60',15,73,1629),(8370,'لبه','دو لبه',5,11,1629),(8371,'اچ پی ال','یک رو',6,12,1629),(8372,'ضخامت','48',4,6,1629),(8373,'نوع HPL','آرتا ',16,50,1629),(8374,'نوع','مات',14,44,1630),(8375,'عرض','60',15,73,1630),(8376,'لبه','یک لبه',5,10,1630),(8377,'اچ پی ال','یک رو',6,12,1630),(8378,'ضخامت','48',4,6,1630),(8379,'نوع HPL','آرتا ',16,50,1630),(8380,'نوع','براق',14,43,1631),(8381,'عرض','60',15,73,1631),(8382,'لبه','دو لبه',5,11,1631),(8383,'اچ پی ال','یک رو',6,12,1631),(8384,'ضخامت','32',4,5,1631),(8385,'نوع HPL','وایا',16,49,1631),(8386,'نوع','براق',14,43,1632),(8387,'عرض','60',15,73,1632),(8388,'لبه','دو لبه',5,11,1632),(8389,'اچ پی ال','یک رو',6,12,1632),(8390,'ضخامت','32',4,5,1632),(8391,'نوع HPL','آرتا ',16,50,1632),(8392,'نوع','براق',14,43,1633),(8393,'عرض','60',15,73,1633),(8394,'لبه','دو لبه',5,11,1633),(8395,'اچ پی ال','یک رو',6,12,1633),(8396,'ضخامت','32',4,5,1633),(8397,'نوع HPL','آرتا ',16,50,1633),(8398,'نوع','مات',14,44,1634),(8399,'عرض','60',15,73,1634),(8400,'لبه','دو لبه',5,11,1634),(8401,'اچ پی ال','یک رو',6,12,1634),(8402,'ضخامت','32',4,5,1634),(8403,'نوع HPL','آرتا ',16,50,1634),(8404,'نوع','مات',14,44,1635),(8405,'عرض','60',15,73,1635),(8406,'لبه','دو لبه',5,11,1635),(8407,'اچ پی ال','یک رو',6,12,1635),(8408,'ضخامت','32',4,5,1635),(8409,'نوع HPL','آرتا ',16,50,1635),(8410,'ضخامت','16',4,37,1636),(8411,'کیفیت','درجه یک',8,38,1636),(8412,'برند','ANG',13,40,1636),(8413,'ضخامت','16',4,37,1637),(8414,'کیفیت','درجه یک',8,38,1637),(8415,'برند','ANG',13,40,1637),(8416,'نوع','براق',14,43,1638),(8417,'عرض','60',15,73,1638),(8418,'لبه','دو لبه',5,11,1638),(8419,'اچ پی ال','یک رو',6,12,1638),(8420,'ضخامت','48',4,6,1638),(8421,'نوع HPL','آرتا ',16,50,1638),(8422,'نوع','براق',14,43,1639),(8423,'عرض','60',15,73,1639),(8424,'لبه','دو لبه',5,11,1639),(8425,'اچ پی ال','یک رو',6,12,1639),(8426,'ضخامت','48',4,6,1639),(8427,'نوع HPL','وایا',16,49,1639),(8428,'نوع','براق',14,43,1640),(8429,'عرض','60',15,73,1640),(8430,'لبه','دو لبه',5,11,1640),(8431,'اچ پی ال','یک رو',6,12,1640),(8432,'ضخامت','48',4,6,1640),(8433,'نوع HPL','آرتا ',16,50,1640),(8434,'نوع','براق',14,43,1641),(8435,'عرض','60',15,73,1641),(8436,'لبه','یک لبه',5,10,1641),(8437,'اچ پی ال','یک رو',6,12,1641),(8438,'ضخامت','48',4,6,1641),(8439,'نوع HPL','آرتا ',16,50,1641),(8440,'نوع','مات',14,44,1642),(8441,'عرض','60',15,73,1642),(8442,'لبه','دو لبه',5,11,1642),(8443,'اچ پی ال','یک رو',6,12,1642),(8444,'ضخامت','48',4,6,1642),(8445,'نوع HPL','آرتا ',16,50,1642),(8446,'نوع','مات',14,44,1643),(8447,'عرض','60',15,73,1643),(8448,'لبه','یک لبه',5,10,1643),(8449,'اچ پی ال','یک رو',6,12,1643),(8450,'ضخامت','48',4,6,1643),(8451,'نوع HPL','آرتا ',16,50,1643),(8452,'نوع','براق',14,43,1644),(8453,'عرض','60',15,73,1644),(8454,'لبه','دو لبه',5,11,1644),(8455,'اچ پی ال','یک رو',6,12,1644),(8456,'ضخامت','48',4,6,1644),(8457,'نوع HPL','آرتا ',16,50,1644),(8458,'نوع','براق',14,43,1645),(8459,'عرض','60',15,73,1645),(8460,'لبه','یک لبه',5,10,1645),(8461,'اچ پی ال','یک رو',6,12,1645),(8462,'ضخامت','48',4,6,1645),(8463,'نوع HPL','آرتا ',16,50,1645),(8464,'نوع','براق',14,43,1646),(8465,'عرض','60',15,73,1646),(8466,'لبه','دو لبه',5,11,1646),(8467,'اچ پی ال','یک رو',6,12,1646),(8468,'ضخامت','48',4,6,1646),(8469,'نوع HPL','آرتا ',16,50,1646),(8470,'نوع','براق',14,43,1647),(8471,'عرض','60',15,73,1647),(8472,'لبه','یک لبه',5,10,1647),(8473,'اچ پی ال','یک رو',6,12,1647),(8474,'ضخامت','48',4,6,1647),(8475,'نوع HPL','آرتا ',16,50,1647),(8476,'نوع','مات',14,44,1648),(8477,'عرض','60',15,73,1648),(8478,'لبه','دو لبه',5,11,1648),(8479,'اچ پی ال','یک رو',6,12,1648),(8480,'ضخامت','48',4,6,1648),(8481,'نوع HPL','آرتا ',16,50,1648),(8482,'نوع','مات',14,44,1649),(8483,'عرض','60',15,73,1649),(8484,'لبه','دو لبه',5,11,1649),(8485,'اچ پی ال','یک رو',6,12,1649),(8486,'ضخامت','32',4,5,1649),(8487,'نوع HPL','آرتا ',16,50,1649),(8488,'نوع','مات',14,44,1650),(8489,'عرض','60',15,73,1650),(8490,'لبه','دو لبه',5,11,1650),(8491,'اچ پی ال','یک رو',6,12,1650),(8492,'ضخامت','48',4,6,1650),(8493,'نوع HPL','وایا',16,49,1650),(8494,'ضخامت','16',4,37,1651),(8495,'کیفیت','درجه یک',8,38,1651),(8496,'برند','ANG',13,40,1651),(8497,'ضخامت','16',4,37,1652),(8498,'کیفیت','درجه یک',8,38,1652),(8499,'برند','ANG',13,40,1652),(8500,'ضخامت','16',4,37,1653),(8501,'کیفیت','درجه یک',8,38,1653),(8502,'برند','ANG',13,40,1653),(8503,'ضخامت','16',4,37,1654),(8504,'کیفیت','درجه یک',8,38,1654),(8505,'برند','ANG',13,40,1654),(8506,'ضخامت','16',4,37,1655),(8507,'کیفیت','درجه یک',8,38,1655),(8508,'برند','ANG',13,40,1655),(8509,'نوع','براق',14,43,1656),(8510,'عرض','60',15,73,1656),(8511,'لبه','دو لبه',5,11,1656),(8512,'اچ پی ال','یک رو',6,12,1656),(8513,'ضخامت','32',4,5,1656),(8514,'نوع HPL','آرتا ',16,50,1656),(8515,'نوع','براق',14,43,1657),(8516,'عرض','60',15,73,1657),(8517,'لبه','دو لبه',5,11,1657),(8518,'اچ پی ال','یک رو',6,12,1657),(8519,'ضخامت','48',4,6,1657),(8520,'نوع HPL','آرتا ',16,50,1657),(8521,'نوع','براق',14,43,1658),(8522,'عرض','60',15,73,1658),(8523,'لبه','یک لبه',5,10,1658),(8524,'اچ پی ال','یک رو',6,12,1658),(8525,'ضخامت','48',4,6,1658),(8526,'نوع HPL','آرتا ',16,50,1658),(8527,'ضخامت','16',4,37,1659),(8528,'کیفیت','درجه یک',8,38,1659),(8529,'برند','Ecoone',13,41,1659),(8530,'ضخامت','16',4,37,1660),(8531,'کیفیت','درجه یک',8,38,1660),(8532,'برند','ANG',13,40,1660),(8533,'ضخامت','16',4,37,1661),(8534,'کیفیت','درجه یک',8,38,1661),(8535,'برند','ANG',13,40,1661),(8536,'ضخامت','16',4,37,1662),(8537,'کیفیت','درجه یک',8,38,1662),(8538,'برند','ANG',13,40,1662),(8539,'ضخامت','16',4,37,1663),(8540,'کیفیت','درجه یک',8,38,1663),(8541,'برند','ANG',13,40,1663),(8542,'ضخامت','16',4,37,1664),(8543,'کیفیت','درجه یک',8,38,1664),(8544,'برند','ANG',13,40,1664),(8545,'نوع','براق',14,43,1665),(8546,'عرض','60',15,73,1665),(8547,'لبه','دو لبه',5,11,1665),(8548,'اچ پی ال','یک رو',6,12,1665),(8549,'ضخامت','48',4,6,1665),(8550,'نوع HPL','آرتا ',16,50,1665),(8551,'نوع','براق',14,43,1666),(8552,'عرض','60',15,73,1666),(8553,'لبه','دو لبه',5,11,1666),(8554,'اچ پی ال','یک رو',6,12,1666),(8555,'ضخامت','48',4,6,1666),(8556,'نوع HPL','آرتا ',16,50,1666),(8557,'نوع','براق',14,43,1667),(8558,'عرض','60',15,73,1667),(8559,'لبه','دو لبه',5,11,1667),(8560,'اچ پی ال','یک رو',6,12,1667),(8561,'ضخامت','48',4,6,1667),(8562,'نوع HPL','آرتا ',16,50,1667),(8563,'نوع','براق',14,43,1668),(8564,'عرض','80',15,77,1668),(8565,'لبه','دو لبه',5,11,1668),(8566,'اچ پی ال','دو رو',6,13,1668),(8567,'ضخامت','48',4,6,1668),(8568,'نوع HPL','آرتا ',16,50,1668),(8569,'ضخامت','16',4,37,1669),(8570,'کیفیت','درجه یک',8,38,1669),(8571,'برند','ANG',13,40,1669),(8572,'ضخامت','16',4,37,1670),(8573,'کیفیت','درجه یک',8,38,1670),(8574,'برند','ANG',13,40,1670),(8575,'ضخامت','16',4,37,1671),(8576,'کیفیت','درجه یک',8,38,1671),(8577,'برند','ANG',13,40,1671),(8578,'ضخامت','16',4,37,1672),(8579,'کیفیت','درجه یک',8,38,1672),(8580,'برند','ANG',13,40,1672),(8581,'ضخامت','16',4,37,1673),(8582,'کیفیت','درجه یک',8,38,1673),(8583,'برند','ANG',13,40,1673),(8584,'ضخامت','16',4,37,1674),(8585,'کیفیت','درجه یک',8,38,1674),(8586,'برند','ANG',13,40,1674),(8587,'ضخامت','16',4,37,1675),(8588,'کیفیت','درجه یک',8,38,1675),(8589,'برند','ANG',13,40,1675),(8590,'ضخامت','16',4,37,1676),(8591,'کیفیت','درجه یک',8,38,1676),(8592,'برند','ANG',13,40,1676),(8593,'ضخامت','16',4,37,1677),(8594,'کیفیت','درجه یک',8,38,1677),(8595,'برند','ANG',13,40,1677),(8596,'نوع','مات',14,44,1678),(8597,'عرض','60',15,73,1678),(8598,'لبه','دو لبه',5,11,1678),(8599,'اچ پی ال','یک رو',6,12,1678),(8600,'ضخامت','48',4,6,1678),(8601,'نوع HPL','وایا',16,49,1678),(8602,'نوع','براق',14,43,1679),(8603,'عرض','60',15,73,1679),(8604,'لبه','دو لبه',5,11,1679),(8605,'اچ پی ال','یک رو',6,12,1679),(8606,'ضخامت','48',4,6,1679),(8607,'نوع HPL','وایا',16,49,1679),(8608,'نوع','براق',14,43,1680),(8609,'عرض','60',15,73,1680),(8610,'لبه','دو لبه',5,11,1680),(8611,'اچ پی ال','یک رو',6,12,1680),(8612,'ضخامت','48',4,6,1680),(8613,'نوع HPL','وایا',16,49,1680),(8614,'نوع','براق',14,43,1681),(8615,'عرض','75',15,76,1681),(8616,'لبه','دو لبه',5,11,1681),(8617,'اچ پی ال','دو رو',6,13,1681),(8618,'ضخامت','48',4,6,1681),(8619,'نوع HPL','آرتا ',16,50,1681),(8620,'نوع','براق',14,43,1682),(8621,'عرض','60',15,73,1682),(8622,'لبه','دو لبه',5,11,1682),(8623,'اچ پی ال','یک رو',6,12,1682),(8624,'ضخامت','48',4,6,1682),(8625,'نوع HPL','آرتا ',16,50,1682),(8626,'نوع','براق',14,43,1683),(8627,'عرض','75',15,76,1683),(8628,'لبه','دو لبه',5,11,1683),(8629,'اچ پی ال','دو رو',6,13,1683),(8630,'ضخامت','48',4,6,1683),(8631,'نوع HPL','آرتا ',16,50,1683),(8632,'نوع','براق',14,43,1684),(8633,'عرض','60',15,73,1684),(8634,'لبه','یک لبه',5,10,1684),(8635,'اچ پی ال','یک رو',6,12,1684),(8636,'ضخامت','32',4,5,1684),(8637,'نوع HPL','وایا',16,49,1684),(8638,'نوع','براق',14,43,1685),(8639,'عرض','60',15,73,1685),(8640,'لبه','دو لبه',5,11,1685),(8641,'اچ پی ال','یک رو',6,12,1685),(8642,'ضخامت','32',4,5,1685),(8643,'نوع HPL','آرتا ',16,50,1685),(8644,'نوع','براق',14,43,1686),(8645,'عرض','60',15,73,1686),(8646,'لبه','یک لبه',5,10,1686),(8647,'اچ پی ال','یک رو',6,12,1686),(8648,'ضخامت','32',4,5,1686),(8649,'نوع HPL','آرتا ',16,50,1686),(8650,'نوع','براق',14,43,1687),(8651,'عرض','60',15,73,1687),(8652,'لبه','دو لبه',5,11,1687),(8653,'اچ پی ال','یک رو',6,12,1687),(8654,'ضخامت','48',4,6,1687),(8655,'نوع HPL','وایا',16,49,1687),(8656,'نوع','براق',14,43,1688),(8657,'عرض','60',15,73,1688),(8658,'لبه','یک لبه',5,10,1688),(8659,'اچ پی ال','یک رو',6,12,1688),(8660,'ضخامت','48',4,6,1688),(8661,'نوع HPL','آرتا ',16,50,1688),(8662,'نوع','براق',14,43,1689),(8663,'عرض','60',15,73,1689),(8664,'لبه','یک لبه',5,10,1689),(8665,'اچ پی ال','یک رو',6,12,1689),(8666,'ضخامت','48',4,6,1689),(8667,'نوع HPL','آرتا ',16,50,1689),(8668,'نوع','براق',14,43,1690),(8669,'عرض','60',15,73,1690),(8670,'لبه','دو لبه',5,11,1690),(8671,'اچ پی ال','یک رو',6,12,1690),(8672,'ضخامت','48',4,6,1690),(8673,'نوع HPL','وایا',16,49,1690),(8674,'نوع','براق',14,43,1691),(8675,'عرض','60',15,73,1691),(8676,'لبه','یک لبه',5,10,1691),(8677,'اچ پی ال','یک رو',6,12,1691),(8678,'ضخامت','48',4,6,1691),(8679,'نوع HPL','وایا',16,49,1691),(8680,'نوع','مات',14,44,1692),(8681,'عرض','60',15,73,1692),(8682,'لبه','دو لبه',5,11,1692),(8683,'اچ پی ال','یک رو',6,12,1692),(8684,'ضخامت','48',4,6,1692),(8685,'نوع HPL','آرتا ',16,50,1692),(8686,'نوع','مات',14,44,1693),(8687,'عرض','60',15,73,1693),(8688,'لبه','یک لبه',5,10,1693),(8689,'اچ پی ال','یک رو',6,12,1693),(8690,'ضخامت','48',4,6,1693),(8691,'نوع HPL','آرتا ',16,50,1693),(8692,'نوع','مات',14,44,1694),(8693,'عرض','60',15,73,1694),(8694,'لبه','یک لبه',5,10,1694),(8695,'اچ پی ال','یک رو',6,12,1694),(8696,'ضخامت','48',4,6,1694),(8697,'نوع HPL','آرتا ',16,50,1694),(8698,'نوع','براق',14,43,1695),(8699,'عرض','65',15,74,1695),(8700,'لبه','دو لبه',5,11,1695),(8701,'اچ پی ال','یک رو',6,12,1695),(8702,'ضخامت','48',4,6,1695),(8703,'نوع HPL','آرتا ',16,50,1695),(8704,'نوع','مات',14,44,1696),(8705,'عرض','65',15,74,1696),(8706,'لبه','دو لبه',5,11,1696),(8707,'اچ پی ال','یک رو',6,12,1696),(8708,'ضخامت','48',4,6,1696),(8709,'نوع HPL','آرتا ',16,50,1696),(8710,'نوع','براق',14,43,1697),(8711,'عرض','60',15,73,1697),(8712,'لبه','دو لبه',5,11,1697),(8713,'اچ پی ال','یک رو',6,12,1697),(8714,'ضخامت','48',4,6,1697),(8715,'نوع HPL','وایا',16,49,1697),(8716,'نوع','براق',14,43,1698),(8717,'عرض','60',15,73,1698),(8718,'لبه','دو لبه',5,11,1698),(8719,'اچ پی ال','یک رو',6,12,1698),(8720,'ضخامت','48',4,6,1698),(8721,'نوع HPL','وایا',16,49,1698),(8722,'نوع','براق',14,43,1699),(8723,'عرض','65',15,74,1699),(8724,'لبه','دو لبه',5,11,1699),(8725,'اچ پی ال','یک رو',6,12,1699),(8726,'ضخامت','48',4,6,1699),(8727,'نوع HPL','وایا',16,49,1699),(8728,'نوع','براق',14,43,1700),(8729,'عرض','60',15,73,1700),(8730,'لبه','دو لبه',5,11,1700),(8731,'اچ پی ال','یک رو',6,12,1700),(8732,'ضخامت','48',4,6,1700),(8733,'نوع HPL','آرتا ',16,50,1700),(8734,'نوع','براق',14,43,1701),(8735,'عرض','60',15,73,1701),(8736,'لبه','دو لبه',5,11,1701),(8737,'اچ پی ال','یک رو',6,12,1701),(8738,'ضخامت','48',4,6,1701),(8739,'نوع HPL','آرتا ',16,50,1701),(8740,'نوع','براق',14,43,1702),(8741,'عرض','65',15,74,1702),(8742,'لبه','دو لبه',5,11,1702),(8743,'اچ پی ال','یک رو',6,12,1702),(8744,'ضخامت','48',4,6,1702),(8745,'نوع HPL','آرتا ',16,50,1702),(8746,'نوع','براق',14,43,1703),(8747,'عرض','65',15,74,1703),(8748,'لبه','دو لبه',5,11,1703),(8749,'اچ پی ال','یک رو',6,12,1703),(8750,'ضخامت','32',4,5,1703),(8751,'نوع HPL','آرتا ',16,50,1703),(8752,'نوع','براق',14,43,1704),(8753,'عرض','60',15,73,1704),(8754,'لبه','دو لبه',5,11,1704),(8755,'اچ پی ال','یک رو',6,12,1704),(8756,'ضخامت','32',4,5,1704),(8757,'نوع HPL','وایا',16,49,1704),(8758,'نوع','براق',14,43,1705),(8759,'عرض','65',15,74,1705),(8760,'لبه','دو لبه',5,11,1705),(8761,'اچ پی ال','یک رو',6,12,1705),(8762,'ضخامت','32',4,5,1705),(8763,'نوع HPL','وایا',16,49,1705),(8764,'ضخامت','16',4,37,1706),(8765,'کیفیت','درجه یک',8,38,1706),(8766,'برند','ANG',13,40,1706),(8767,'ضخامت','16',4,37,1707),(8768,'کیفیت','درجه یک',8,38,1707),(8769,'برند','ANG',13,40,1707),(8770,'ضخامت','16',4,37,1708),(8771,'کیفیت','درجه یک',8,38,1708),(8772,'برند','ANG',13,40,1708),(8773,'ضخامت','16',4,37,1709),(8774,'کیفیت','درجه یک',8,38,1709),(8775,'برند','ANG',13,40,1709),(8776,'ضخامت','16',4,37,1710),(8777,'کیفیت','درجه یک',8,38,1710),(8778,'برند','ANG',13,40,1710),(8779,'ضخامت','16',4,37,1711),(8780,'کیفیت','درجه یک',8,38,1711),(8781,'برند','ANG',13,40,1711),(8782,'نوع','براق',14,43,1712),(8783,'عرض','60',15,73,1712),(8784,'لبه','دو لبه',5,11,1712),(8785,'اچ پی ال','یک رو',6,12,1712),(8786,'ضخامت','48',4,6,1712),(8787,'نوع HPL','آرتا ',16,50,1712),(8788,'نوع','براق',14,43,1713),(8789,'عرض','60',15,73,1713),(8790,'لبه','دو لبه',5,11,1713),(8791,'اچ پی ال','یک رو',6,12,1713),(8792,'ضخامت','48',4,6,1713),(8793,'نوع HPL','آرتا ',16,50,1713),(8794,'نوع','براق',14,43,1714),(8795,'عرض','60',15,73,1714),(8796,'لبه','دو لبه',5,11,1714),(8797,'اچ پی ال','یک رو',6,12,1714),(8798,'ضخامت','48',4,6,1714),(8799,'نوع HPL','وایا',16,49,1714),(8800,'نوع','براق',14,43,1715),(8801,'عرض','60',15,73,1715),(8802,'لبه','دو لبه',5,11,1715),(8803,'اچ پی ال','یک رو',6,12,1715),(8804,'ضخامت','48',4,6,1715),(8805,'نوع HPL','آرتا ',16,50,1715),(8806,'نوع','براق',14,43,1716),(8807,'عرض','60',15,73,1716),(8808,'لبه','دو لبه',5,11,1716),(8809,'اچ پی ال','یک رو',6,12,1716),(8810,'ضخامت','48',4,6,1716),(8811,'نوع HPL','آرتا ',16,50,1716),(8812,'نوع','براق',14,43,1717),(8813,'عرض','60',15,73,1717),(8814,'لبه','دو لبه',5,11,1717),(8815,'اچ پی ال','یک رو',6,12,1717),(8816,'ضخامت','48',4,6,1717),(8817,'نوع HPL','آرتا ',16,50,1717),(8818,'نوع','براق',14,43,1718),(8819,'عرض','60',15,73,1718),(8820,'لبه','دو لبه',5,11,1718),(8821,'اچ پی ال','یک رو',6,12,1718),(8822,'ضخامت','48',4,6,1718),(8823,'نوع HPL','وایا',16,49,1718),(8824,'نوع','مات',14,44,1719),(8825,'عرض','60',15,73,1719),(8826,'لبه','دو لبه',5,11,1719),(8827,'اچ پی ال','یک رو',6,12,1719),(8828,'ضخامت','48',4,6,1719),(8829,'نوع HPL','آرتا ',16,50,1719),(8830,'نوع','براق',14,43,1720),(8831,'عرض','60',15,73,1720),(8832,'لبه','دو لبه',5,11,1720),(8833,'اچ پی ال','یک رو',6,12,1720),(8834,'ضخامت','32',4,5,1720),(8835,'نوع HPL','وایا',16,49,1720),(8836,'نوع','براق',14,43,1721),(8837,'عرض','60',15,73,1721),(8838,'لبه','دو لبه',5,11,1721),(8839,'اچ پی ال','یک رو',6,12,1721),(8840,'ضخامت','32',4,5,1721),(8841,'نوع HPL','آرتا ',16,50,1721),(8842,'نوع','براق',14,43,1722),(8843,'عرض','60',15,73,1722),(8844,'لبه','دو لبه',5,11,1722),(8845,'اچ پی ال','یک رو',6,12,1722),(8846,'ضخامت','32',4,5,1722),(8847,'نوع HPL','آرتا ',16,50,1722),(8848,'نوع','مات',14,44,1723),(8849,'عرض','60',15,73,1723),(8850,'لبه','دو لبه',5,11,1723),(8851,'اچ پی ال','یک رو',6,12,1723),(8852,'ضخامت','32',4,5,1723),(8853,'نوع HPL','آرتا ',16,50,1723),(8854,'ضخامت','16',4,37,1724),(8855,'کیفیت','درجه یک',8,38,1724),(8856,'برند','ANG',13,40,1724),(8857,'ضخامت','16',4,37,1725),(8858,'کیفیت','درجه یک',8,38,1725),(8859,'برند','ANG',13,40,1725),(8860,'ضخامت','16',4,37,1726),(8861,'کیفیت','درجه یک',8,38,1726),(8862,'برند','ANG',13,40,1726),(8863,'ضخامت','16',4,37,1727),(8864,'کیفیت','درجه یک',8,38,1727),(8865,'برند','ANG',13,40,1727),(8866,'ضخامت','16',4,37,1728),(8867,'کیفیت','درجه یک',8,38,1728),(8868,'برند','ANG',13,40,1728),(8869,'ضخامت','16',4,37,1729),(8870,'کیفیت','درجه یک',8,38,1729),(8871,'برند','ANG',13,40,1729),(8872,'ضخامت','16',4,37,1730),(8873,'کیفیت','درجه یک',8,38,1730),(8874,'برند','ANG',13,40,1730),(8875,'ضخامت','16',4,37,1731),(8876,'کیفیت','درجه یک',8,38,1731),(8877,'برند','ANG',13,40,1731),(8878,'ضخامت','16',4,37,1732),(8879,'کیفیت','درجه یک',8,38,1732),(8880,'برند','ANG',13,40,1732),(8881,'ضخامت','16',4,37,1733),(8882,'کیفیت','درجه یک',8,38,1733),(8883,'برند','ANG',13,40,1733),(8884,'ضخامت','16',4,37,1734),(8885,'کیفیت','درجه یک',8,38,1734),(8886,'برند','ANG',13,40,1734),(8887,'ضخامت','16',4,37,1735),(8888,'کیفیت','درجه یک',8,38,1735),(8889,'برند','ANG',13,40,1735),(8890,'ضخامت','16',4,37,1736),(8891,'کیفیت','درجه یک',8,38,1736),(8892,'برند','ANG',13,40,1736),(8893,'نوع','مات',14,44,1737),(8894,'عرض','60',15,73,1737),(8895,'لبه','دو لبه',5,11,1737),(8896,'اچ پی ال','یک رو',6,12,1737),(8897,'ضخامت','48',4,6,1737),(8898,'نوع HPL','آرتا ',16,50,1737),(8899,'نوع','براق',14,43,1738),(8900,'عرض','60',15,73,1738),(8901,'لبه','یک لبه',5,10,1738),(8902,'اچ پی ال','یک رو',6,12,1738),(8903,'ضخامت','32',4,5,1738),(8904,'نوع HPL','آرتا ',16,50,1738),(8905,'نوع','براق',14,43,1739),(8906,'عرض','60',15,73,1739),(8907,'لبه','یک لبه',5,10,1739),(8908,'اچ پی ال','یک رو',6,12,1739),(8909,'ضخامت','32',4,5,1739),(8910,'نوع HPL','آرتا ',16,50,1739),(8911,'نوع','مات',14,44,1740),(8912,'عرض','60',15,73,1740),(8913,'لبه','دو لبه',5,11,1740),(8914,'اچ پی ال','یک رو',6,12,1740),(8915,'ضخامت','32',4,5,1740),(8916,'نوع HPL','آرتا ',16,50,1740),(8917,'نوع','براق',14,43,1741),(8918,'عرض','60',15,73,1741),(8919,'لبه','یک لبه',5,10,1741),(8920,'اچ پی ال','یک رو',6,12,1741),(8921,'ضخامت','32',4,5,1741),(8922,'نوع HPL','وایا',16,49,1741),(8923,'نوع','براق',14,43,1742),(8924,'عرض','60',15,73,1742),(8925,'لبه','دو لبه',5,11,1742),(8926,'اچ پی ال','یک رو',6,12,1742),(8927,'ضخامت','32',4,5,1742),(8928,'نوع HPL','وایا',16,49,1742),(8929,'نوع','براق',14,43,1743),(8930,'عرض','60',15,73,1743),(8931,'لبه','یک لبه',5,10,1743),(8932,'اچ پی ال','یک رو',6,12,1743),(8933,'ضخامت','48',4,6,1743),(8934,'نوع HPL','آرتا ',16,50,1743),(8935,'نوع','مات',14,44,1744),(8936,'عرض','60',15,73,1744),(8937,'لبه','دو لبه',5,11,1744),(8938,'اچ پی ال','یک رو',6,12,1744),(8939,'ضخامت','48',4,6,1744),(8940,'نوع HPL','آرتا ',16,50,1744),(8941,'نوع','مات',14,44,1745),(8942,'عرض','60',15,73,1745),(8943,'لبه','یک لبه',5,10,1745),(8944,'اچ پی ال','یک رو',6,12,1745),(8945,'ضخامت','48',4,6,1745),(8946,'نوع HPL','آرتا ',16,50,1745),(8947,'نوع','براق',14,43,1746),(8948,'عرض','60',15,73,1746),(8949,'لبه','دو لبه',5,11,1746),(8950,'اچ پی ال','یک رو',6,12,1746),(8951,'ضخامت','48',4,6,1746),(8952,'نوع HPL','وایا',16,49,1746),(8953,'نوع','براق',14,43,1747),(8954,'عرض','60',15,73,1747),(8955,'لبه','یک لبه',5,10,1747),(8956,'اچ پی ال','یک رو',6,12,1747),(8957,'ضخامت','48',4,6,1747),(8958,'نوع HPL','وایا',16,49,1747),(8959,'نوع','براق',14,43,1748),(8960,'عرض','60',15,73,1748),(8961,'لبه','دو لبه',5,11,1748),(8962,'اچ پی ال','یک رو',6,12,1748),(8963,'ضخامت','48',4,6,1748),(8964,'نوع HPL','آرتا ',16,50,1748),(8965,'نوع','براق',14,43,1749),(8966,'عرض','60',15,73,1749),(8967,'لبه','یک لبه',5,10,1749),(8968,'اچ پی ال','یک رو',6,12,1749),(8969,'ضخامت','48',4,6,1749),(8970,'نوع HPL','آرتا ',16,50,1749),(8981,'ضخامت','48',4,6,1751),(8980,'اچ پی ال','یک رو',6,12,1751),(8979,'لبه','دو لبه',5,11,1751),(8978,'عرض','60',15,73,1751),(8977,'نوع','مات',14,44,1751),(8982,'نوع HPL','وایا',16,49,1751),(8983,'نوع','براق',14,43,1752),(8984,'عرض','60',15,73,1752),(8985,'لبه','دو لبه',5,11,1752),(8986,'اچ پی ال','یک رو',6,12,1752),(8987,'ضخامت','48',4,6,1752),(8988,'نوع HPL','وایا',16,49,1752),(8989,'نوع','براق',14,43,1753),(8990,'عرض','60',15,73,1753),(8991,'لبه','دو لبه',5,11,1753),(8992,'اچ پی ال','یک رو',6,12,1753),(8993,'ضخامت','48',4,6,1753),(8994,'نوع HPL','آرتا ',16,50,1753),(8995,'نوع','براق',14,43,1754),(8996,'عرض','60',15,73,1754),(8997,'لبه','یک لبه',5,10,1754),(8998,'اچ پی ال','یک رو',6,12,1754),(8999,'ضخامت','48',4,6,1754),(9000,'نوع HPL','آرتا ',16,50,1754),(9001,'نوع','مات',14,44,1755),(9002,'عرض','60',15,73,1755),(9003,'لبه','دو لبه',5,11,1755),(9004,'اچ پی ال','یک رو',6,12,1755),(9005,'ضخامت','32',4,5,1755),(9006,'نوع HPL','آرتا ',16,50,1755),(9007,'نوع','مات',14,44,1756),(9008,'عرض','60',15,73,1756),(9009,'لبه','دو لبه',5,11,1756),(9010,'اچ پی ال','یک رو',6,12,1756),(9011,'ضخامت','48',4,6,1756),(9012,'نوع HPL','آرتا ',16,50,1756),(9013,'نوع','براق',14,43,1757),(9014,'عرض','60',15,73,1757),(9015,'لبه','دو لبه',5,11,1757),(9016,'اچ پی ال','یک رو',6,12,1757),(9017,'ضخامت','48',4,6,1757),(9018,'نوع HPL','آرتا ',16,50,1757),(9019,'نوع','براق',14,43,1758),(9020,'عرض','60',15,73,1758),(9021,'لبه','دو لبه',5,11,1758),(9022,'اچ پی ال','یک رو',6,12,1758),(9023,'ضخامت','32',4,5,1758),(9024,'نوع HPL','آرتا ',16,50,1758),(9025,'نوع','براق',14,43,1759),(9026,'عرض','60',15,73,1759),(9027,'لبه','دو لبه',5,11,1759),(9028,'اچ پی ال','یک رو',6,12,1759),(9029,'ضخامت','32',4,5,1759),(9030,'نوع HPL','وایا',16,49,1759),(9031,'نوع','براق',14,43,1760),(9032,'عرض','60',15,73,1760),(9033,'لبه','دو لبه',5,11,1760),(9034,'اچ پی ال','یک رو',6,12,1760),(9035,'ضخامت','48',4,6,1760),(9036,'نوع HPL','وایا',16,49,1760),(9037,'نوع','براق',14,43,1761),(9038,'عرض','60',15,73,1761),(9039,'لبه','دو لبه',5,11,1761),(9040,'اچ پی ال','یک رو',6,12,1761),(9041,'ضخامت','32',4,5,1761),(9042,'نوع HPL','وایا',16,49,1761),(9043,'نوع','براق',14,43,1762),(9044,'عرض','60',15,73,1762),(9045,'لبه','دو لبه',5,11,1762),(9046,'اچ پی ال','یک رو',6,12,1762),(9047,'ضخامت','48',4,6,1762),(9048,'نوع HPL','آرتا ',16,50,1762),(9049,'نوع','براق',14,43,1763),(9050,'عرض','60',15,73,1763),(9051,'لبه','یک لبه',5,10,1763),(9052,'اچ پی ال','یک رو',6,12,1763),(9053,'ضخامت','48',4,6,1763),(9054,'نوع HPL','آرتا ',16,50,1763),(9055,'نوع','براق',14,43,1764),(9056,'عرض','60',15,73,1764),(9057,'لبه','دو لبه',5,11,1764),(9058,'اچ پی ال','یک رو',6,12,1764),(9059,'ضخامت','48',4,6,1764),(9060,'نوع HPL','آرتا ',16,50,1764),(9061,'نوع','مات',14,44,1765),(9062,'عرض','60',15,73,1765),(9063,'لبه','دو لبه',5,11,1765),(9064,'اچ پی ال','یک رو',6,12,1765),(9065,'ضخامت','32',4,5,1765),(9066,'نوع HPL','آرتا ',16,50,1765),(9067,'نوع','براق',14,43,1766),(9068,'عرض','60',15,73,1766),(9069,'لبه','دو لبه',5,11,1766),(9070,'اچ پی ال','یک رو',6,12,1766),(9071,'ضخامت','32',4,5,1766),(9072,'نوع HPL','آرتا ',16,50,1766),(9073,'نوع','مات',14,44,1767),(9074,'عرض','60',15,73,1767),(9075,'لبه','دو لبه',5,11,1767),(9076,'اچ پی ال','یک رو',6,12,1767),(9077,'ضخامت','48',4,6,1767),(9078,'نوع HPL','آرتا ',16,50,1767),(9079,'نوع','مات',14,44,1768),(9080,'عرض','60',15,73,1768),(9081,'لبه','یک لبه',5,10,1768),(9082,'اچ پی ال','یک رو',6,12,1768),(9083,'ضخامت','48',4,6,1768),(9084,'نوع HPL','آرتا ',16,50,1768),(9085,'نوع','براق',14,43,1769),(9086,'عرض','60',15,73,1769),(9087,'لبه','دو لبه',5,11,1769),(9088,'اچ پی ال','یک رو',6,12,1769),(9089,'ضخامت','48',4,6,1769),(9090,'نوع HPL','آرتا ',16,50,1769),(9091,'ضخامت','16',4,37,1770),(9092,'کیفیت','درجه یک',8,38,1770),(9093,'برند','ANG',13,40,1770),(9094,'ضخامت','16',4,37,1771),(9095,'کیفیت','درجه یک',8,38,1771),(9096,'برند','ANG',13,40,1771),(9097,'ضخامت','16',4,37,1772),(9098,'کیفیت','درجه یک',8,38,1772),(9099,'برند','ANG',13,40,1772),(9100,'ضخامت','16',4,37,1773),(9101,'کیفیت','درجه یک',8,38,1773),(9102,'برند','ANG',13,40,1773),(9103,'ضخامت','16',4,37,1774),(9104,'کیفیت','درجه یک',8,38,1774),(9105,'برند','ANG',13,40,1774),(9106,'ضخامت','16',4,37,1775),(9107,'کیفیت','درجه یک',8,38,1775),(9108,'برند','ANG',13,40,1775),(9109,'ضخامت','16',4,37,1776),(9110,'کیفیت','درجه یک',8,38,1776),(9111,'برند','ANG',13,40,1776),(9112,'ضخامت','16',4,37,1777),(9113,'کیفیت','درجه یک',8,38,1777),(9114,'برند','ANG',13,40,1777),(9115,'ضخامت','16',4,37,1778),(9116,'کیفیت','درجه یک',8,38,1778),(9117,'برند','Zirve',13,42,1778),(9118,'ضخامت','16',4,37,1779),(9119,'کیفیت','درجه یک',8,38,1779),(9120,'برند','Ecoone',13,41,1779),(9121,'ضخامت','16',4,37,1780),(9122,'کیفیت','درجه یک',8,38,1780),(9123,'برند','Ecoone',13,41,1780),(9124,'ضخامت','16',4,37,1781),(9125,'کیفیت','درجه یک',8,38,1781),(9126,'برند','Ecoone',13,41,1781),(9127,'ضخامت','16',4,37,1782),(9128,'کیفیت','درجه یک',8,38,1782),(9129,'برند','Ecoone',13,41,1782),(9130,'ضخامت','16',4,37,1783),(9131,'کیفیت','درجه یک',8,38,1783),(9132,'برند','Ecoone',13,41,1783),(9133,'ضخامت','16',4,37,1784),(9134,'کیفیت','درجه یک',8,38,1784),(9135,'برند','ANG',13,40,1784),(9136,'ضخامت','16',4,37,1785),(9137,'کیفیت','درجه یک',8,38,1785),(9138,'برند','ANG',13,40,1785),(9139,'ضخامت','16',4,37,1786),(9140,'کیفیت','درجه یک',8,38,1786),(9141,'برند','ANG',13,40,1786),(9142,'ضخامت','16',4,37,1787),(9143,'کیفیت','درجه یک',8,38,1787),(9144,'برند','ANG',13,40,1787),(9145,'ضخامت','16',4,37,1788),(9146,'کیفیت','درجه یک',8,38,1788),(9147,'برند','ANG',13,40,1788),(9148,'ضخامت','16',4,37,1789),(9149,'کیفیت','درجه یک',8,38,1789),(9150,'برند','ANG',13,40,1789),(9151,'ضخامت','16',4,37,1790),(9152,'کیفیت','درجه یک',8,38,1790),(9153,'برند','ANG',13,40,1790),(9154,'ضخامت','16',4,37,1791),(9155,'کیفیت','درجه یک',8,38,1791),(9156,'برند','ANG',13,40,1791),(9157,'ضخامت','16',4,37,1792),(9158,'کیفیت','درجه یک',8,38,1792),(9159,'برند','ANG',13,40,1792),(9160,'ضخامت','16',4,37,1793),(9161,'کیفیت','درجه یک',8,38,1793),(9162,'برند','ANG',13,40,1793),(9163,'ضخامت','16',4,37,1794),(9164,'کیفیت','درجه یک',8,38,1794),(9165,'برند','ANG',13,40,1794),(9166,'ضخامت','16',4,37,1795),(9167,'کیفیت','درجه یک',8,38,1795),(9168,'برند','ANG',13,40,1795),(9169,'ضخامت','16',4,37,1796),(9170,'کیفیت','درجه یک',8,38,1796),(9171,'برند','ANG',13,40,1796),(9238,'ضخامت','16',4,37,1817),(9239,'کیفیت','درجه یک',8,38,1817),(9237,'برند','Ecoone',13,41,1816),(9236,'کیفیت','درجه یک',8,38,1816),(9235,'ضخامت','16',4,37,1816),(9184,'ضخامت','16',4,37,1799),(9185,'کیفیت','درجه یک',8,38,1799),(9186,'برند','ANG',13,40,1799),(9187,'ضخامت','16',4,37,1800),(9188,'کیفیت','درجه یک',8,38,1800),(9189,'برند','ANG',13,40,1800),(9190,'ضخامت','16',4,37,1801),(9191,'کیفیت','درجه یک',8,38,1801),(9192,'برند','ANG',13,40,1801),(9193,'ضخامت','16',4,37,1802),(9194,'کیفیت','درجه یک',8,38,1802),(9195,'برند','ANG',13,40,1802),(9196,'ضخامت','16',4,37,1803),(9197,'کیفیت','درجه یک',8,38,1803),(9198,'برند','ANG',13,40,1803),(9199,'ضخامت','16',4,37,1804),(9200,'کیفیت','درجه یک',8,38,1804),(9201,'برند','ANG',13,40,1804),(9202,'ضخامت','16',4,37,1805),(9203,'کیفیت','درجه یک',8,38,1805),(9204,'برند','ANG',13,40,1805),(9205,'ضخامت','16',4,37,1806),(9206,'کیفیت','درجه یک',8,38,1806),(9207,'برند','ANG',13,40,1806),(9208,'ضخامت','16',4,37,1807),(9209,'کیفیت','درجه یک',8,38,1807),(9210,'برند','ANG',13,40,1807),(9211,'ضخامت','16',4,37,1808),(9212,'کیفیت','درجه یک',8,38,1808),(9213,'برند','ANG',13,40,1808),(9214,'ضخامت','16',4,37,1809),(9215,'کیفیت','درجه یک',8,38,1809),(9216,'برند','ANG',13,40,1809),(9217,'ضخامت','16',4,37,1810),(9218,'کیفیت','درجه یک',8,38,1810),(9219,'برند','ANG',13,40,1810),(9234,'برند','Ecoone',13,41,1815),(9233,'کیفیت','درجه یک',8,38,1815),(9232,'ضخامت','16',4,37,1815),(9244,'ضخامت','16',4,37,1819),(9243,'برند','Ecoone',13,41,1818),(9242,'کیفیت','درجه یک',8,38,1818),(9241,'ضخامت','16',4,37,1818),(9240,'برند','Ecoone',13,41,1817),(9229,'ضخامت','16',4,37,1814),(9230,'کیفیت','درجه یک',8,38,1814),(9231,'برند','Ecoone',13,41,1814),(9245,'کیفیت','درجه یک',8,38,1819),(9246,'برند','Ecoone',13,41,1819),(9247,'ضخامت','16',4,37,1820),(9248,'کیفیت','درجه یک',8,38,1820),(9249,'برند','Ecoone',13,41,1820),(9250,'ضخامت','16',4,37,1821),(9251,'کیفیت','درجه یک',8,38,1821),(9252,'برند','Ecoone',13,41,1821),(9253,'ضخامت','16',4,37,1822),(9254,'کیفیت','درجه یک',8,38,1822),(9255,'برند','Ecoone',13,41,1822),(9256,'ضخامت','16',4,37,1823),(9257,'کیفیت','درجه یک',8,38,1823),(9258,'برند','Ecoone',13,41,1823),(9259,'ضخامت','16',4,37,1824),(9260,'کیفیت','درجه یک',8,38,1824),(9261,'برند','Ecoone',13,41,1824),(9262,'ضخامت','16',4,37,1825),(9263,'کیفیت','درجه یک',8,38,1825),(9264,'برند','Ecoone',13,41,1825),(9265,'نوع','براق',14,43,1826),(9266,'عرض','60',15,73,1826),(9267,'لبه','دو لبه',5,11,1826),(9268,'اچ پی ال','یک رو',6,12,1826),(9269,'ضخامت','48',4,6,1826),(9270,'نوع HPL','وایا',16,49,1826),(9271,'نوع','براق',14,43,1827),(9272,'عرض','65',15,74,1827),(9273,'لبه','دو لبه',5,11,1827),(9274,'اچ پی ال','یک رو',6,12,1827),(9275,'ضخامت','48',4,6,1827),(9276,'نوع HPL','وایا',16,49,1827),(9277,'نوع','براق',14,43,1828),(9278,'عرض','75',15,76,1828),(9279,'لبه','دو لبه',5,11,1828),(9280,'اچ پی ال','دو رو',6,13,1828),(9281,'ضخامت','48',4,6,1828),(9282,'نوع HPL','وایا',16,49,1828),(9283,'نوع','براق',14,43,1829),(9284,'عرض','60',15,73,1829),(9285,'لبه','دو لبه',5,11,1829),(9286,'اچ پی ال','یک رو',6,12,1829),(9287,'ضخامت','48',4,6,1829),(9288,'نوع HPL','آرتا ',16,50,1829),(9289,'نوع','براق',14,43,1830),(9290,'عرض','60',15,73,1830),(9291,'لبه','یک لبه',5,10,1830),(9292,'اچ پی ال','یک رو',6,12,1830),(9293,'ضخامت','48',4,6,1830),(9294,'نوع HPL','آرتا ',16,50,1830),(9295,'نوع','براق',14,43,1831),(9296,'عرض','65',15,74,1831),(9297,'لبه','دو لبه',5,11,1831),(9298,'اچ پی ال','یک رو',6,12,1831),(9299,'ضخامت','48',4,6,1831),(9300,'نوع HPL','آرتا ',16,50,1831),(9301,'نوع','براق',14,43,1832),(9302,'عرض','75',15,76,1832),(9303,'لبه','دو لبه',5,11,1832),(9304,'اچ پی ال','دو رو',6,13,1832),(9305,'ضخامت','48',4,6,1832),(9306,'نوع HPL','آرتا ',16,50,1832),(9307,'نوع','براق',14,43,1833),(9308,'عرض','60',15,73,1833),(9309,'لبه','دو لبه',5,11,1833),(9310,'اچ پی ال','یک رو',6,12,1833),(9311,'ضخامت','32',4,5,1833),(9312,'نوع HPL','آرتا ',16,50,1833),(9313,'نوع','براق',14,43,1834),(9314,'عرض','60',15,73,1834),(9315,'لبه','دو لبه',5,11,1834),(9316,'اچ پی ال','یک رو',6,12,1834),(9317,'ضخامت','48',4,6,1834),(9318,'نوع HPL','وایا',16,49,1834),(9319,'نوع','براق',14,43,1835),(9320,'عرض','60',15,73,1835),(9321,'لبه','دو لبه',5,11,1835),(9322,'اچ پی ال','یک رو',6,12,1835),(9323,'ضخامت','48',4,6,1835),(9324,'نوع HPL','وایا',16,49,1835),(9325,'نوع','براق',14,43,1836),(9326,'عرض','75',15,76,1836),(9327,'لبه','دو لبه',5,11,1836),(9328,'اچ پی ال','دو رو',6,13,1836),(9329,'ضخامت','48',4,6,1836),(9330,'نوع HPL','آرتا ',16,50,1836),(9331,'نوع','براق',14,43,1837),(9332,'عرض','65',15,74,1837),(9333,'لبه','دو لبه',5,11,1837),(9334,'اچ پی ال','یک رو',6,12,1837),(9335,'ضخامت','48',4,6,1837),(9336,'نوع HPL','آرتا ',16,50,1837),(9337,'نوع','براق',14,43,1838),(9338,'عرض','70',15,75,1838),(9339,'لبه','دو لبه',5,11,1838),(9340,'اچ پی ال','دو رو',6,13,1838),(9341,'ضخامت','48',4,6,1838),(9342,'نوع HPL','آرتا ',16,50,1838),(9343,'نوع','براق',14,43,1839),(9344,'عرض','60',15,73,1839),(9345,'لبه','دو لبه',5,11,1839),(9346,'اچ پی ال','یک رو',6,12,1839),(9347,'ضخامت','48',4,6,1839),(9348,'نوع HPL','آرتا ',16,50,1839),(9349,'نوع','براق',14,43,1840),(9350,'عرض','60',15,73,1840),(9351,'لبه','یک لبه',5,10,1840),(9352,'اچ پی ال','یک رو',6,12,1840),(9353,'ضخامت','48',4,6,1840),(9354,'نوع HPL','آرتا ',16,50,1840),(9355,'نوع','براق',14,43,1841),(9356,'عرض','60',15,73,1841),(9357,'لبه','دو لبه',5,11,1841),(9358,'اچ پی ال','یک رو',6,12,1841),(9359,'ضخامت','32',4,5,1841),(9360,'نوع HPL','وایا',16,49,1841),(9361,'نوع','براق',14,43,1842),(9362,'عرض','60',15,73,1842),(9363,'لبه','دو لبه',5,11,1842),(9364,'اچ پی ال','یک رو',6,12,1842),(9365,'ضخامت','32',4,5,1842),(9366,'نوع HPL','آرتا ',16,50,1842),(9367,'نوع','براق',14,43,1843),(9368,'عرض','60',15,73,1843),(9369,'لبه','دو لبه',5,11,1843),(9370,'اچ پی ال','یک رو',6,12,1843),(9371,'ضخامت','48',4,6,1843),(9372,'نوع HPL','آرتا ',16,50,1843),(9373,'نوع','براق',14,43,1844),(9374,'عرض','60',15,73,1844),(9375,'لبه','یک لبه',5,10,1844),(9376,'اچ پی ال','یک رو',6,12,1844),(9377,'ضخامت','48',4,6,1844),(9378,'نوع HPL','آرتا ',16,50,1844),(9379,'نوع','براق',14,43,1845),(9380,'عرض','60',15,73,1845),(9381,'لبه','دو لبه',5,11,1845),(9382,'اچ پی ال','یک رو',6,12,1845),(9383,'ضخامت','48',4,6,1845),(9384,'نوع HPL','آرتا ',16,50,1845),(9385,'نوع','براق',14,43,1846),(9386,'عرض','60',15,73,1846),(9387,'لبه','یک لبه',5,10,1846),(9388,'اچ پی ال','یک رو',6,12,1846),(9389,'ضخامت','48',4,6,1846),(9390,'نوع HPL','آرتا ',16,50,1846),(9391,'نوع','براق',14,43,1847),(9392,'عرض','60',15,73,1847),(9393,'لبه','دو لبه',5,11,1847),(9394,'اچ پی ال','یک رو',6,12,1847),(9395,'ضخامت','48',4,6,1847),(9396,'نوع HPL','وایا',16,49,1847),(9397,'نوع','براق',14,43,1848),(9398,'عرض','60',15,73,1848),(9399,'لبه','یک لبه',5,10,1848),(9400,'اچ پی ال','یک رو',6,12,1848),(9401,'ضخامت','48',4,6,1848),(9402,'نوع HPL','وایا',16,49,1848),(9403,'نوع','براق',14,43,1849),(9404,'عرض','60',15,73,1849),(9405,'لبه','دو لبه',5,11,1849),(9406,'اچ پی ال','یک رو',6,12,1849),(9407,'ضخامت','48',4,6,1849),(9408,'نوع HPL','آرتا ',16,50,1849),(9409,'نوع','براق',14,43,1850),(9410,'عرض','60',15,73,1850),(9411,'لبه','یک لبه',5,10,1850),(9412,'اچ پی ال','یک رو',6,12,1850),(9413,'ضخامت','48',4,6,1850),(9414,'نوع HPL','آرتا ',16,50,1850),(9415,'نوع','براق',14,43,1851),(9416,'عرض','70',15,75,1851),(9417,'لبه','دو لبه',5,11,1851),(9418,'اچ پی ال','دو رو',6,13,1851),(9419,'ضخامت','32',4,5,1851),(9420,'نوع HPL','آرتا ',16,50,1851),(9421,'نوع','براق',14,43,1852),(9422,'عرض','60',15,73,1852),(9423,'لبه','دو لبه',5,11,1852),(9424,'اچ پی ال','یک رو',6,12,1852),(9425,'ضخامت','48',4,6,1852),(9426,'نوع HPL','آرتا ',16,50,1852),(9427,'نوع','براق',14,43,1853),(9428,'عرض','60',15,73,1853),(9429,'لبه','یک لبه',5,10,1853),(9430,'اچ پی ال','یک رو',6,12,1853),(9431,'ضخامت','48',4,6,1853),(9432,'نوع HPL','آرتا ',16,50,1853),(9433,'نوع','براق',14,43,1854),(9434,'عرض','60',15,73,1854),(9435,'لبه','دو لبه',5,11,1854),(9436,'اچ پی ال','یک رو',6,12,1854),(9437,'ضخامت','48',4,6,1854),(9438,'نوع HPL','آرتا ',16,50,1854),(9439,'نوع','براق',14,43,1855),(9440,'عرض','60',15,73,1855),(9441,'لبه','یک لبه',5,10,1855),(9442,'اچ پی ال','یک رو',6,12,1855),(9443,'ضخامت','48',4,6,1855),(9444,'نوع HPL','آرتا ',16,50,1855),(9445,'نوع','براق',14,43,1856),(9446,'عرض','60',15,73,1856),(9447,'لبه','دو لبه',5,11,1856),(9448,'اچ پی ال','یک رو',6,12,1856),(9449,'ضخامت','48',4,6,1856),(9450,'نوع HPL','آرتا ',16,50,1856),(9451,'نوع','براق',14,43,1857),(9452,'عرض','60',15,73,1857),(9453,'لبه','دو لبه',5,11,1857),(9454,'اچ پی ال','یک رو',6,12,1857),(9455,'ضخامت','32',4,5,1857),(9456,'نوع HPL','وایا',16,49,1857),(9457,'نوع','براق',14,43,1858),(9458,'عرض','60',15,73,1858),(9459,'لبه','دو لبه',5,11,1858),(9460,'اچ پی ال','یک رو',6,12,1858),(9461,'ضخامت','48',4,6,1858),(9462,'نوع HPL','آرتا ',16,50,1858),(9463,'نوع','براق',14,43,1859),(9464,'عرض','60',15,73,1859),(9465,'لبه','دو لبه',5,11,1859),(9466,'اچ پی ال','یک رو',6,12,1859),(9467,'ضخامت','48',4,6,1859),(9468,'نوع HPL','آرتا ',16,50,1859),(9469,'نوع','براق',14,43,1860),(9470,'عرض','60',15,73,1860),(9471,'لبه','یک لبه',5,10,1860),(9472,'اچ پی ال','یک رو',6,12,1860),(9473,'ضخامت','48',4,6,1860),(9474,'نوع HPL','آرتا ',16,50,1860),(9475,'نوع','براق',14,43,1861),(9476,'عرض','60',15,73,1861),(9477,'لبه','دو لبه',5,11,1861),(9478,'اچ پی ال','یک رو',6,12,1861),(9479,'ضخامت','48',4,6,1861),(9480,'نوع HPL','آرتا ',16,50,1861),(9481,'نوع','براق',14,43,1862),(9482,'عرض','60',15,73,1862),(9483,'لبه','یک لبه',5,10,1862),(9484,'اچ پی ال','یک رو',6,12,1862),(9485,'ضخامت','48',4,6,1862),(9486,'نوع HPL','آرتا ',16,50,1862),(9487,'نوع','براق',14,43,1863),(9488,'عرض','60',15,73,1863),(9489,'لبه','دو لبه',5,11,1863),(9490,'اچ پی ال','یک رو',6,12,1863),(9491,'ضخامت','48',4,6,1863),(9492,'نوع HPL','وایا',16,49,1863),(9493,'نوع','مات',14,44,1864),(9494,'عرض','70',15,75,1864),(9495,'لبه','دو لبه',5,11,1864),(9496,'اچ پی ال','دو رو',6,13,1864),(9497,'ضخامت','48',4,6,1864),(9498,'نوع HPL','آرتا ',16,50,1864),(9499,'نوع','براق',14,43,1865),(9500,'عرض','70',15,75,1865),(9501,'لبه','دو لبه',5,11,1865),(9502,'اچ پی ال','دو رو',6,13,1865),(9503,'ضخامت','48',4,6,1865),(9504,'نوع HPL','آرتا ',16,50,1865),(9505,'نوع','براق',14,43,1866),(9506,'عرض','60',15,73,1866),(9507,'لبه','دو لبه',5,11,1866),(9508,'اچ پی ال','یک رو',6,12,1866),(9509,'ضخامت','32',4,5,1866),(9510,'نوع HPL','وایا',16,49,1866),(9511,'نوع','براق',14,43,1867),(9512,'عرض','60',15,73,1867),(9513,'لبه','دو لبه',5,11,1867),(9514,'اچ پی ال','یک رو',6,12,1867),(9515,'ضخامت','48',4,6,1867),(9516,'نوع HPL','آرتا ',16,50,1867),(9517,'نوع','براق',14,43,1868),(9518,'عرض','60',15,73,1868),(9519,'لبه','یک لبه',5,10,1868),(9520,'اچ پی ال','یک رو',6,12,1868),(9521,'ضخامت','48',4,6,1868),(9522,'نوع HPL','آرتا ',16,50,1868),(9523,'نوع','براق',14,43,1869),(9524,'عرض','60',15,73,1869),(9525,'لبه','دو لبه',5,11,1869),(9526,'اچ پی ال','یک رو',6,12,1869),(9527,'ضخامت','48',4,6,1869),(9528,'نوع HPL','آرتا ',16,50,1869),(9529,'نوع','براق',14,43,1870),(9530,'عرض','60',15,73,1870),(9531,'لبه','یک لبه',5,10,1870),(9532,'اچ پی ال','یک رو',6,12,1870),(9533,'ضخامت','48',4,6,1870),(9534,'نوع HPL','آرتا ',16,50,1870),(9535,'نوع','براق',14,43,1871),(9536,'عرض','60',15,73,1871),(9537,'لبه','دو لبه',5,11,1871),(9538,'اچ پی ال','یک رو',6,12,1871),(9539,'ضخامت','48',4,6,1871),(9540,'نوع HPL','آرتا ',16,50,1871),(9541,'نوع','براق',14,43,1872),(9542,'عرض','60',15,73,1872),(9543,'لبه','یک لبه',5,10,1872),(9544,'اچ پی ال','یک رو',6,12,1872),(9545,'ضخامت','48',4,6,1872),(9546,'نوع HPL','آرتا ',16,50,1872),(9547,'نوع','براق',14,43,1873),(9548,'عرض','60',15,73,1873),(9549,'لبه','دو لبه',5,11,1873),(9550,'اچ پی ال','یک رو',6,12,1873),(9551,'ضخامت','48',4,6,1873),(9552,'نوع HPL','آرتا ',16,50,1873),(9553,'نوع','براق',14,43,1874),(9554,'عرض','60',15,73,1874),(9555,'لبه','یک لبه',5,10,1874),(9556,'اچ پی ال','یک رو',6,12,1874),(9557,'ضخامت','48',4,6,1874),(9558,'نوع HPL','آرتا ',16,50,1874),(9559,'نوع','براق',14,43,1875),(9560,'عرض','60',15,73,1875),(9561,'لبه','دو لبه',5,11,1875),(9562,'اچ پی ال','یک رو',6,12,1875),(9563,'ضخامت','48',4,6,1875),(9564,'نوع HPL','آرتا ',16,50,1875),(9565,'نوع','براق',14,43,1876),(9566,'عرض','60',15,73,1876),(9567,'لبه','یک لبه',5,10,1876),(9568,'اچ پی ال','یک رو',6,12,1876),(9569,'ضخامت','48',4,6,1876),(9570,'نوع HPL','آرتا ',16,50,1876),(9571,'نوع','براق',14,43,1877),(9572,'عرض','60',15,73,1877),(9573,'لبه','دو لبه',5,11,1877),(9574,'اچ پی ال','یک رو',6,12,1877),(9575,'ضخامت','48',4,6,1877),(9576,'نوع HPL','آرتا ',16,50,1877),(9577,'نوع','براق',14,43,1878),(9578,'عرض','60',15,73,1878),(9579,'لبه','یک لبه',5,10,1878),(9580,'اچ پی ال','یک رو',6,12,1878),(9581,'ضخامت','48',4,6,1878),(9582,'نوع HPL','آرتا ',16,50,1878),(9583,'ضخامت','16',4,37,1879),(9584,'کیفیت','درجه یک',8,38,1879),(9585,'برند','Ecoone',13,41,1879),(9586,'ضخامت','16',4,37,1880),(9587,'کیفیت','درجه یک',8,38,1880),(9588,'برند','ANG',13,40,1880),(9589,'ضخامت','16',4,37,1881),(9590,'کیفیت','درجه یک',8,38,1881),(9591,'برند','ANG',13,40,1881),(9592,'ضخامت','16',4,37,1882),(9593,'کیفیت','درجه یک',8,38,1882),(9594,'برند','ANG',13,40,1882),(9595,'ضخامت','16',4,37,1883),(9596,'کیفیت','درجه یک',8,38,1883),(9597,'برند','ANG',13,40,1883),(9598,'ضخامت','16',4,37,1884),(9599,'کیفیت','درجه یک',8,38,1884),(9600,'برند','ANG',13,40,1884),(9601,'ضخامت','16',4,37,1885),(9602,'کیفیت','درجه یک',8,38,1885),(9603,'برند','ANG',13,40,1885),(9604,'نوع','مات',14,44,1886),(9605,'عرض','60',15,73,1886),(9606,'لبه','دو لبه',5,11,1886),(9607,'اچ پی ال','یک رو',6,12,1886),(9608,'ضخامت','48',4,6,1886),(9609,'نوع HPL','آرتا ',16,50,1886),(9610,'نوع','براق',14,43,1887),(9611,'عرض','60',15,73,1887),(9612,'لبه','دو لبه',5,11,1887),(9613,'اچ پی ال','یک رو',6,12,1887),(9614,'ضخامت','32',4,5,1887),(9615,'نوع HPL','آرتا ',16,50,1887),(9616,'نوع','براق',14,43,1888),(9617,'عرض','60',15,73,1888),(9618,'لبه','دو لبه',5,11,1888),(9619,'اچ پی ال','یک رو',6,12,1888),(9620,'ضخامت','48',4,6,1888),(9621,'نوع HPL','آرتا ',16,50,1888),(9622,'نوع','براق',14,43,1889),(9623,'عرض','60',15,73,1889),(9624,'لبه','یک لبه',5,10,1889),(9625,'اچ پی ال','یک رو',6,12,1889),(9626,'ضخامت','48',4,6,1889),(9627,'نوع HPL','آرتا ',16,50,1889),(9628,'نوع','مات',14,44,1890),(9629,'عرض','60',15,73,1890),(9630,'لبه','دو لبه',5,11,1890),(9631,'اچ پی ال','یک رو',6,12,1890),(9632,'ضخامت','48',4,6,1890),(9633,'نوع HPL','آرتا ',16,50,1890),(9634,'نوع','مات',14,44,1891),(9635,'عرض','60',15,73,1891),(9636,'لبه','یک لبه',5,10,1891),(9637,'اچ پی ال','یک رو',6,12,1891),(9638,'ضخامت','48',4,6,1891),(9639,'نوع HPL','آرتا ',16,50,1891),(9640,'نوع','براق',14,43,1892),(9641,'عرض','60',15,73,1892),(9642,'لبه','دو لبه',5,11,1892),(9643,'اچ پی ال','یک رو',6,12,1892),(9644,'ضخامت','48',4,6,1892),(9645,'نوع HPL','آرتا ',16,50,1892),(9646,'نوع','براق',14,43,1893),(9647,'عرض','60',15,73,1893),(9648,'لبه','یک لبه',5,10,1893),(9649,'اچ پی ال','یک رو',6,12,1893),(9650,'ضخامت','48',4,6,1893),(9651,'نوع HPL','آرتا ',16,50,1893),(9652,'نوع','مات',14,44,1894),(9653,'عرض','60',15,73,1894),(9654,'لبه','دو لبه',5,11,1894),(9655,'اچ پی ال','یک رو',6,12,1894),(9656,'ضخامت','32',4,5,1894),(9657,'نوع HPL','آرتا ',16,50,1894),(9658,'نوع','مات',14,44,1895),(9659,'عرض','60',15,73,1895),(9660,'لبه','یک لبه',5,10,1895),(9661,'اچ پی ال','یک رو',6,12,1895),(9662,'ضخامت','48',4,6,1895),(9663,'نوع HPL','آرتا ',16,50,1895),(9664,'نوع','مات',14,44,1896),(9665,'عرض','60',15,73,1896),(9666,'لبه','دو لبه',5,11,1896),(9667,'اچ پی ال','یک رو',6,12,1896),(9668,'ضخامت','48',4,6,1896),(9669,'نوع HPL','آرتا ',16,50,1896),(9670,'نوع','براق',14,43,1897),(9671,'عرض','60',15,73,1897),(9672,'لبه','دو لبه',5,11,1897),(9673,'اچ پی ال','یک رو',6,12,1897),(9674,'ضخامت','48',4,6,1897),(9675,'نوع HPL','آرتا ',16,50,1897),(9676,'نوع','براق',14,43,1898),(9677,'عرض','60',15,73,1898),(9678,'لبه','یک لبه',5,10,1898),(9679,'اچ پی ال','یک رو',6,12,1898),(9680,'ضخامت','48',4,6,1898),(9681,'نوع HPL','آرتا ',16,50,1898),(9682,'نوع','براق',14,43,1899),(9683,'عرض','60',15,73,1899),(9684,'لبه','دو لبه',5,11,1899),(9685,'اچ پی ال','یک رو',6,12,1899),(9686,'ضخامت','48',4,6,1899),(9687,'نوع HPL','آرتا ',16,50,1899),(9688,'نوع','براق',14,43,1900),(9689,'عرض','60',15,73,1900),(9690,'لبه','دو لبه',5,11,1900),(9691,'اچ پی ال','یک رو',6,12,1900),(9692,'ضخامت','48',4,6,1900),(9693,'نوع HPL','آرتا ',16,50,1900),(9694,'نوع','براق',14,43,1901),(9695,'عرض','60',15,73,1901),(9696,'لبه','دو لبه',5,11,1901),(9697,'اچ پی ال','یک رو',6,12,1901),(9698,'ضخامت','48',4,6,1901),(9699,'نوع HPL','آرتا ',16,50,1901),(9710,'ضخامت','32',4,5,1903),(9709,'اچ پی ال','یک رو',6,12,1903),(9708,'لبه','دو لبه',5,11,1903),(9707,'عرض','60',15,73,1903),(9706,'نوع','مات',14,44,1903),(9711,'نوع HPL','وایا',16,49,1903),(9712,'نوع','مات',14,44,1904),(9713,'عرض','70',15,75,1904),(9714,'لبه','دو لبه',5,11,1904),(9715,'اچ پی ال','دو رو',6,13,1904),(9716,'ضخامت','32',4,5,1904),(9717,'نوع HPL','وایا',16,49,1904),(9718,'نوع','براق',14,43,1905),(9719,'عرض','90',15,79,1905),(9720,'لبه','دو لبه',5,11,1905),(9721,'اچ پی ال','دو رو',6,13,1905),(9722,'ضخامت','48',4,6,1905),(9723,'نوع HPL','آرتا ',16,50,1905),(9724,'نوع','براق',14,43,1906),(9725,'عرض','80',15,77,1906),(9726,'لبه','دو لبه',5,11,1906),(9727,'اچ پی ال','دو رو',6,13,1906),(9728,'ضخامت','48',4,6,1906),(9729,'نوع HPL','آرتا ',16,50,1906),(9730,'نوع','براق',14,43,1907),(9731,'عرض','60',15,73,1907),(9732,'لبه','یک لبه',5,10,1907),(9733,'اچ پی ال','یک رو',6,12,1907),(9734,'ضخامت','48',4,6,1907),(9735,'نوع HPL','آرتا ',16,50,1907),(9736,'نوع','براق',14,43,1908),(9737,'عرض','65',15,74,1908),(9738,'لبه','دو لبه',5,11,1908),(9739,'اچ پی ال','یک رو',6,12,1908),(9740,'ضخامت','48',4,6,1908),(9741,'نوع HPL','آرتا ',16,50,1908),(9742,'نوع','براق',14,43,1909),(9743,'عرض','100',15,81,1909),(9744,'لبه','دو لبه',5,11,1909),(9745,'اچ پی ال','دو رو',6,13,1909),(9746,'ضخامت','48',4,6,1909),(9747,'نوع HPL','آرتا ',16,50,1909),(9748,'ضخامت','16',4,37,1910),(9749,'کیفیت','درجه یک',8,38,1910),(9750,'برند','Ecoone',13,41,1910),(9751,'ضخامت','16',4,37,1911),(9752,'کیفیت','درجه یک',8,38,1911),(9753,'برند','Ecoone',13,41,1911),(9754,'ضخامت','16',4,37,1912),(9755,'کیفیت','درجه یک',8,38,1912),(9756,'برند','Ecoone',13,41,1912),(9757,'ضخامت','16',4,37,1913),(9758,'کیفیت','درجه یک',8,38,1913),(9759,'برند','Ecoone',13,41,1913),(9760,'ضخامت','16',4,37,1914),(9761,'کیفیت','درجه یک',8,38,1914),(9762,'برند','Ecoone',13,41,1914),(9763,'ضخامت','16',4,37,1915),(9764,'کیفیت','درجه یک',8,38,1915),(9765,'برند','Ecoone',13,41,1915),(9766,'ضخامت','16',4,37,1916),(9767,'کیفیت','درجه یک',8,38,1916),(9768,'برند','ANG',13,40,1916),(9769,'ضخامت','16',4,37,1917),(9770,'کیفیت','درجه یک',8,38,1917),(9771,'برند','ANG',13,40,1917),(9772,'ضخامت','16',4,37,1918),(9773,'کیفیت','درجه یک',8,38,1918),(9774,'برند','ANG',13,40,1918),(9775,'ضخامت','16',4,37,1919),(9776,'کیفیت','درجه یک',8,38,1919),(9777,'برند','ANG',13,40,1919),(9778,'ضخامت','16',4,37,1920),(9779,'کیفیت','درجه یک',8,38,1920),(9780,'برند','ANG',13,40,1920),(9781,'نوع','مات',14,44,1921),(9782,'عرض','60',15,73,1921),(9783,'لبه','دو لبه',5,11,1921),(9784,'اچ پی ال','یک رو',6,12,1921),(9785,'ضخامت','32',4,5,1921),(9786,'نوع HPL','آرتا ',16,50,1921),(9787,'نوع','براق',14,43,1922),(9788,'عرض','60',15,73,1922),(9789,'لبه','دو لبه',5,11,1922),(9790,'اچ پی ال','یک رو',6,12,1922),(9791,'ضخامت','32',4,5,1922),(9792,'نوع HPL','آرتا ',16,50,1922),(9793,'نوع','براق',14,43,1923),(9794,'عرض','60',15,73,1923),(9795,'لبه','دو لبه',5,11,1923),(9796,'اچ پی ال','یک رو',6,12,1923),(9797,'ضخامت','32',4,5,1923),(9798,'نوع HPL','آرتا ',16,50,1923),(9799,'نوع','مات',14,44,1924),(9800,'عرض','60',15,73,1924),(9801,'لبه','دو لبه',5,11,1924),(9802,'اچ پی ال','یک رو',6,12,1924),(9803,'ضخامت','32',4,5,1924),(9804,'نوع HPL','آرتا ',16,50,1924),(9805,'نوع','براق',14,43,1925),(9806,'عرض','60',15,73,1925),(9807,'لبه','دو لبه',5,11,1925),(9808,'اچ پی ال','یک رو',6,12,1925),(9809,'ضخامت','32',4,5,1925),(9810,'نوع HPL','آرتا ',16,50,1925),(9811,'نوع','مات',14,44,1926),(9812,'عرض','60',15,73,1926),(9813,'لبه','دو لبه',5,11,1926),(9814,'اچ پی ال','یک رو',6,12,1926),(9815,'ضخامت','48',4,6,1926),(9816,'نوع HPL','وایا',16,49,1926),(9817,'نوع','براق',14,43,1927),(9818,'عرض','60',15,73,1927),(9819,'لبه','دو لبه',5,11,1927),(9820,'اچ پی ال','یک رو',6,12,1927),(9821,'ضخامت','48',4,6,1927),(9822,'نوع HPL','آرتا ',16,50,1927),(9823,'نوع','مات',14,44,1928),(9824,'عرض','60',15,73,1928),(9825,'لبه','دو لبه',5,11,1928),(9826,'اچ پی ال','یک رو',6,12,1928),(9827,'ضخامت','48',4,6,1928),(9828,'نوع HPL','آرتا ',16,50,1928),(9829,'نوع','براق',14,43,1929),(9830,'عرض','60',15,73,1929),(9831,'لبه','دو لبه',5,11,1929),(9832,'اچ پی ال','یک رو',6,12,1929),(9833,'ضخامت','48',4,6,1929),(9834,'نوع HPL','آرتا ',16,50,1929),(9835,'نوع','براق',14,43,1930),(9836,'عرض','60',15,73,1930),(9837,'لبه','یک لبه',5,10,1930),(9838,'اچ پی ال','یک رو',6,12,1930),(9839,'ضخامت','48',4,6,1930),(9840,'نوع HPL','آرتا ',16,50,1930),(9841,'نوع','براق',14,43,1931),(9842,'عرض','60',15,73,1931),(9843,'لبه','دو لبه',5,11,1931),(9844,'اچ پی ال','یک رو',6,12,1931),(9845,'ضخامت','48',4,6,1931),(9846,'نوع HPL','آرتا ',16,50,1931),(9847,'نوع','براق',14,43,1932),(9848,'عرض','60',15,73,1932),(9849,'لبه','یک لبه',5,10,1932),(9850,'اچ پی ال','یک رو',6,12,1932),(9851,'ضخامت','48',4,6,1932),(9852,'نوع HPL','آرتا ',16,50,1932),(9853,'نوع','مات',14,44,1933),(9854,'عرض','60',15,73,1933),(9855,'لبه','دو لبه',5,11,1933),(9856,'اچ پی ال','یک رو',6,12,1933),(9857,'ضخامت','48',4,6,1933),(9858,'نوع HPL','وایا',16,49,1933),(9859,'نوع','براق',14,43,1934),(9860,'عرض','60',15,73,1934),(9861,'لبه','دو لبه',5,11,1934),(9862,'اچ پی ال','یک رو',6,12,1934),(9863,'ضخامت','48',4,6,1934),(9864,'نوع HPL','آرتا ',16,50,1934),(9865,'نوع','براق',14,43,1935),(9866,'عرض','60',15,73,1935),(9867,'لبه','دو لبه',5,11,1935),(9868,'اچ پی ال','یک رو',6,12,1935),(9869,'ضخامت','48',4,6,1935),(9870,'نوع HPL','آرتا ',16,50,1935),(9871,'نوع','براق',14,43,1936),(9872,'عرض','60',15,73,1936),(9873,'لبه','دو لبه',5,11,1936),(9874,'اچ پی ال','یک رو',6,12,1936),(9875,'ضخامت','48',4,6,1936),(9876,'نوع HPL','وایا',16,49,1936),(9877,'نوع','مات',14,44,1937),(9878,'عرض','60',15,73,1937),(9879,'لبه','دو لبه',5,11,1937),(9880,'اچ پی ال','یک رو',6,12,1937),(9881,'ضخامت','48',4,6,1937),(9882,'نوع HPL','آرتا ',16,50,1937),(9883,'نوع','مات',14,44,1938),(9884,'عرض','60',15,73,1938),(9885,'لبه','یک لبه',5,10,1938),(9886,'اچ پی ال','یک رو',6,12,1938),(9887,'ضخامت','48',4,6,1938),(9888,'نوع HPL','آرتا ',16,50,1938),(9889,'نوع','براق',14,43,1939),(9890,'عرض','60',15,73,1939),(9891,'لبه','دو لبه',5,11,1939),(9892,'اچ پی ال','یک رو',6,12,1939),(9893,'ضخامت','48',4,6,1939),(9894,'نوع HPL','آرتا ',16,50,1939),(9895,'نوع','براق',14,43,1940),(9896,'عرض','60',15,73,1940),(9897,'لبه','دو لبه',5,11,1940),(9898,'اچ پی ال','یک رو',6,12,1940),(9899,'ضخامت','48',4,6,1940),(9900,'نوع HPL','وایا',16,49,1940),(9901,'نوع','براق',14,43,1941),(9902,'عرض','60',15,73,1941),(9903,'لبه','یک لبه',5,10,1941),(9904,'اچ پی ال','یک رو',6,12,1941),(9905,'ضخامت','48',4,6,1941),(9906,'نوع HPL','وایا',16,49,1941),(9907,'نوع','مات',14,44,1942),(9908,'عرض','65',15,74,1942),(9909,'لبه','دو لبه',5,11,1942),(9910,'اچ پی ال','یک رو',6,12,1942),(9911,'ضخامت','48',4,6,1942),(9912,'نوع HPL','آرتا ',16,50,1942),(9913,'نوع','براق',14,43,1943),(9914,'عرض','60',15,73,1943),(9915,'لبه','دو لبه',5,11,1943),(9916,'اچ پی ال','یک رو',6,12,1943),(9917,'ضخامت','48',4,6,1943),(9918,'نوع HPL','وایا',16,49,1943),(9919,'نوع','براق',14,43,1944),(9920,'عرض','60',15,73,1944),(9921,'لبه','دو لبه',5,11,1944),(9922,'اچ پی ال','یک رو',6,12,1944),(9923,'ضخامت','48',4,6,1944),(9924,'نوع HPL','وایا',16,49,1944),(9925,'نوع','براق',14,43,1945),(9926,'عرض','60',15,73,1945),(9927,'لبه','دو لبه',5,11,1945),(9928,'اچ پی ال','یک رو',6,12,1945),(9929,'ضخامت','48',4,6,1945),(9930,'نوع HPL','آرتا ',16,50,1945),(9931,'نوع','براق',14,43,1946),(9932,'عرض','65',15,74,1946),(9933,'لبه','دو لبه',5,11,1946),(9934,'اچ پی ال','یک رو',6,12,1946),(9935,'ضخامت','48',4,6,1946),(9936,'نوع HPL','آرتا ',16,50,1946),(9937,'نوع','براق',14,43,1947),(9938,'عرض','60',15,73,1947),(9939,'لبه','دو لبه',5,11,1947),(9940,'اچ پی ال','یک رو',6,12,1947),(9941,'ضخامت','48',4,6,1947),(9942,'نوع HPL','آرتا ',16,50,1947),(9943,'نوع','براق',14,43,1948),(9944,'عرض','60',15,73,1948),(9945,'لبه','دو لبه',5,11,1948),(9946,'اچ پی ال','یک رو',6,12,1948),(9947,'ضخامت','48',4,6,1948),(9948,'نوع HPL','وایا',16,49,1948),(9949,'نوع','براق',14,43,1949),(9950,'عرض','65',15,74,1949),(9951,'لبه','دو لبه',5,11,1949),(9952,'اچ پی ال','یک رو',6,12,1949),(9953,'ضخامت','48',4,6,1949),(9954,'نوع HPL','وایا',16,49,1949),(9955,'نوع','مات',14,44,1950),(9956,'عرض','60',15,73,1950),(9957,'لبه','دو لبه',5,11,1950),(9958,'اچ پی ال','یک رو',6,12,1950),(9959,'ضخامت','48',4,6,1950),(9960,'نوع HPL','وایا',16,49,1950),(9961,'نوع','براق',14,43,1951),(9962,'عرض','60',15,73,1951),(9963,'لبه','دو لبه',5,11,1951),(9964,'اچ پی ال','یک رو',6,12,1951),(9965,'ضخامت','48',4,6,1951),(9966,'نوع HPL','وایا',16,49,1951),(9967,'نوع','براق',14,43,1952),(9968,'عرض','90',15,79,1952),(9969,'لبه','دو لبه',5,11,1952),(9970,'اچ پی ال','دو رو',6,13,1952),(9971,'ضخامت','48',4,6,1952),(9972,'نوع HPL','وایا',16,49,1952),(9973,'نوع','براق',14,43,1953),(9974,'عرض','60',15,73,1953),(9975,'لبه','دو لبه',5,11,1953),(9976,'اچ پی ال','یک رو',6,12,1953),(9977,'ضخامت','48',4,6,1953),(9978,'نوع HPL','آرتا ',16,50,1953),(9979,'نوع','براق',14,43,1954),(9980,'عرض','60',15,73,1954),(9981,'لبه','یک لبه',5,10,1954),(9982,'اچ پی ال','یک رو',6,12,1954),(9983,'ضخامت','48',4,6,1954),(9984,'نوع HPL','آرتا ',16,50,1954),(9985,'ضخامت','16',4,37,1955),(9986,'کیفیت','درجه یک',8,38,1955),(9987,'برند','ANG',13,40,1955),(9988,'ضخامت','16',4,37,1956),(9989,'کیفیت','درجه یک',8,38,1956),(9990,'برند','ANG',13,40,1956),(9991,'ضخامت','16',4,37,1957),(9992,'کیفیت','درجه یک',8,38,1957),(9993,'برند','ANG',13,40,1957),(9994,'ضخامت','16',4,37,1958),(9995,'کیفیت','درجه یک',8,38,1958),(9996,'برند','ANG',13,40,1958),(9997,'ضخامت','16',4,37,1959),(9998,'کیفیت','درجه یک',8,38,1959),(9999,'برند','ANG',13,40,1959),(10000,'ضخامت','16',4,37,1960),(10001,'کیفیت','درجه یک',8,38,1960),(10002,'برند','ANG',13,40,1960),(10003,'ضخامت','16',4,37,1961),(10004,'کیفیت','درجه یک',8,38,1961),(10005,'برند','ANG',13,40,1961),(10006,'ضخامت','16',4,37,1962),(10007,'کیفیت','درجه یک',8,38,1962),(10008,'برند','ANG',13,40,1962),(10009,'ضخامت','16',4,37,1963),(10010,'کیفیت','درجه یک',8,38,1963),(10011,'برند','ANG',13,40,1963),(10012,'ضخامت','16',4,37,1964),(10013,'کیفیت','درجه یک',8,38,1964),(10014,'برند','ANG',13,40,1964),(10015,'ضخامت','16',4,37,1965),(10016,'کیفیت','درجه یک',8,38,1965),(10017,'برند','ANG',13,40,1965),(10018,'ضخامت','16',4,37,1966),(10019,'کیفیت','درجه یک',8,38,1966),(10020,'برند','ANG',13,40,1966),(10021,'ضخامت','16',4,37,1967),(10022,'کیفیت','درجه یک',8,38,1967),(10023,'برند','ANG',13,40,1967),(10024,'ضخامت','16',4,37,1968),(10025,'کیفیت','درجه یک',8,38,1968),(10026,'برند','ANG',13,40,1968),(10027,'ضخامت','16',4,37,1969),(10028,'کیفیت','درجه یک',8,38,1969),(10029,'برند','ANG',13,40,1969),(10030,'ضخامت','16',4,37,1970),(10031,'کیفیت','درجه یک',8,38,1970),(10032,'برند','ANG',13,40,1970),(10091,'ضخامت','48',4,6,1980),(10090,'اچ پی ال','یک رو',6,12,1980),(10089,'لبه','دو لبه',5,11,1980),(10088,'عرض','45',15,70,1980),(10087,'نوع','براق',14,43,1980),(10086,'نوع HPL','خارجی',16,48,1979),(10085,'ضخامت','48',4,6,1979),(10084,'اچ پی ال','یک رو',6,12,1979),(10083,'لبه','دو لبه',5,11,1979),(10082,'عرض','45',15,70,1979),(10081,'نوع','براق',14,43,1979),(10080,'نوع HPL','خارجی',16,48,1978),(10079,'ضخامت','48',4,6,1978),(10078,'اچ پی ال','یک رو',6,12,1978),(10077,'لبه','دو لبه',5,11,1978),(10076,'عرض','50',15,71,1978),(10074,'نوع HPL','خارجی',16,48,1977),(10075,'نوع','براق',14,43,1978),(10095,'لبه','دو لبه',5,11,1981),(10094,'عرض','90',15,79,1981),(10093,'نوع','مات',14,44,1981),(10092,'نوع HPL','خارجی',16,48,1980),(10073,'ضخامت','48',4,6,1977),(10072,'اچ پی ال','یک رو',6,12,1977),(10071,'لبه','دو لبه',5,11,1977),(10070,'عرض','50',15,71,1977),(10069,'نوع','براق',14,43,1977),(10096,'اچ پی ال','دو رو',6,13,1981),(10097,'ضخامت','48',4,6,1981),(10098,'نوع HPL','آرتا ',16,50,1981),(10099,'نوع','براق',14,43,1982),(10100,'عرض','80',15,77,1982),(10101,'لبه','دو لبه',5,11,1982),(10102,'اچ پی ال','دو رو',6,13,1982),(10103,'ضخامت','32',4,5,1982),(10104,'نوع HPL','وایا',16,49,1982),(10105,'نوع','براق',14,43,1983),(10106,'عرض','60',15,73,1983),(10107,'لبه','دو لبه',5,11,1983),(10108,'اچ پی ال','یک رو',6,12,1983),(10109,'ضخامت','48',4,6,1983),(10110,'نوع HPL','آرتا ',16,50,1983),(10111,'نوع','براق',14,43,1984),(10112,'عرض','60',15,73,1984),(10113,'لبه','یک لبه',5,10,1984),(10114,'اچ پی ال','یک رو',6,12,1984),(10115,'ضخامت','48',4,6,1984),(10116,'نوع HPL','آرتا ',16,50,1984),(10117,'نوع','مات',14,44,1985),(10118,'عرض','60',15,73,1985),(10119,'لبه','دو لبه',5,11,1985),(10120,'اچ پی ال','یک رو',6,12,1985),(10121,'ضخامت','48',4,6,1985),(10122,'نوع HPL','آرتا ',16,50,1985),(10123,'نوع','براق',14,43,1986),(10124,'عرض','60',15,73,1986),(10125,'لبه','دو لبه',5,11,1986),(10126,'اچ پی ال','یک رو',6,12,1986),(10127,'ضخامت','48',4,6,1986),(10128,'نوع HPL','وایا',16,49,1986),(10129,'نوع','مات',14,44,1987),(10130,'عرض','60',15,73,1987),(10131,'لبه','دو لبه',5,11,1987),(10132,'اچ پی ال','یک رو',6,12,1987),(10133,'ضخامت','48',4,6,1987),(10134,'نوع HPL','آرتا ',16,50,1987),(10135,'نوع','براق',14,43,1988),(10136,'عرض','60',15,73,1988),(10137,'لبه','دو لبه',5,11,1988),(10138,'اچ پی ال','یک رو',6,12,1988),(10139,'ضخامت','48',4,6,1988),(10140,'نوع HPL','آرتا ',16,50,1988),(10141,'نوع','براق',14,43,1989),(10142,'عرض','60',15,73,1989),(10143,'لبه','یک لبه',5,10,1989),(10144,'اچ پی ال','یک رو',6,12,1989),(10145,'ضخامت','48',4,6,1989),(10146,'نوع HPL','آرتا ',16,50,1989),(10147,'نوع','براق',14,43,1990),(10148,'عرض','60',15,73,1990),(10149,'لبه','دو لبه',5,11,1990),(10150,'اچ پی ال','یک رو',6,12,1990),(10151,'ضخامت','48',4,6,1990),(10152,'نوع HPL','آرتا ',16,50,1990),(10153,'نوع','براق',14,43,1991),(10154,'عرض','60',15,73,1991),(10155,'لبه','یک لبه',5,10,1991),(10156,'اچ پی ال','یک رو',6,12,1991),(10157,'ضخامت','48',4,6,1991),(10158,'نوع HPL','آرتا ',16,50,1991),(10159,'نوع','مات',14,44,1992),(10160,'عرض','60',15,73,1992),(10161,'لبه','یک لبه',5,10,1992),(10162,'اچ پی ال','یک رو',6,12,1992),(10163,'ضخامت','48',4,6,1992),(10164,'نوع HPL','آرتا ',16,50,1992),(10165,'نوع','مات',14,44,1993),(10166,'عرض','60',15,73,1993),(10167,'لبه','دو لبه',5,11,1993),(10168,'اچ پی ال','یک رو',6,12,1993),(10169,'ضخامت','48',4,6,1993),(10170,'نوع HPL','آرتا ',16,50,1993),(10171,'نوع','براق',14,43,1994),(10172,'عرض','60',15,73,1994),(10173,'لبه','یک لبه',5,10,1994),(10174,'اچ پی ال','یک رو',6,12,1994),(10175,'ضخامت','48',4,6,1994),(10176,'نوع HPL','آرتا ',16,50,1994),(10177,'نوع','براق',14,43,1995),(10178,'عرض','60',15,73,1995),(10179,'لبه','دو لبه',5,11,1995),(10180,'اچ پی ال','یک رو',6,12,1995),(10181,'ضخامت','48',4,6,1995),(10182,'نوع HPL','آرتا ',16,50,1995),(10183,'نوع','براق',14,43,1996),(10184,'عرض','100',15,81,1996),(10185,'لبه','دو لبه',5,11,1996),(10186,'اچ پی ال','دو رو',6,13,1996),(10187,'ضخامت','48',4,6,1996),(10188,'نوع HPL','وایا',16,49,1996),(10189,'نوع','براق',14,43,1997),(10190,'عرض','60',15,73,1997),(10191,'لبه','دو لبه',5,11,1997),(10192,'اچ پی ال','یک رو',6,12,1997),(10193,'ضخامت','32',4,5,1997),(10194,'نوع HPL','آرتا ',16,50,1997),(10195,'نوع','مات',14,44,1998),(10196,'عرض','60',15,73,1998),(10197,'لبه','دو لبه',5,11,1998),(10198,'اچ پی ال','یک رو',6,12,1998),(10199,'ضخامت','48',4,6,1998),(10200,'نوع HPL','آرتا ',16,50,1998),(10201,'نوع','براق',14,43,1999),(10202,'عرض','60',15,73,1999),(10203,'لبه','دو لبه',5,11,1999),(10204,'اچ پی ال','یک رو',6,12,1999),(10205,'ضخامت','48',4,6,1999),(10206,'نوع HPL','آرتا ',16,50,1999),(10207,'نوع','براق',14,43,2000),(10208,'عرض','60',15,73,2000),(10209,'لبه','دو لبه',5,11,2000),(10210,'اچ پی ال','یک رو',6,12,2000),(10211,'ضخامت','48',4,6,2000),(10212,'نوع HPL','وایا',16,49,2000),(10213,'نوع','براق',14,43,2001),(10214,'عرض','60',15,73,2001),(10215,'لبه','دو لبه',5,11,2001),(10216,'اچ پی ال','یک رو',6,12,2001),(10217,'ضخامت','48',4,6,2001),(10218,'نوع HPL','آرتا ',16,50,2001),(10219,'نوع','براق',14,43,2002),(10220,'عرض','60',15,73,2002),(10221,'لبه','یک لبه',5,10,2002),(10222,'اچ پی ال','یک رو',6,12,2002),(10223,'ضخامت','48',4,6,2002),(10224,'نوع HPL','آرتا ',16,50,2002),(10225,'نوع','براق',14,43,2003),(10226,'عرض','60',15,73,2003),(10227,'لبه','دو لبه',5,11,2003),(10228,'اچ پی ال','یک رو',6,12,2003),(10229,'ضخامت','48',4,6,2003),(10230,'نوع HPL','آرتا ',16,50,2003),(10231,'نوع','براق',14,43,2004),(10232,'عرض','60',15,73,2004),(10233,'لبه','یک لبه',5,10,2004),(10234,'اچ پی ال','یک رو',6,12,2004),(10235,'ضخامت','48',4,6,2004),(10236,'نوع HPL','آرتا ',16,50,2004),(10237,'نوع','براق',14,43,2005),(10238,'عرض','60',15,73,2005),(10239,'لبه','دو لبه',5,11,2005),(10240,'اچ پی ال','یک رو',6,12,2005),(10241,'ضخامت','48',4,6,2005),(10242,'نوع HPL','آرتا ',16,50,2005),(10243,'نوع','براق',14,43,2006),(10244,'عرض','60',15,73,2006),(10245,'لبه','یک لبه',5,10,2006),(10246,'اچ پی ال','یک رو',6,12,2006),(10247,'ضخامت','48',4,6,2006),(10248,'نوع HPL','آرتا ',16,50,2006),(10249,'نوع','براق',14,43,2007),(10250,'عرض','60',15,73,2007),(10251,'لبه','دو لبه',5,11,2007),(10252,'اچ پی ال','یک رو',6,12,2007),(10253,'ضخامت','48',4,6,2007),(10254,'نوع HPL','آرتا ',16,50,2007),(10255,'ضخامت','16',4,37,2008),(10256,'کیفیت','درجه یک',8,38,2008),(10257,'برند','Ecoone',13,41,2008),(10258,'ضخامت','16',4,37,2009),(10259,'کیفیت','درجه یک',8,38,2009),(10260,'برند','Ecoone',13,41,2009),(10261,'ضخامت','16',4,37,2010),(10262,'کیفیت','درجه یک',8,38,2010),(10263,'برند','Ecoone',13,41,2010),(10264,'ضخامت','16',4,37,2011),(10265,'کیفیت','درجه یک',8,38,2011),(10266,'برند','Ecoone',13,41,2011),(10267,'ضخامت','16',4,37,2012),(10268,'کیفیت','درجه یک',8,38,2012),(10269,'برند','Ecoone',13,41,2012),(10270,'ضخامت','16',4,37,2013),(10271,'کیفیت','درجه یک',8,38,2013),(10272,'برند','Ecoone',13,41,2013),(10362,'برند','Zirve',13,42,2032),(10361,'کیفیت','درجه یک',8,38,2032),(10360,'ضخامت','16',4,37,2032),(10276,'نوع','براق',14,43,2015),(10277,'عرض','60',15,73,2015),(10278,'لبه','دو لبه',5,11,2015),(10279,'اچ پی ال','یک رو',6,12,2015),(10280,'ضخامت','48',4,6,2015),(10281,'نوع HPL','آرتا ',16,50,2015),(10282,'نوع','براق',14,43,2016),(10283,'عرض','60',15,73,2016),(10284,'لبه','دو لبه',5,11,2016),(10285,'اچ پی ال','یک رو',6,12,2016),(10286,'ضخامت','48',4,6,2016),(10287,'نوع HPL','آرتا ',16,50,2016),(10288,'ضخامت','16',4,37,2017),(10289,'کیفیت','درجه یک',8,38,2017),(10290,'برند','ANG',13,40,2017),(10291,'ضخامت','16',4,37,2018),(10292,'کیفیت','درجه یک',8,38,2018),(10293,'برند','ANG',13,40,2018),(10294,'ضخامت','16',4,37,2019),(10295,'کیفیت','درجه یک',8,38,2019),(10296,'برند','ANG',13,40,2019),(10297,'ضخامت','16',4,37,2020),(10298,'کیفیت','درجه یک',8,38,2020),(10299,'برند','ANG',13,40,2020),(10300,'ضخامت','16',4,37,2021),(10301,'کیفیت','درجه یک',8,38,2021),(10302,'برند','Ecoone',13,41,2021),(10303,'ضخامت','16',4,37,2022),(10304,'کیفیت','درجه یک',8,38,2022),(10305,'برند','Ecoone',13,41,2022),(10306,'نوع','مات',14,44,2023),(10307,'عرض','60',15,73,2023),(10308,'لبه','دو لبه',5,11,2023),(10309,'اچ پی ال','یک رو',6,12,2023),(10310,'ضخامت','48',4,6,2023),(10311,'نوع HPL','وایا',16,49,2023),(10312,'نوع','مات',14,44,2024),(10313,'عرض','60',15,73,2024),(10314,'لبه','یک لبه',5,10,2024),(10315,'اچ پی ال','یک رو',6,12,2024),(10316,'ضخامت','48',4,6,2024),(10317,'نوع HPL','وایا',16,49,2024),(10318,'نوع','براق',14,43,2025),(10319,'عرض','60',15,73,2025),(10320,'لبه','دو لبه',5,11,2025),(10321,'اچ پی ال','یک رو',6,12,2025),(10322,'ضخامت','48',4,6,2025),(10323,'نوع HPL','وایا',16,49,2025),(10324,'نوع','براق',14,43,2026),(10325,'عرض','60',15,73,2026),(10326,'لبه','یک لبه',5,10,2026),(10327,'اچ پی ال','یک رو',6,12,2026),(10328,'ضخامت','48',4,6,2026),(10329,'نوع HPL','وایا',16,49,2026),(10330,'نوع','براق',14,43,2027),(10331,'عرض','60',15,73,2027),(10332,'لبه','دو لبه',5,11,2027),(10333,'اچ پی ال','یک رو',6,12,2027),(10334,'ضخامت','48',4,6,2027),(10335,'نوع HPL','آرتا ',16,50,2027),(10336,'نوع','براق',14,43,2028),(10337,'عرض','60',15,73,2028),(10338,'لبه','دو لبه',5,11,2028),(10339,'اچ پی ال','یک رو',6,12,2028),(10340,'ضخامت','48',4,6,2028),(10341,'نوع HPL','آرتا ',16,50,2028),(10342,'نوع','براق',14,43,2029),(10343,'عرض','60',15,73,2029),(10344,'لبه','دو لبه',5,11,2029),(10345,'اچ پی ال','یک رو',6,12,2029),(10346,'ضخامت','32',4,5,2029),(10347,'نوع HPL','وایا',16,49,2029),(10348,'نوع','براق',14,43,2030),(10349,'عرض','60',15,73,2030),(10350,'لبه','دو لبه',5,11,2030),(10351,'اچ پی ال','یک رو',6,12,2030),(10352,'ضخامت','32',4,5,2030),(10353,'نوع HPL','آرتا ',16,50,2030),(10354,'نوع','براق',14,43,2031),(10355,'عرض','60',15,73,2031),(10356,'لبه','دو لبه',5,11,2031),(10357,'اچ پی ال','یک رو',6,12,2031),(10358,'ضخامت','48',4,6,2031),(10359,'نوع HPL','وایا',16,49,2031),(10363,'ضخامت','16',4,37,2033),(10364,'کیفیت','درجه یک',8,38,2033),(10365,'برند','Zirve',13,42,2033),(10366,'ضخامت','16',4,37,2034),(10367,'کیفیت','درجه یک',8,38,2034),(10368,'برند','Zirve',13,42,2034),(10369,'ضخامت','16',4,37,2035),(10370,'کیفیت','درجه یک',8,38,2035),(10371,'برند','Zirve',13,42,2035),(10372,'ضخامت','16',4,37,2036),(10373,'کیفیت','درجه یک',8,38,2036),(10374,'برند','ANG',13,40,2036),(10375,'ضخامت','16',4,37,2037),(10376,'کیفیت','درجه یک',8,38,2037),(10377,'برند','ANG',13,40,2037),(10378,'نوع','براق',14,43,2038),(10379,'عرض','60',15,73,2038),(10380,'لبه','یک لبه',5,10,2038),(10381,'اچ پی ال','یک رو',6,12,2038),(10382,'ضخامت','48',4,6,2038),(10383,'نوع HPL','آرتا ',16,50,2038),(10384,'نوع','براق',14,43,2039),(10385,'عرض','60',15,73,2039),(10386,'لبه','دو لبه',5,11,2039),(10387,'اچ پی ال','یک رو',6,12,2039),(10388,'ضخامت','48',4,6,2039),(10389,'نوع HPL','آرتا ',16,50,2039),(10390,'نوع','مات',14,44,2040),(10391,'عرض','60',15,73,2040),(10392,'لبه','یک لبه',5,10,2040),(10393,'اچ پی ال','یک رو',6,12,2040),(10394,'ضخامت','48',4,6,2040),(10395,'نوع HPL','آرتا ',16,50,2040),(10396,'نوع','مات',14,44,2041),(10397,'عرض','60',15,73,2041),(10398,'لبه','دو لبه',5,11,2041),(10399,'اچ پی ال','یک رو',6,12,2041),(10400,'ضخامت','48',4,6,2041),(10401,'نوع HPL','آرتا ',16,50,2041),(10402,'نوع','براق',14,43,2042),(10403,'عرض','60',15,73,2042),(10404,'لبه','یک لبه',5,10,2042),(10405,'اچ پی ال','یک رو',6,12,2042),(10406,'ضخامت','48',4,6,2042),(10407,'نوع HPL','آرتا ',16,50,2042),(10408,'نوع','براق',14,43,2043),(10409,'عرض','60',15,73,2043),(10410,'لبه','دو لبه',5,11,2043),(10411,'اچ پی ال','یک رو',6,12,2043),(10412,'ضخامت','48',4,6,2043),(10413,'نوع HPL','آرتا ',16,50,2043),(10414,'نوع','براق',14,43,2044),(10415,'عرض','60',15,73,2044),(10416,'لبه','یک لبه',5,10,2044),(10417,'اچ پی ال','یک رو',6,12,2044),(10418,'ضخامت','48',4,6,2044),(10419,'نوع HPL','آرتا ',16,50,2044),(10420,'نوع','براق',14,43,2045),(10421,'عرض','60',15,73,2045),(10422,'لبه','دو لبه',5,11,2045),(10423,'اچ پی ال','یک رو',6,12,2045),(10424,'ضخامت','48',4,6,2045),(10425,'نوع HPL','آرتا ',16,50,2045),(10426,'نوع','مات',14,44,2046),(10427,'عرض','60',15,73,2046),(10428,'لبه','یک لبه',5,10,2046),(10429,'اچ پی ال','یک رو',6,12,2046),(10430,'ضخامت','48',4,6,2046),(10431,'نوع HPL','آرتا ',16,50,2046),(10432,'نوع','براق',14,43,2047),(10433,'عرض','60',15,73,2047),(10434,'لبه','دو لبه',5,11,2047),(10435,'اچ پی ال','یک رو',6,12,2047),(10436,'ضخامت','48',4,6,2047),(10437,'نوع HPL','آرتا ',16,50,2047),(10438,'نوع','براق',14,43,2048),(10439,'عرض','60',15,73,2048),(10440,'لبه','یک لبه',5,10,2048),(10441,'اچ پی ال','یک رو',6,12,2048),(10442,'ضخامت','48',4,6,2048),(10443,'نوع HPL','آرتا ',16,50,2048),(10444,'نوع','براق',14,43,2049),(10445,'عرض','60',15,73,2049),(10446,'لبه','دو لبه',5,11,2049),(10447,'اچ پی ال','یک رو',6,12,2049),(10448,'ضخامت','48',4,6,2049),(10449,'نوع HPL','آرتا ',16,50,2049),(10450,'نوع','براق',14,43,2050),(10451,'عرض','60',15,73,2050),(10452,'لبه','دو لبه',5,11,2050),(10453,'اچ پی ال','یک رو',6,12,2050),(10454,'ضخامت','48',4,6,2050),(10455,'نوع HPL','آرتا ',16,50,2050),(10456,'نوع','براق',14,43,2051),(10457,'عرض','60',15,73,2051),(10458,'لبه','یک لبه',5,10,2051),(10459,'اچ پی ال','یک رو',6,12,2051),(10460,'ضخامت','48',4,6,2051),(10461,'نوع HPL','آرتا ',16,50,2051),(10462,'نوع','براق',14,43,2052),(10463,'عرض','60',15,73,2052),(10464,'لبه','دو لبه',5,11,2052),(10465,'اچ پی ال','یک رو',6,12,2052),(10466,'ضخامت','48',4,6,2052),(10467,'نوع HPL','آرتا ',16,50,2052),(10468,'نوع','براق',14,43,2053),(10469,'عرض','60',15,73,2053),(10470,'لبه','یک لبه',5,10,2053),(10471,'اچ پی ال','یک رو',6,12,2053),(10472,'ضخامت','48',4,6,2053),(10473,'نوع HPL','آرتا ',16,50,2053),(10474,'نوع','براق',14,43,2054),(10475,'عرض','60',15,73,2054),(10476,'لبه','دو لبه',5,11,2054),(10477,'اچ پی ال','یک رو',6,12,2054),(10478,'ضخامت','48',4,6,2054),(10479,'نوع HPL','آرتا ',16,50,2054),(10480,'نوع','براق',14,43,2055),(10481,'عرض','60',15,73,2055),(10482,'لبه','یک لبه',5,10,2055),(10483,'اچ پی ال','یک رو',6,12,2055),(10484,'ضخامت','48',4,6,2055),(10485,'نوع HPL','آرتا ',16,50,2055),(10486,'نوع','براق',14,43,2056),(10487,'عرض','60',15,73,2056),(10488,'لبه','یک لبه',5,10,2056),(10489,'اچ پی ال','یک رو',6,12,2056),(10490,'ضخامت','48',4,6,2056),(10491,'نوع HPL','وایا',16,49,2056),(10492,'نوع','براق',14,43,2057),(10493,'عرض','60',15,73,2057),(10494,'لبه','دو لبه',5,11,2057),(10495,'اچ پی ال','یک رو',6,12,2057),(10496,'ضخامت','48',4,6,2057),(10497,'نوع HPL','آرتا ',16,50,2057),(10498,'نوع','مات',14,44,2058),(10499,'عرض','60',15,73,2058),(10500,'لبه','دو لبه',5,11,2058),(10501,'اچ پی ال','یک رو',6,12,2058),(10502,'ضخامت','48',4,6,2058),(10503,'نوع HPL','آرتا ',16,50,2058),(10504,'نوع','براق',14,43,2059),(10505,'عرض','60',15,73,2059),(10506,'لبه','دو لبه',5,11,2059),(10507,'اچ پی ال','یک رو',6,12,2059),(10508,'ضخامت','48',4,6,2059),(10509,'نوع HPL','آرتا ',16,50,2059),(10510,'نوع','مات',14,44,2060),(10511,'عرض','60',15,73,2060),(10512,'لبه','دو لبه',5,11,2060),(10513,'اچ پی ال','یک رو',6,12,2060),(10514,'ضخامت','48',4,6,2060),(10515,'نوع HPL','آرتا ',16,50,2060),(10516,'نوع','مات',14,44,2061),(10517,'عرض','60',15,73,2061),(10518,'لبه','یک لبه',5,10,2061),(10519,'اچ پی ال','یک رو',6,12,2061),(10520,'ضخامت','48',4,6,2061),(10521,'نوع HPL','آرتا ',16,50,2061),(10522,'نوع','براق',14,43,2062),(10523,'عرض','60',15,73,2062),(10524,'لبه','دو لبه',5,11,2062),(10525,'اچ پی ال','یک رو',6,12,2062),(10526,'ضخامت','48',4,6,2062),(10527,'نوع HPL','آرتا ',16,50,2062),(10528,'نوع','براق',14,43,2063),(10529,'عرض','60',15,73,2063),(10530,'لبه','یک لبه',5,10,2063),(10531,'اچ پی ال','یک رو',6,12,2063),(10532,'ضخامت','48',4,6,2063),(10533,'نوع HPL','آرتا ',16,50,2063),(10534,'نوع','براق',14,43,2064),(10535,'عرض','60',15,73,2064),(10536,'لبه','دو لبه',5,11,2064),(10537,'اچ پی ال','یک رو',6,12,2064),(10538,'ضخامت','48',4,6,2064),(10539,'نوع HPL','وایا',16,49,2064),(10540,'نوع','براق',14,43,2065),(10541,'عرض','60',15,73,2065),(10542,'لبه','دو لبه',5,11,2065),(10543,'اچ پی ال','یک رو',6,12,2065),(10544,'ضخامت','48',4,6,2065),(10545,'نوع HPL','آرتا ',16,50,2065),(10546,'نوع','براق',14,43,2066),(10547,'عرض','75',15,76,2066),(10548,'لبه','دو لبه',5,11,2066),(10549,'اچ پی ال','دو رو',6,13,2066),(10550,'ضخامت','48',4,6,2066),(10551,'نوع HPL','آرتا ',16,50,2066),(10552,'نوع','براق',14,43,2067),(10553,'عرض','60',15,73,2067),(10554,'لبه','دو لبه',5,11,2067),(10555,'اچ پی ال','یک رو',6,12,2067),(10556,'ضخامت','32',4,5,2067),(10557,'نوع HPL','آرتا ',16,50,2067),(10558,'ضخامت','16',4,37,2068),(10559,'کیفیت','درجه یک',8,38,2068),(10560,'برند','ANG',13,40,2068),(10561,'ضخامت','16',4,37,2069),(10562,'کیفیت','درجه یک',8,38,2069),(10563,'برند','ANG',13,40,2069),(10564,'ضخامت','16',4,37,2070),(10565,'کیفیت','درجه یک',8,38,2070),(10566,'برند','ANG',13,40,2070),(10567,'ضخامت','16',4,37,2071),(10568,'کیفیت','درجه یک',8,38,2071),(10569,'برند','ANG',13,40,2071),(10570,'ضخامت','16',4,37,2072),(10571,'کیفیت','درجه یک',8,38,2072),(10572,'برند','Ecoone',13,41,2072),(10573,'ضخامت','16',4,37,2073),(10574,'کیفیت','درجه یک',8,38,2073),(10575,'برند','Ecoone',13,41,2073),(10576,'ضخامت','16',4,37,2074),(10577,'کیفیت','درجه یک',8,38,2074),(10578,'برند','Ecoone',13,41,2074),(10579,'ضخامت','16',4,37,2075),(10580,'کیفیت','درجه یک',8,38,2075),(10581,'برند','Ecoone',13,41,2075),(10582,'ضخامت','16',4,37,2076),(10583,'کیفیت','درجه یک',8,38,2076),(10584,'برند','Ecoone',13,41,2076),(10608,'لبه','دو لبه',5,11,2084),(10607,'عرض','90',15,79,2084),(10606,'نوع','براق',14,43,2084),(10588,'ضخامت','16',4,37,2078),(10589,'کیفیت','درجه یک',8,38,2078),(10590,'برند','ANG',13,40,2078),(10591,'ضخامت','16',4,37,2079),(10592,'کیفیت','درجه یک',8,38,2079),(10593,'برند','ANG',13,40,2079),(10594,'ضخامت','16',4,37,2080),(10595,'کیفیت','درجه یک',8,38,2080),(10596,'برند','ANG',13,40,2080),(10597,'ضخامت','16',4,37,2081),(10598,'کیفیت','درجه یک',8,38,2081),(10599,'برند','ANG',13,40,2081),(10600,'ضخامت','16',4,37,2082),(10601,'کیفیت','درجه یک',8,38,2082),(10602,'برند','ANG',13,40,2082),(10603,'ضخامت','16',4,37,2083),(10604,'کیفیت','درجه یک',8,38,2083),(10605,'برند','ANG',13,40,2083),(10609,'اچ پی ال','دو رو',6,13,2084),(10610,'ضخامت','48',4,6,2084),(10611,'نوع HPL','آرتا ',16,50,2084),(10612,'نوع','براق',14,43,2085),(10613,'عرض','60',15,73,2085),(10614,'لبه','دو لبه',5,11,2085),(10615,'اچ پی ال','یک رو',6,12,2085),(10616,'ضخامت','48',4,6,2085),(10617,'نوع HPL','آرتا ',16,50,2085),(10618,'نوع','براق',14,43,2086),(10619,'عرض','60',15,73,2086),(10620,'لبه','یک لبه',5,10,2086),(10621,'اچ پی ال','یک رو',6,12,2086),(10622,'ضخامت','48',4,6,2086),(10623,'نوع HPL','آرتا ',16,50,2086),(10624,'نوع','مات',14,44,2087),(10625,'عرض','60',15,73,2087),(10626,'لبه','دو لبه',5,11,2087),(10627,'اچ پی ال','یک رو',6,12,2087),(10628,'ضخامت','48',4,6,2087),(10629,'نوع HPL','آرتا ',16,50,2087),(10630,'نوع','براق',14,43,2088),(10631,'عرض','60',15,73,2088),(10632,'لبه','دو لبه',5,11,2088),(10633,'اچ پی ال','یک رو',6,12,2088),(10634,'ضخامت','48',4,6,2088),(10635,'نوع HPL','آرتا ',16,50,2088),(10636,'نوع','براق',14,43,2089),(10637,'عرض','60',15,73,2089),(10638,'لبه','دو لبه',5,11,2089),(10639,'اچ پی ال','یک رو',6,12,2089),(10640,'ضخامت','48',4,6,2089),(10641,'نوع HPL','آرتا ',16,50,2089),(10642,'نوع','براق',14,43,2090),(10643,'عرض','60',15,73,2090),(10644,'لبه','دو لبه',5,11,2090),(10645,'اچ پی ال','یک رو',6,12,2090),(10646,'ضخامت','48',4,6,2090),(10647,'نوع HPL','آرتا ',16,50,2090),(10648,'نوع','براق',14,43,2091),(10649,'عرض','60',15,73,2091),(10650,'لبه','یک لبه',5,10,2091),(10651,'اچ پی ال','یک رو',6,12,2091),(10652,'ضخامت','48',4,6,2091),(10653,'نوع HPL','آرتا ',16,50,2091),(10654,'نوع','براق',14,43,2092),(10655,'عرض','60',15,73,2092),(10656,'لبه','دو لبه',5,11,2092),(10657,'اچ پی ال','یک رو',6,12,2092),(10658,'ضخامت','48',4,6,2092),(10659,'نوع HPL','آرتا ',16,50,2092),(10660,'نوع','براق',14,43,2093),(10661,'عرض','60',15,73,2093),(10662,'لبه','یک لبه',5,10,2093),(10663,'اچ پی ال','یک رو',6,12,2093),(10664,'ضخامت','48',4,6,2093),(10665,'نوع HPL','آرتا ',16,50,2093),(10666,'نوع','براق',14,43,2094),(10667,'عرض','60',15,73,2094),(10668,'لبه','دو لبه',5,11,2094),(10669,'اچ پی ال','یک رو',6,12,2094),(10670,'ضخامت','48',4,6,2094),(10671,'نوع HPL','وایا',16,49,2094),(10672,'نوع','مات',14,44,2095),(10673,'عرض','60',15,73,2095),(10674,'لبه','دو لبه',5,11,2095),(10675,'اچ پی ال','یک رو',6,12,2095),(10676,'ضخامت','48',4,6,2095),(10677,'نوع HPL','وایا',16,49,2095),(10678,'نوع','براق',14,43,2096),(10679,'عرض','60',15,73,2096),(10680,'لبه','دو لبه',5,11,2096),(10681,'اچ پی ال','یک رو',6,12,2096),(10682,'ضخامت','48',4,6,2096),(10683,'نوع HPL','آرتا ',16,50,2096),(10684,'نوع','براق',14,43,2097),(10685,'عرض','60',15,73,2097),(10686,'لبه','یک لبه',5,10,2097),(10687,'اچ پی ال','یک رو',6,12,2097),(10688,'ضخامت','48',4,6,2097),(10689,'نوع HPL','آرتا ',16,50,2097),(10690,'نوع','براق',14,43,2098),(10691,'عرض','60',15,73,2098),(10692,'لبه','دو لبه',5,11,2098),(10693,'اچ پی ال','یک رو',6,12,2098),(10694,'ضخامت','48',4,6,2098),(10695,'نوع HPL','آرتا ',16,50,2098),(10696,'نوع','براق',14,43,2099),(10697,'عرض','60',15,73,2099),(10698,'لبه','یک لبه',5,10,2099),(10699,'اچ پی ال','یک رو',6,12,2099),(10700,'ضخامت','48',4,6,2099),(10701,'نوع HPL','آرتا ',16,50,2099),(10702,'نوع','براق',14,43,2100),(10703,'عرض','60',15,73,2100),(10704,'لبه','دو لبه',5,11,2100),(10705,'اچ پی ال','یک رو',6,12,2100),(10706,'ضخامت','32',4,5,2100),(10707,'نوع HPL','آرتا ',16,50,2100),(10708,'نوع','براق',14,43,2101),(10709,'عرض','60',15,73,2101),(10710,'لبه','دو لبه',5,11,2101),(10711,'اچ پی ال','یک رو',6,12,2101),(10712,'ضخامت','32',4,5,2101),(10713,'نوع HPL','آرتا ',16,50,2101),(10714,'نوع','براق',14,43,2102),(10715,'عرض','60',15,73,2102),(10716,'لبه','دو لبه',5,11,2102),(10717,'اچ پی ال','یک رو',6,12,2102),(10718,'ضخامت','48',4,6,2102),(10719,'نوع HPL','آرتا ',16,50,2102),(10720,'نوع','براق',14,43,2103),(10721,'عرض','60',15,73,2103),(10722,'لبه','یک لبه',5,10,2103),(10723,'اچ پی ال','یک رو',6,12,2103),(10724,'ضخامت','48',4,6,2103),(10725,'نوع HPL','آرتا ',16,50,2103),(10726,'نوع','براق',14,43,2104),(10727,'عرض','60',15,73,2104),(10728,'لبه','دو لبه',5,11,2104),(10729,'اچ پی ال','یک رو',6,12,2104),(10730,'ضخامت','48',4,6,2104),(10731,'نوع HPL','آرتا ',16,50,2104),(10732,'نوع','براق',14,43,2105),(10733,'عرض','60',15,73,2105),(10734,'لبه','یک لبه',5,10,2105),(10735,'اچ پی ال','یک رو',6,12,2105),(10736,'ضخامت','48',4,6,2105),(10737,'نوع HPL','آرتا ',16,50,2105),(10738,'نوع','براق',14,43,2106),(10739,'عرض','60',15,73,2106),(10740,'لبه','دو لبه',5,11,2106),(10741,'اچ پی ال','یک رو',6,12,2106),(10742,'ضخامت','48',4,6,2106),(10743,'نوع HPL','آرتا ',16,50,2106),(10744,'نوع','براق',14,43,2107),(10745,'عرض','60',15,73,2107),(10746,'لبه','یک لبه',5,10,2107),(10747,'اچ پی ال','یک رو',6,12,2107),(10748,'ضخامت','48',4,6,2107),(10749,'نوع HPL','آرتا ',16,50,2107),(10750,'نوع','براق',14,43,2108),(10751,'عرض','60',15,73,2108),(10752,'لبه','دو لبه',5,11,2108),(10753,'اچ پی ال','یک رو',6,12,2108),(10754,'ضخامت','48',4,6,2108),(10755,'نوع HPL','آرتا ',16,50,2108);
/*!40000 ALTER TABLE `base_orderitemdetail` ENABLE KEYS */;
UNLOCK TABLES;

--
-- Table structure for table `base_report`
--

DROP TABLE IF EXISTS `base_report`;
/*!40101 SET @saved_cs_client     = @@character_set_client */;
/*!40101 SET character_set_client = utf8 */;
CREATE TABLE `base_report` (
  `id` bigint(20) NOT NULL AUTO_INCREMENT,
  `customer_request` varchar(500) DEFAULT NULL,
  `manager_decision` varchar(200) DEFAULT NULL,
  `final_decision` varchar(200) DEFAULT NULL,
  `create_date` datetime(6) NOT NULL,
  `order_id` bigint(20) DEFAULT NULL,
  PRIMARY KEY (`id`),
  KEY `base_report_order_id_5aecb93c_fk_base_order_id` (`order_id`)
) ENGINE=MyISAM AUTO_INCREMENT=2 DEFAULT CHARSET=utf8 COLLATE=utf8_general_ci;
/*!40101 SET character_set_client = @saved_cs_client */;

--
-- Dumping data for table `base_report`
--

LOCK TABLES `base_report` WRITE;
/*!40000 ALTER TABLE `base_report` DISABLE KEYS */;
INSERT INTO `base_report` VALUES (1,'جبران خسارت','جایگزین گردد','تست','2022-10-31 11:57:09.815889',14);
/*!40000 ALTER TABLE `base_report` ENABLE KEYS */;
UNLOCK TABLES;

--
-- Table structure for table `base_wallet`
--

DROP TABLE IF EXISTS `base_wallet`;
/*!40101 SET @saved_cs_client     = @@character_set_client */;
/*!40101 SET character_set_client = utf8 */;
CREATE TABLE `base_wallet` (
  `id` bigint(20) NOT NULL AUTO_INCREMENT,
  `balance` bigint(20) DEFAULT NULL,
  `owner_id` int(11) NOT NULL,
  PRIMARY KEY (`id`),
  UNIQUE KEY `owner_id` (`owner_id`)
) ENGINE=MyISAM DEFAULT CHARSET=utf8 COLLATE=utf8_general_ci;
/*!40101 SET character_set_client = @saved_cs_client */;

--
-- Dumping data for table `base_wallet`
--

LOCK TABLES `base_wallet` WRITE;
/*!40000 ALTER TABLE `base_wallet` DISABLE KEYS */;
/*!40000 ALTER TABLE `base_wallet` ENABLE KEYS */;
UNLOCK TABLES;

--
-- Table structure for table `django_admin_log`
--

DROP TABLE IF EXISTS `django_admin_log`;
/*!40101 SET @saved_cs_client     = @@character_set_client */;
/*!40101 SET character_set_client = utf8 */;
CREATE TABLE `django_admin_log` (
  `id` int(11) NOT NULL AUTO_INCREMENT,
  `action_time` datetime(6) NOT NULL,
  `object_id` longtext DEFAULT NULL,
  `object_repr` varchar(200) NOT NULL,
  `action_flag` smallint(5) unsigned NOT NULL CHECK (`action_flag` >= 0),
  `change_message` longtext NOT NULL,
  `content_type_id` int(11) DEFAULT NULL,
  `user_id` int(11) NOT NULL,
  PRIMARY KEY (`id`),
  KEY `django_admin_log_content_type_id_c4bce8eb_fk_django_co` (`content_type_id`),
  KEY `django_admin_log_user_id_c564eba6_fk_auth_user_id` (`user_id`)
) ENGINE=MyISAM AUTO_INCREMENT=36 DEFAULT CHARSET=utf8 COLLATE=utf8_general_ci;
/*!40101 SET character_set_client = @saved_cs_client */;

--
-- Dumping data for table `django_admin_log`
--

LOCK TABLES `django_admin_log` WRITE;
/*!40000 ALTER TABLE `django_admin_log` DISABLE KEYS */;
INSERT INTO `django_admin_log` VALUES (1,'2023-01-03 11:47:14.450255','282','amir',1,'[{\"added\": {}}]',24,307),(2,'2023-01-03 11:54:11.843665','283','regang',1,'[{\"added\": {}}]',24,307),(3,'2023-01-17 11:56:33.126302','246','amirreza taherkhani',1,'[{\"added\": {}}]',25,307),(4,'2023-01-17 12:37:41.710145','285','golmohammadi',1,'[{\"added\": {}}]',24,307),(5,'2023-01-17 12:38:34.083990','5','طاهره  کسائی',2,'[{\"changed\": {\"fields\": [\"Mobile\"]}}]',27,307),(6,'2023-01-17 12:38:47.032926','286','kasai',1,'[{\"added\": {}}]',24,307),(7,'2023-01-17 12:39:17.877898','287','mohammadi',1,'[{\"added\": {}}]',24,307),(8,'2023-01-17 12:40:06.188419','288','shams',1,'[{\"added\": {}}]',24,307),(9,'2023-01-17 12:40:36.002359','2','نرگس یوزباشی',2,'[{\"changed\": {\"fields\": [\"Mobile\"]}}]',27,307),(10,'2023-01-17 12:40:48.039459','289','yuzbashi',1,'[{\"added\": {}}]',24,307),(11,'2023-01-17 12:42:06.570377','290','safari',1,'[{\"added\": {}}]',24,307),(12,'2023-01-17 12:45:49.684157','309','تستیان',3,'',4,307),(13,'2023-01-17 12:45:49.686358','310','qwqw',3,'',4,307),(14,'2023-01-17 14:24:32.792508','312','qwwwqww',3,'',4,307),(15,'2023-01-19 10:42:27.172417','13',' ',1,'[{\"added\": {}}]',27,307),(16,'2023-01-19 13:41:36.845814','282','amir',2,'[{\"changed\": {\"fields\": [\"Mobile\"]}}]',24,307),(17,'2023-01-19 13:41:40.155918','246','amirreza taherkhani',2,'[]',25,307),(18,'2023-01-19 13:42:55.252050','307','amir',2,'[{\"changed\": {\"fields\": [\"First name\", \"Last name\"]}}]',4,307),(19,'2023-01-19 13:42:57.365960','13','امیررضا طاهرخانی',2,'[]',27,307),(20,'2023-01-19 13:43:21.609680','267','order 267',1,'[{\"added\": {}}]',7,307),(21,'2023-01-19 13:55:35.472762','282','amir',2,'[{\"changed\": {\"fields\": [\"Expert\"]}}]',24,307),(22,'2023-01-19 13:56:13.654777','282','amir',2,'[{\"changed\": {\"fields\": [\"Role\"]}}]',24,307),(23,'2023-01-19 13:56:14.941931','246','amirreza taherkhani',2,'[]',25,307),(24,'2023-01-22 14:06:36.222706','314','armanzadpour',1,'[{\"added\": {}}]',4,307),(25,'2023-01-22 14:06:51.282421','314','armanzadpour',2,'[{\"changed\": {\"fields\": [\"First name\", \"Last name\", \"Email address\"]}}]',4,307),(26,'2023-01-22 14:07:58.213324','294','armanzadpour',1,'[{\"added\": {}}]',24,307),(27,'2023-01-22 14:08:13.761236','248','arman zadpour',1,'[{\"added\": {}}]',25,307),(28,'2023-01-22 14:09:37.368079','314','armanzadpour',2,'[{\"changed\": {\"fields\": [\"Staff status\", \"Superuser status\"]}}]',4,307),(29,'2023-01-22 14:10:13.202994','314','armanzadpour',2,'[{\"changed\": {\"fields\": [\"Superuser status\"]}}]',4,314),(30,'2023-01-22 14:10:46.618171','314','armanzadpour',2,'[]',4,307),(31,'2023-01-22 14:11:29.742859','294','armanzadpour',2,'[{\"changed\": {\"fields\": [\"Expert\"]}}]',24,307),(32,'2023-01-22 14:12:12.684602','294','armanzadpour',2,'[]',24,307),(33,'2023-01-22 14:13:14.573972','14','arman zadpour',1,'[{\"added\": {}}]',27,307),(34,'2023-01-22 14:15:12.720150','314','armanzadpour',2,'[{\"changed\": {\"fields\": [\"Superuser status\", \"User permissions\"]}}]',4,307),(35,'2023-01-22 14:15:23.032756','314','armanzadpour',2,'[{\"changed\": {\"fields\": [\"User permissions\"]}}]',4,307);
/*!40000 ALTER TABLE `django_admin_log` ENABLE KEYS */;
UNLOCK TABLES;

--
-- Table structure for table `django_content_type`
--

DROP TABLE IF EXISTS `django_content_type`;
/*!40101 SET @saved_cs_client     = @@character_set_client */;
/*!40101 SET character_set_client = utf8 */;
CREATE TABLE `django_content_type` (
  `id` int(11) NOT NULL AUTO_INCREMENT,
  `app_label` varchar(100) NOT NULL,
  `model` varchar(100) NOT NULL,
  PRIMARY KEY (`id`),
  UNIQUE KEY `django_content_type_app_label_model_76bd3d3b_uniq` (`app_label`,`model`)
) ENGINE=MyISAM AUTO_INCREMENT=30 DEFAULT CHARSET=utf8 COLLATE=utf8_general_ci;
/*!40101 SET character_set_client = @saved_cs_client */;

--
-- Dumping data for table `django_content_type`
--

LOCK TABLES `django_content_type` WRITE;
/*!40000 ALTER TABLE `django_content_type` DISABLE KEYS */;
INSERT INTO `django_content_type` VALUES (1,'admin','logentry'),(2,'auth','permission'),(3,'auth','group'),(4,'auth','user'),(5,'contenttypes','contenttype'),(6,'sessions','session'),(7,'base','order'),(8,'base','orderitem'),(9,'base','orderitemdetail'),(10,'base','notification'),(11,'base','notificationuser'),(12,'base','notificationadmin'),(13,'base','report'),(14,'base','damagedproduct'),(15,'product','product'),(16,'product','feature'),(17,'product','featurevalue'),(18,'product','productfeature'),(19,'product','productfeaturevalue'),(20,'product','color'),(21,'product','productcolor'),(22,'users','state'),(23,'users','city'),(24,'users','profile'),(25,'users','private'),(26,'users','legal'),(27,'users','expert'),(28,'users','exhibition'),(29,'base','wallet');
/*!40000 ALTER TABLE `django_content_type` ENABLE KEYS */;
UNLOCK TABLES;

--
-- Table structure for table `django_migrations`
--

DROP TABLE IF EXISTS `django_migrations`;
/*!40101 SET @saved_cs_client     = @@character_set_client */;
/*!40101 SET character_set_client = utf8 */;
CREATE TABLE `django_migrations` (
  `id` int(11) NOT NULL AUTO_INCREMENT,
  `app` varchar(255) NOT NULL,
  `name` varchar(255) NOT NULL,
  `applied` datetime(6) NOT NULL,
  PRIMARY KEY (`id`)
) ENGINE=MyISAM AUTO_INCREMENT=32 DEFAULT CHARSET=utf8 COLLATE=utf8_general_ci;
/*!40101 SET character_set_client = @saved_cs_client */;

--
-- Dumping data for table `django_migrations`
--

LOCK TABLES `django_migrations` WRITE;
/*!40000 ALTER TABLE `django_migrations` DISABLE KEYS */;
INSERT INTO `django_migrations` VALUES (1,'contenttypes','0001_initial','2022-10-20 14:10:28.531020'),(2,'auth','0001_initial','2022-10-20 14:10:28.668892'),(3,'admin','0001_initial','2022-10-20 14:10:28.711919'),(4,'admin','0002_logentry_remove_auto_add','2022-10-20 14:10:28.739674'),(5,'admin','0003_logentry_add_action_flag_choices','2022-10-20 14:10:28.766478'),(6,'contenttypes','0002_remove_content_type_name','2022-10-20 14:10:28.869209'),(7,'auth','0002_alter_permission_name_max_length','2022-10-20 14:10:28.896014'),(8,'auth','0003_alter_user_email_max_length','2022-10-20 14:10:28.933715'),(9,'auth','0004_alter_user_username_opts','2022-10-20 14:10:28.962233'),(10,'auth','0005_alter_user_last_login_null','2022-10-20 14:10:28.993496'),(11,'auth','0006_require_contenttypes_0002','2022-10-20 14:10:28.995394'),(12,'auth','0007_alter_validators_add_error_messages','2022-10-20 14:10:29.015096'),(13,'auth','0008_alter_user_username_max_length','2022-10-20 14:10:29.047806'),(14,'auth','0009_alter_user_last_name_max_length','2022-10-20 14:10:29.078744'),(15,'auth','0010_alter_group_name_max_length','2022-10-20 14:10:29.109821'),(16,'auth','0011_update_proxy_permissions','2022-10-20 14:10:29.175261'),(17,'auth','0012_alter_user_first_name_max_length','2022-10-20 14:10:29.236229'),(18,'sessions','0001_initial','2022-10-20 14:10:29.282151'),(19,'users','0001_initial','2022-10-20 15:15:12.656304'),(20,'product','0001_initial','2022-10-20 15:23:26.949783'),(21,'base','0001_initial','2022-10-20 15:28:29.317691'),(22,'base','0002_alter_orderitem_code','2022-10-26 10:18:10.137306'),(23,'base','0003_auto_20221107_1200','2022-11-07 12:01:04.302295'),(24,'product','0002_color_isactive','2022-11-07 12:15:05.862037'),(25,'users','0002_alter_profile_user','2023-01-03 11:20:27.210254'),(26,'base','0002_auto_20230112_1042','2023-01-17 12:00:18.796204'),(27,'base','0003_order_payment_type','2023-01-17 12:00:18.834974'),(28,'base','0004_alter_order_payment_type','2023-01-17 12:00:18.868137'),(29,'base','0005_wallet','2023-01-17 12:00:18.978256'),(30,'base','0006_auto_20230119_0936','2023-01-19 09:36:33.766343'),(31,'base','0007_alter_order_price','2023-01-19 14:02:32.258772');
/*!40000 ALTER TABLE `django_migrations` ENABLE KEYS */;
UNLOCK TABLES;

--
-- Table structure for table `django_session`
--

DROP TABLE IF EXISTS `django_session`;
/*!40101 SET @saved_cs_client     = @@character_set_client */;
/*!40101 SET character_set_client = utf8 */;
CREATE TABLE `django_session` (
  `session_key` varchar(40) NOT NULL,
  `session_data` longtext NOT NULL,
  `expire_date` datetime(6) NOT NULL,
  PRIMARY KEY (`session_key`),
  KEY `django_session_expire_date_a5c62663` (`expire_date`)
) ENGINE=MyISAM DEFAULT CHARSET=utf8 COLLATE=utf8_general_ci;
/*!40101 SET character_set_client = @saved_cs_client */;

--
-- Dumping data for table `django_session`
--

LOCK TABLES `django_session` WRITE;
/*!40000 ALTER TABLE `django_session` DISABLE KEYS */;
INSERT INTO `django_session` VALUES ('l7iut95o9gcan274tv1nvoljywtbd067','.eJxVjMsOwiAQRf-FtSHlIQwu3fsNZGAGqRqalHZl_HfbpAvdnnPufYuI61Lj2nmOI4mLUOL0yxLmJ7dd0APbfZJ5ass8Jrkn8rBd3ibi1_Vo_w4q9rqtiwsqgYHgdTDsM2IuJQwMNihNYGgjBNplbws7ME4XKIz2zAb8gEl8vuzeOFc:1oojD2:3tZBaJZceE72Y0W0bFs3eLrNj7ZaePfSssiymsGq3ag','2022-11-12 10:37:00.651406'),('kc7ut6em3bznov85dqdfnsokak87vo31','.eJxVjMsOwiAQRf-FtSHlIQwu3fsNZGAGqRqalHZl_HfbpAvdnnPufYuI61Lj2nmOI4mLUOL0yxLmJ7dd0APbfZJ5ass8Jrkn8rBd3ibi1_Vo_w4q9rqtiwsqgYHgdTDsM2IuJQwMNihNYGgjBNplbws7ME4XKIz2zAb8gEl8vuzeOFc:1oljaD:5gQalaBEX5lhXI3msNi13zH13XvVhbEwJToo_H5rxYU','2022-11-04 04:24:33.952213'),('60buqntq5dakbrdlld96dm763728i8ld','.eJxVjMsOwiAQRf-FtSHlIQwu3fsNZGAGqRqalHZl_HfbpAvdnnPufYuI61Lj2nmOI4mLUOL0yxLmJ7dd0APbfZJ5ass8Jrkn8rBd3ibi1_Vo_w4q9rqtiwsqgYHgdTDsM2IuJQwMNihNYGgjBNplbws7ME4XKIz2zAb8gEl8vuzeOFc:1ollOY:eRMFZ0ooueAA6oGc5cV2x3lGnAbFFyUCecz6fHj5esA','2022-11-04 06:20:38.148852'),('dqxz1tvj6x6smeo0zxy5v9h2iqfivjsy','.eJxVjMsOwiAQRf-FtSHlIQwu3fsNZGAGqRqalHZl_HfbpAvdnnPufYuI61Lj2nmOI4mLUOL0yxLmJ7dd0APbfZJ5ass8Jrkn8rBd3ibi1_Vo_w4q9rqtiwsqgYHgdTDsM2IuJQwMNihNYGgjBNplbws7ME4XKIz2zAb8gEl8vuzeOFc:1olnAG:vsu77j7b22j0SjbHVtG9BFKRxx9Gm1PQyAnErWzrfkM','2022-11-04 08:14:00.275376'),('sfepzon07f3osfn92q8w4c6qudzzrusy','.eJxVjMsOwiAQRf-FtSHlIQwu3fsNZGAGqRqalHZl_HfbpAvdnnPufYuI61Lj2nmOI4mLUOL0yxLmJ7dd0APbfZJ5ass8Jrkn8rBd3ibi1_Vo_w4q9rqtiwsqgYHgdTDsM2IuJQwMNihNYGgjBNplbws7ME4XKIz2zAb8gEl8vuzeOFc:1om877:Cn68HRRelpcauZkyjOX6s8e6wxCzJd1nJl88QbkfoZ0','2022-11-05 06:36:09.354372'),('pbr4zqp3zpitt3f4nqwjt470hxf3qexj','.eJxVjMsOwiAQRf-FtSHlIQwu3fsNZGAGqRqalHZl_HfbpAvdnnPufYuI61Lj2nmOI4mLUOL0yxLmJ7dd0APbfZJ5ass8Jrkn8rBd3ibi1_Vo_w4q9rqtiwsqgYHgdTDsM2IuJQwMNihNYGgjBNplbws7ME4XKIz2zAb8gEl8vuzeOFc:1omU6k:n_1inag7azyfLrPt4qtV5_dDYk4R2vV7hyvtHWLY_-o','2022-11-06 06:05:14.282630'),('ghvijj1l24ao0bsozkng2er5tp3sbhdq','.eJxVjE0OwiAYBe_C2hAIBT5cuvcM5PEnVUOT0q4a726bdKHbNzNvYx7rUv3a8-zHxK5Mascuv2tAfOV2oPREe0w8Tm2Zx8APhZ-08_uU8vt2un8HFb3udSmDICJloLQkinBaSUMIFhmDkC4aq3OBCJAJFBxsgCZhdkHIotnnCyoZOGo:1oonPp:YcZGxAb-Hpirn7jxkSmbNjnkY3unlqfxzOtgFj8lmKc','2022-11-12 15:06:29.424078'),('k0zouhv4inz3fjg57h4c8xeqxbk7v4eh','.eJxVjMsOwiAQRf-FtSHlIQwu3fsNZGAGqRqalHZl_HfbpAvdnnPufYuI61Lj2nmOI4mLUOL0yxLmJ7dd0APbfZJ5ass8Jrkn8rBd3ibi1_Vo_w4q9rqtiwsqgYHgdTDsM2IuJQwMNihNYGgjBNplbws7ME4XKIz2zAb8gEl8vuzeOFc:1onbVg:QktSR3FXSqhyKLoliu0RleDbRxn3ZURP50anhO2dxrU','2022-11-09 08:11:36.253025'),('1fxc4g0nd00lbejeb1lvk148j2zcccpf','.eJxVjEsOwjAMBe-SNYrsOnUKS_Y9Q-Q4CSmgVupnhbg7VOoCtm9m3ssE2dYatiXPYUjmYgjM6XeMoo887iTdZbxNVqdxnYdod8UedLH9lPLzerh_B1WW-q2BQDkmx1wKJodI0jFDUwi5wSY6Yo9taTUTq5JQ27kzRk0ePIB48_4A4C029g:1ooiBE:6vyKnONR6DEWwDggwot091P5PYF5-ykOyeivKa3U8kY','2022-11-12 09:31:04.879644'),('0g7dtvtlblnh98ca9gep4sb6e443k280','.eJxVjMsOwiAQRf-FtSEwlEdcuvcbmgFmpGogKe3K-O9K0oVu7znnvsSM-1bmvdM6L1mchdHi9DtGTA-qg-Q71luTqdVtXaIcijxol9eW6Xk53L-Dgr18a04uxYksg2Mg7bzNDNFrQotA3lmvWSmweWIPgScDRlkztBBzUCjeHxX7N9Y:1oojU0:i2aMPqY9lRgPDdPxVe4wBHdSPPHSDcsaamG_bf72oSY','2022-11-12 10:54:32.609759'),('drjzl5vqybpxxreorh9nlx55op23i5x7','.eJxVjMsOwiAQRf-FtSHlIQwu3fsNZGAGqRqalHZl_HfbpAvdnnPufYuI61Lj2nmOI4mLUOL0yxLmJ7dd0APbfZJ5ass8Jrkn8rBd3ibi1_Vo_w4q9rqtiwsqgYHgdTDsM2IuJQwMNihNYGgjBNplbws7ME4XKIz2zAb8gEl8vuzeOFc:1orXrj:J3Or9KYPSZkoMyjqDSsvzhsgp5mfUW4UdaknhClEWro','2022-11-20 05:06:39.934065'),('ql5858uokcpz892cdjftg7ll74cim4si','.eJxVjMsOwiAQRf-FtSHlIQwu3fsNZGAGqRqalHZl_HfbpAvdnnPufYuI61Lj2nmOI4mLUOL0yxLmJ7dd0APbfZJ5ass8Jrkn8rBd3ibi1_Vo_w4q9rqtiwsqgYHgdTDsM2IuJQwMNihNYGgjBNplbws7ME4XKIz2zAb8gEl8vuzeOFc:1opQR7:UAvlF8eDLE9-daPJUq8CKwUpwA8M9fyDCkpvriyzOus','2022-11-14 08:46:25.116575'),('hze2ze2co15hz7vk3990pq9vxhx01ua4','.eJxVjE0OwiAYBe_C2hCwBT5cuvcM5PEnVQNJaVfGu9smXej2zcx7M4d1KW7taXZTZBd2JstOv6tHeKa6o_hAvTceWl3myfNd4Qft_NZiel0P9--goJetznkURDRoDEoSBVg1SE3wBgmjkDZoo1KG8JAR5C2MhyKhN0HIrNjnCyyCOG4:1opTo9:9iqDF80JI-Nc0s7vECAVehow2fZs5tx6I-Zu9q1EV_c','2022-11-14 12:22:25.122698'),('hwnqthwaq9oosmdcngy8j39yb58456iz','.eJxVjMsOwiAQRf-FtSHlIQwu3fsNZGAGqRqalHZl_HfbpAvdnnPufYuI61Lj2nmOI4mLUOL0yxLmJ7dd0APbfZJ5ass8Jrkn8rBd3ibi1_Vo_w4q9rqtiwsqgYHgdTDsM2IuJQwMNihNYGgjBNplbws7ME4XKIz2zAb8gEl8vuzeOFc:1opTRr:lTaaBZDKnSpTGku0Y5i31afXoTL-xFYrSoyJvqGcso0','2022-11-14 11:59:23.474598'),('gtpgrqy8yohey6upszrodybwzonidwq7','.eJxVjMsOwiAQRf-FtSHlIQwu3fsNZGAGqRqalHZl_HfbpAvdnnPufYuI61Lj2nmOI4mLUOL0yxLmJ7dd0APbfZJ5ass8Jrkn8rBd3ibi1_Vo_w4q9rqtiwsqgYHgdTDsM2IuJQwMNihNYGgjBNplbws7ME4XKIz2zAb8gEl8vuzeOFc:1oqrVe:0aMQ-50xPeczHLk4B9RJxh9A6PFqzVpc_RLSKPJ6_sM','2022-11-18 07:53:02.605687'),('5iwgqjmxo9qdbh0j902rl8gdtlact0jp','.eJxVjMsOwiAQRf-FtSHlIQwu3fsNZGAGqRqalHZl_HfbpAvdnnPufYuI61Lj2nmOI4mLUOL0yxLmJ7dd0APbfZJ5ass8Jrkn8rBd3ibi1_Vo_w4q9rqtiwsqgYHgdTDsM2IuJQwMNihNYGgjBNplbws7ME4XKIz2zAb8gEl8vuzeOFc:1ouro9:ZdEOK4UNfpF8RjLR01kmD7iG1DgS3u8wNTwOz7ja9Ls','2022-11-29 09:00:41.036489'),('zx6m4333st2fbig6jbxcrnb0lfqk3zr9','.eJxVjMsOwiAQRf-FtSHlIQwu3fsNZGAGqRqalHZl_HfbpAvdnnPufYuI61Lj2nmOI4mLUOL0yxLmJ7dd0APbfZJ5ass8Jrkn8rBd3ibi1_Vo_w4q9rqtiwsqgYHgdTDsM2IuJQwMNihNYGgjBNplbws7ME4XKIz2zAb8gEl8vuzeOFc:1ou9tR:yXhp0j943bqqAKKW5Pbe1u4tELAokcfYsIkQFIQCW0c','2022-11-27 10:07:13.199527'),('eykkyp1fbbjnj2jy2iptzqwz0yl3adir','.eJxVjMsOwiAQRf-FtSHlIQwu3fsNZGAGqRqalHZl_HfbpAvdnnPufYuI61Lj2nmOI4mLUOL0yxLmJ7dd0APbfZJ5ass8Jrkn8rBd3ibi1_Vo_w4q9rqtiwsqgYHgdTDsM2IuJQwMNihNYGgjBNplbws7ME4XKIz2zAb8gEl8vuzeOFc:1ouV1U:2P5gIDPMNOLpCN6MW7i7W2DGxgicBN3R5DrQFEU7sZc','2022-11-28 08:40:56.665336'),('ln60yhqto6t8phs5jgf37r6zxxquk97f','.eJxVjMsOwiAQRf-FtSHlIQwu3fsNZGAGqRqalHZl_HfbpAvdnnPufYuI61Lj2nmOI4mLUOL0yxLmJ7dd0APbfZJ5ass8Jrkn8rBd3ibi1_Vo_w4q9rqtiwsqgYHgdTDsM2IuJQwMNihNYGgjBNplbws7ME4XKIz2zAb8gEl8vuzeOFc:1ouYNt:1yB1aJzfRF7J0iL3jdsf7MohZTnLnxTD2fPSMJthIQo','2022-11-28 12:16:17.006858'),('oa9qh7h9aa6ziafa8j2xztpvdqm0dv86','.eJxVjMEOwiAQRP-FsyEtUNZ69O43kGV3kaqBpLQn47_bJj3ocea9mbcKuC45rE3mMLG6qF6dfruI9JSyA35guVdNtSzzFPWu6IM2fassr-vh_h1kbHlbJyBM3lnokuWBEHkLXT9GiOATnZnYEfBIUUgQUQZnvSWHhtmQN-rzBRfYOXc:1p5iFZ:x3UwMRIZWBwyV0eXF9p8SNB-ANBBA0KbSooh6b9_2JM','2022-12-29 07:01:49.581654'),('1i14zm0ow5ioaxtfkqjel3hpzstdwvtd','.eJxVjDEOAiEQRe9CbQgwMIqlvWcgwwCyaiBZdivj3XWTLbT9773_EoHWpYZ15DlMSZwFKHH4HSPxI7eNpDu1W5fc2zJPUW6K3OmQ157y87K7fweVRv3WTFYrX8Ayg3FoEZ227Dkj0VH7FB0nAA9GqWhYFSoeCTOBM4VPzon3B_zLN_Y:1oy4nV:atsOcg8O3xZ4v0zYFsWuI8YUaEJHEyPugoF7CxQ7jrQ','2022-12-08 05:29:17.641051'),('uwh351hxg2xsv3itjk07z1ynqvprsi6m','.eJxVjMsOwiAQRf-FtSHlIQwu3fsNZGAGqRqalHZl_HfbpAvdnnPufYuI61Lj2nmOI4mLUOL0yxLmJ7dd0APbfZJ5ass8Jrkn8rBd3ibi1_Vo_w4q9rqtiwsqgYHgdTDsM2IuJQwMNihNYGgjBNplbws7ME4XKIz2zAb8gEl8vuzeOFc:1ozvQH:Zf9Me6e5NaLZFRWc1zENT28Iev34iCqrIZVctObXyPs','2022-12-13 07:52:57.941619'),('nvdqa1vt2plpg35eu8jpgpwxbrjdpm5b','.eJxVjMsOwiAQRf-FtSHlIQwu3fsNZGAGqRqalHZl_HfbpAvdnnPufYuI61Lj2nmOI4mLUOL0yxLmJ7dd0APbfZJ5ass8Jrkn8rBd3ibi1_Vo_w4q9rqtiwsqgYHgdTDsM2IuJQwMNihNYGgjBNplbws7ME4XKIz2zAb8gEl8vuzeOFc:1p0FB7:I6L-5YsDk-D_IjfoBIGMraF6_vArVahaa7upED4BZ2A','2022-12-14 04:58:37.869648'),('8aqsqnel4orvrbe6fiq37cdsy82lx5pz','.eJxVjMsOwiAQRf-FtSHlIQwu3fsNZGAGqRqalHZl_HfbpAvdnnPufYuI61Lj2nmOI4mLUOL0yxLmJ7dd0APbfZJ5ass8Jrkn8rBd3ibi1_Vo_w4q9rqtiwsqgYHgdTDsM2IuJQwMNihNYGgjBNplbws7ME4XKIz2zAb8gEl8vuzeOFc:1p1juU:tNTyfqYBFkGExtnAJA854nOHPF_ZY9XN0HedTG4XB04','2022-12-18 07:59:38.709414'),('v1ntpz1khg7lesjhuz82c1c08klccil1','.eJxVjMEOwiAQRP-FsyEtUNZ69O43kGV3kaqBpLQn47_bJj3ocea9mbcKuC45rE3mMLG6qF6dfruI9JSyA35guVdNtSzzFPWu6IM2fassr-vh_h1kbHlbJyBM3lnokuWBEHkLXT9GiOATnZnYEfBIUUgQUQZnvSWHhtmQN-rzBRfYOXc:1p5iBu:eyhi8MDN7lOdiajxhd7CcuHlRml3wsP3HEQswyhNLWk','2022-12-29 06:58:02.529846'),('cp70acqfzkowwnn0fqeszfy2c5t9iaqa','.eJxVjMEOwiAQRP-FsyEtUNZ69O43kGV3kaqBpLQn47_bJj3ocea9mbcKuC45rE3mMLG6qF6dfruI9JSyA35guVdNtSzzFPWu6IM2fassr-vh_h1kbHlbJyBM3lnokuWBEHkLXT9GiOATnZnYEfBIUUgQUQZnvSWHhtmQN-rzBRfYOXc:1p6pOl:21tc-1hYTjaEM9Obv3yr8SZdwNWTpNxCBtqPq5upu_E','2023-01-01 08:51:55.574475'),('x7qwqmt9iaxxtvu6vkmwo1nod65i7q0f','.eJxVjMEOwiAQRP-FsyEtUNZ69O43kGV3kaqBpLQn47_bJj3ocea9mbcKuC45rE3mMLG6qF6dfruI9JSyA35guVdNtSzzFPWu6IM2fassr-vh_h1kbHlbJyBM3lnokuWBEHkLXT9GiOATnZnYEfBIUUgQUQZnvSWHhtmQN-rzBRfYOXc:1pAlnX:KVAG2GjNv8BePktymVPrjfQlVeUFk9eyhGuDssVLR-0','2023-01-12 05:49:47.249079'),('0kcfj3qzbk3f648nwlcbi50iu4b83tqk','.eJxVjMEOwiAQRP-FsyEtUNZ69O43kGV3kaqBpLQn47_bJj3ocea9mbcKuC45rE3mMLG6qF6dfruI9JSyA35guVdNtSzzFPWu6IM2fassr-vh_h1kbHlbJyBM3lnokuWBEHkLXT9GiOATnZnYEfBIUUgQUQZnvSWHhtmQN-rzBRfYOXc:1p9hZZ:nMZrvhdTleS6ZjTOIXYBYybYMZ6MR5nFy7-GV8wCsWk','2023-01-09 07:06:57.280061'),('myzu67jucma6nllxyxwnnoe09oo4f520','.eJxVjEEOgjAQRe_StWlapi3g0r1naGamM4IaSCisjHdXEha6_e-9_zIZt3XIW5Ulj8WcDbjWnH5XQn7ItKNyx-k2W56ndRnJ7oo9aLXXucjzcrh_BwPW4VuLamocROwgcqvOJw5BCidljUxAwQtpgB5EG0BtnBJx55FRU-xb8_4AU2g5hA:1pD8fn:gfJ_LZoZYsfWLszV2J1KRGF31GLiQ26QwRrG-tm2yDw','2023-01-18 18:39:35.130376'),('jld8rrkjo57t8n0g8bat9xngq2oznku1','.eJxVjEEOgjAQRe_StWlapi3g0r1naGamM4IaSCisjHdXEha6_e-9_zIZt3XIW5Ulj8WcDbjWnH5XQn7ItKNyx-k2W56ndRnJ7oo9aLXXucjzcrh_BwPW4VuLamocROwgcqvOJw5BCidljUxAwQtpgB5EG0BtnBJx55FRU-xb8_4AU2g5hA:1pJpPV:C_-0y_NLP6D99zLvpJR8IttVDTa7eHoewtiLj0jOXMw','2023-02-06 05:30:25.251781'),('sh9is7ouhkp1qm7qy9hu2mpm9zsfcjeq','.eJxVjMEOwiAQRP-FsyEtUNZ69O43kGV3kaqBpLQn47_bJj3ocea9mbcKuC45rE3mMLG6qF6dfruI9JSyA35guVdNtSzzFPWu6IM2fassr-vh_h1kbHlbJyBM3lnokuWBEHkLXT9GiOATnZnYEfBIUUgQUQZnvSWHhtmQN-rzBRfYOXc:1pBtrw:kKxfiLtW8h2FsLPMx-CXQH4W5XM_s2IMcpBAUbSRgp4','2023-01-15 08:39:00.266114'),('bq0bj7gsjyfbi9kvnizoq620l0twnvlg','.eJxVjEEOgjAQRe_StWlapi3g0r1naGamM4IaSCisjHdXEha6_e-9_zIZt3XIW5Ulj8WcDbjWnH5XQn7ItKNyx-k2W56ndRnJ7oo9aLXXucjzcrh_BwPW4VuLamocROwgcqvOJw5BCidljUxAwQtpgB5EG0BtnBJx55FRU-xb8_4AU2g5hA:1pCeRE:KEwJP2QsCJwc3w9kYsVXp4z3KNHC8RfgZP96GYbmgsk','2023-01-17 10:22:32.998723'),('08oaw3ypsjo9phsobeydi5yddv4zxqvz','.eJxVjEEOgjAQRe_StWlapi3g0r1naGamM4IaSCisjHdXEha6_e-9_zIZt3XIW5Ulj8WcDbjWnH5XQn7ItKNyx-k2W56ndRnJ7oo9aLXXucjzcrh_BwPW4VuLamocROwgcqvOJw5BCidljUxAwQtpgB5EG0BtnBJx55FRU-xb8_4AU2g5hA:1pCfcz:1Ax0fWTyk3Vv-i-pkWk7tx94O4EanbzJ-siD3JKS-EU','2023-01-17 11:38:45.830121'),('sj8u984luy1sizt6uwvocav202jlu7h6','.eJxVjEEOgjAQRe_StWlapi3g0r1naGamM4IaSCisjHdXEha6_e-9_zIZt3XIW5Ulj8WcDbjWnH5XQn7ItKNyx-k2W56ndRnJ7oo9aLXXucjzcrh_BwPW4VuLamocROwgcqvOJw5BCidljUxAwQtpgB5EG0BtnBJx55FRU-xb8_4AU2g5hA:1pHkYw:VycCLFvyMRMJYATOYFJjo_VWWrDrOdzOLoscTynHJBU','2023-01-31 11:55:34.358042'),('xt47mffz74ea8m9p7qa0caqlaw9z682c','.eJxVjEEOgjAQRe_StWlapi3g0r1naGamM4IaSCisjHdXEha6_e-9_zIZt3XIW5Ulj8WcDbjWnH5XQn7ItKNyx-k2W56ndRnJ7oo9aLXXucjzcrh_BwPW4VuLamocROwgcqvOJw5BCidljUxAwQtpgB5EG0BtnBJx55FRU-xb8_4AU2g5hA:1pCfr6:WjGgorO9R-sgRPUpI1x4eiSO9s3SuQCuE4je1-txLoM','2023-01-17 11:53:20.259080'),('knzgtfzgmhe83syknsudcl7uqclh5h28','.eJxVjEEOgjAQRe_StWlapi3g0r1naGamM4IaSCisjHdXEha6_e-9_zIZt3XIW5Ulj8WcDbjWnH5XQn7ItKNyx-k2W56ndRnJ7oo9aLXXucjzcrh_BwPW4VuLamocROwgcqvOJw5BCidljUxAwQtpgB5EG0BtnBJx55FRU-xb8_4AU2g5hA:1pD2OM:AA5-P9YQB00vI7r8jOpaq969_cLDTYO0JWJn4AfXDvI','2023-01-18 11:57:10.377700'),('y45p87v55opay0h6eu3nj2rsoy9ad7pb','.eJxVjEEOgjAQRe_StWlapi3g0r1naGamM4IaSCisjHdXEha6_e-9_zIZt3XIW5Ulj8WcDbjWnH5XQn7ItKNyx-k2W56ndRnJ7oo9aLXXucjzcrh_BwPW4VuLamocROwgcqvOJw5BCidljUxAwQtpgB5EG0BtnBJx55FRU-xb8_4AU2g5hA:1pEREO:5mTpyFqig8ElKPQTOKFUyFeGXgCKc-wp6_RN9KV55kw','2023-01-22 08:40:40.466671'),('2ewityn2g88ehnva6csqcgnuhyg1y2is','.eJxVjEEOgjAQRe_StWlapi3g0r1naGamM4IaSCisjHdXEha6_e-9_zIZt3XIW5Ulj8WcDbjWnH5XQn7ItKNyx-k2W56ndRnJ7oo9aLXXucjzcrh_BwPW4VuLamocROwgcqvOJw5BCidljUxAwQtpgB5EG0BtnBJx55FRU-xb8_4AU2g5hA:1pFtDt:nuAs9VHZ2XpafuuSZ1bf03rr6Kz_6WaDvVe2p98iGfU','2023-01-26 08:46:09.993513'),('izp6x6ihoa9v52ko0x6tzjorm5oxgko1','.eJxVjEEOgjAQRe_StWlapi3g0r1naGamM4IaSCisjHdXEha6_e-9_zIZt3XIW5Ulj8WcDbjWnH5XQn7ItKNyx-k2W56ndRnJ7oo9aLXXucjzcrh_BwPW4VuLamocROwgcqvOJw5BCidljUxAwQtpgB5EG0BtnBJx55FRU-xb8_4AU2g5hA:1pISKw:75_kvqlPQ5In2fqUe0dgnbBJhwB95P5wFbLBrcwuWNk','2023-02-02 10:40:02.711375'),('8fwcofq7y9at8ihlwguoa7fxp585uqk7','.eJxVjEEOgjAQRe_StWmmdFqqS_ecoZmZDoIaSCisjHdXEha6_e-9_zKZtnXIW9Ulj8VcjHdoTr8rkzx02lG503SbrczTuoxsd8UetNpuLvq8Hu7fwUB1-NYArJEcN9IGVfGp6RFTSozeSQwFUBIiobjYNw6UmZNQ0NDGAHD25v0BLAQ39Q:1pJb8D:w1DIv4XVneSyf8no2bZQAao9yblPnLE-q8DQMR50w1g','2023-02-05 14:15:37.306401'),('odec8emts34z2yazplvrd7wlk16c31rf','.eJxVjEEOgjAQRe_StWlapi3g0r1naGamM4IaSCisjHdXEha6_e-9_zIZt3XIW5Ulj8WcDbjWnH5XQn7ItKNyx-k2W56ndRnJ7oo9aLXXucjzcrh_BwPW4VuLamocROwgcqvOJw5BCidljUxAwQtpgB5EG0BtnBJx55FRU-xb8_4AU2g5hA:1pImjg:g7BSV6qvaH-r8-D0lcUYIkOnEGMn_v2p_3HzkC9xX6A','2023-02-03 08:26:56.625932'),('1fkoygez57g1f551zf1bql4j5lkqez9n','.eJxVjE0OwiAYBe_C2hCwBT5cuvcM5PEnVQNJaVfGu9smXej2zcx7M4d1KW7taXZTZBd2JmKn39UjPFPdUXyg3hsPrS7z5Pmu8IN2fmsxva6H-3dQ0MtW5zwKIho0BiWJAqwapCZ4g4RRSBu0USlDeMgI8hbGQ5HQmyBkVuzzBSvpOG0:1pJ8kg:pi6rCikwBe6KL0moEEnZ-U7M-4HALpvF1GkCiP7Jd4g','2023-02-04 07:57:26.759525'),('4ybvdpck8qjrfia2zx63o0mq6ed3mbs8','.eJxVjE0OwiAYBe_C2hAIBT5cuvcM5PEnVUOT0q4a726bdKHbNzNvYx7rUv3a8-zHxK5MSc0uv2tAfOV2oPREe0w8Tm2Zx8APhZ-08_uU8vt2un8HFb3udSmDICJloLQkinBaSUMIFhmDkC4aq3OBCJAJFBxsgCZhdkHIotnnCyaDOGQ:1pJlmp:_Hga7SdssLz9lFQcARwN5rFu_8vEpOBmJ6m3B_CKnZU','2023-02-06 01:38:15.531309');
/*!40000 ALTER TABLE `django_session` ENABLE KEYS */;
UNLOCK TABLES;

--
-- Table structure for table `product_color`
--

DROP TABLE IF EXISTS `product_color`;
/*!40101 SET @saved_cs_client     = @@character_set_client */;
/*!40101 SET character_set_client = utf8 */;
CREATE TABLE `product_color` (
  `id` bigint(20) NOT NULL AUTO_INCREMENT,
  `name` varchar(200) NOT NULL,
  `image` varchar(100) DEFAULT NULL,
  `colorCode` varchar(10) DEFAULT NULL,
  `productCode` varchar(10) DEFAULT NULL,
  `isActive` tinyint(1) NOT NULL,
  PRIMARY KEY (`id`)
) ENGINE=MyISAM AUTO_INCREMENT=327 DEFAULT CHARSET=utf8 COLLATE=utf8_general_ci;
/*!40101 SET character_set_client = @saved_cs_client */;

--
-- Dumping data for table `product_color`
--

LOCK TABLES `product_color` WRITE;
/*!40000 ALTER TABLE `product_color` DISABLE KEYS */;
INSERT INTO `product_color` VALUES (1,'نقره ای ( 5344 )','/media/5344.jpg','','6',1),(23,'کرم آلمانی ( 5712 )','/media/5712.jpg','','8',1),(24,'مشه ( 4208 )','/media/4208.jpg','','9',1),(36,'سفید ( 6001 )','/media/6001_kdfQvvI.jpg','','6001',1),(37,'مشکی ( 6002 )','/media/6002_OjNPyBw.jpg','','6002',1),(41,'آنتیک جویز ( 3093 )','/media/3093.jpg','','12',1),(42,'آنتیک لایت ( 3092 )','/media/3092.jpg','','13',1),(43,'ونگه ( 4572 )','/media/4572.jpg','','14',1),(44,'مشکی ( 3190 )','/media/3190.jpg','#333','31',1),(45,'سفید ( 3103 )','/media/3103.jpg','','32',1),(46,'طوسی ( 4409 )','/media/4409.jpg','','40',1),(47,'امپریا سفید ( 4412 )','/media/4412.jpg','','41',1),(48,'امپریا مشکی ( 4416 )','/media/4416.jpg','','42',1),(49,'کوارتز تیره ( 4325 )','/media/4325.jpg','','43',1),(50,'طرح فانتزی ( 5041 )','/media/5041.jpg','','45',1),(51,'کورین ( 5414 )','/media/5414.jpg','','47',1),(52,'کورین تیره ( 5416 )','/media/5416.jpg','','48',1),(53,'طرح سنگ کرم ( 4207 )','/media/4207.jpg','','50',1),(54,'سامان ( 5069 )','/media/5069.jpg','','53',1),(55,'طرح سنگ طوسی کوارتز روشن ( 4327 )','/media/4327.jpg','','56',1),(56,'کرم ( 1039 )','/media/1039.jpg','','60',1),(57,'کورین مشکی ( 5077 )','/media/5077.jpg','','64',1),(58,'اسپارک سفید ( 3096 )','/media/3096.jpg','','66',1),(59,'گردوئی ویکتوریا ( 4399 )','/media/4399.jpg','','69',1),(60,'طرح سنگ تیره براق ( 5658 )','/media/5658.jpg','','82',1),(61,'طرح فانتزی براق ( 5041 )','/media/5041_feCcsG6.jpg','','83',1),(62,'بلوط آمریکایی ( 4525 )','/media/4525.jpg','','84',1),(63,'طرح سنگ سفید ( 5657 )','/media/5657.jpg','','87',1),(64,'سفید متالیک ( 4030 )','/media/4030.jpg','','88',1),(65,'کاپوچینو متالیک ( 4040 )','/media/4040.jpg','','89',1),(66,'قهوه ای متالیک ( 4050 )','','','90',1),(67,'کاپوچینو ( 4060 )','/media/4060.jpg','','91',1),(68,'سیروس ( 4090 )','/media/4090.jpg','','92',1),(69,'لئون ( 4070 )','/media/4070.jpg','','93',1),(70,'طرح سنگ سفید ( 4206 )','/media/4206.jpg','','97',1),(71,'طرح سنگ طوسی تیره ( 4408 )','/media/4408.jpg','','98',1),(72,'طرح سنگ طوسی روشن ( 4410 )','/media/4410.jpg','','99',1),(107,'120','','','120',1),(108,'162','/media/162.jpg','','162',1),(109,'146','/media/146.jpg','','146',1),(110,'سبزآبی ( 520 )','/media/520.jpg','','520',1),(111,'زرد ( 521 )','/media/521.jpg','','521',1),(120,'بیاض آکاچاک ( 610 )','/media/610.jpg','','610',1),(121,' قهوه ای ( 620 )','/media/620.jpg','','620',1),(122,'کاپوچینو ( 623 )','/media/623.jpg','','623',1),(123,'خاکستری روشن ( 626 )','/media/626.jpg','','626',1),(124,'کرم مات ( 630 )','/media/630.jpg','','630',1),(125,'سفید مات ( 634 )','/media/634.jpg','','634',1),(126,'خاکستری مات ( 635 )','/media/635.jpg','','635',1),(128,'خاکستری تیره ( 636 )','/media/636.jpg','','636',1),(130,'خاکستری مات سافتاچ ( 646 )','/media/646.jpg','','646',1),(131,'103','/media/103.jpg','','103',1),(132,'105','/media/105.jpg','','105',1),(133,'بیانکو ( 647 )','/media/647.jpg','','647',1),(134,'112','/media/112.jpg','','112',1),(135,'113','/media/113.jpg','','113',1),(136,'116','/media/116.jpg','','116',1),(137,'117','/media/117.jpg','','117',1),(138,'119','/media/119.jpg','','119',1),(139,'121','/media/121.jpg','','121',1),(140,'123','/media/123.jpg','','123',1),(141,'کاپوچینو مات سافتاچ ( 732 )','/media/732.jpg','','732',1),(142,'125','/media/125.jpg','','125',1),(143,'126','/media/126.jpg','','126',1),(144,'قهوه مات ( 733 )','/media/733.jpg','','733',1),(145,'128','/media/128.jpg','','128',1),(146,'آجری سوپر مات ( 738 )','/media/738.jpg','','738',1),(147,'129','/media/129.jpg','','129',1),(148,'132','/media/132.jpg','','132',1),(149,'133','/media/133.jpg','','133',1),(150,'بنفش ( 6007 )','/media/6007.jpg','','6007',1),(151,'135','/media/135.jpg','','135',1),(152,'136','/media/136.jpg','','136',1),(153,'137','/media/137.jpg','','137',1),(154,'139','/media/139.jpg','','139',1),(155,'140','/media/140.jpg','','140',1),(156,'کرم تیره ( 6015 )','/media/6015.jpg','','6015',1),(157,'144','/media/144.jpg','','144',1),(158,'147','/media/147.jpg','','147',1),(159,'148','/media/148.jpg','','148',1),(160,'149','/media/149.jpg','','149',1),(161,'151','/media/151.jpg','','151',1),(162,'153','/media/153.jpg','','153',1),(163,'154','/media/154.jpg','','154',1),(164,'158','/media/158.jpg','','158',1),(165,'159','/media/159.jpg','','159',1),(166,'160','/media/160.jpg','','160',1),(167,'161','/media/161.jpg','','161',1),(168,'163','/media/163.jpg','','163',1),(169,'164','/media/164.jpg','','164',1),(170,'201','/media/201.jpg','','201',1),(171,'202','/media/202.jpg','','202',1),(172,'203','/media/203.jpg','','203',1),(173,'204','/media/204.jpg','','204',1),(174,'205','/media/205.jpg','','205',1),(175,'206','/media/206.jpg','','206',1),(176,'207','/media/207.jpg','','207',1),(177,'215','/media/215.jpg','','215',1),(178,'219','/media/219.jpg','','219',1),(179,'222','/media/222.jpg','','222',1),(180,'223','/media/223.jpg','','223',1),(181,'224','/media/224.jpg','','224',1),(182,'225','/media/225.jpg','','225',1),(183,'301','/media/301.jpg','','301',1),(184,'302','/media/302.jpg','','302',1),(185,'303','/media/303.jpg','','303',1),(186,'505','/media/505.jpg','','505',1),(187,'508','/media/508.jpg','','508',1),(188,'520','/media/520_cr7nOYU.jpg','','520',1),(189,'ماتریکس سفید ( 519 )','/media/519.jpg','','519',1),(190,'سدیر ( 542 )','/media/542.jpg','','542',1),(191,'اروپاتیک ( 602 )','/media/602.jpg','','602',1),(192,'ارگون سویز ( 617 )','/media/617.jpg','','617',1),(193,'میلانو سویز ( 627 )','/media/627.jpg','','627',1),(194,'کروکودیل ( 641 )','/media/641.jpg','','641',1),(195,'امپراطور قهوه ( 651 )','/media/651.jpg','','651',1),(196,'ترا قهوه ( 653 )','/media/653.jpg','','653',1),(197,'ترا کرم ( 674 )','/media/674.jpg','','674',1),(198,'کتان ترا ( 1519 )','/media/1519.jpg','','1519',1),(199,'کتان بژ ( 1520 )','/media/1520.jpg','','1520',1),(200,'آنتراسیت مات ( 508 )','/media/508_PDRiIbO.jpg','','508',1),(201,'اکرو قهوه ( 534 )','/media/534.jpg','','',1),(202,'گلکسی مات بژ روشن ( 587 )','/media/587.jpg','','587',1),(203,'گلکسی مات بژ تیره ( 588 )','/media/588.jpg','','588 ',1),(204,'اکرو کرم ( 590 )','/media/590.jpg','','590',1),(205,'آنتراسیت ( 608 )','/media/608.jpg','','608',1),(206,'گلکسی ( 640 )','/media/640.jpg','','640',1),(207,'سفید اکریلدار ( 670 )','/media/670.jpg','','670',1),(208,'مشکی اکریلدار ( 671 )','/media/671.jpg','','671',1),(209,'متالیک دارک ( 679 )','/media/679.jpg','','679',1),(210,'متالیک براون ( 688 )','/media/688.jpg','','688',1),(211,'کرم اکریلدار مات ( 3005 )','/media/3005.jpg','','3005',1),(212,'سفید اکریلدار مات ( 3006 )','/media/3006.jpg','','3006',1),(213,'متالیک دارک مات ( 3007 )','/media/3007.jpg','','3007',1),(214,'گلکسی مات ( 3008 )','/media/3008.jpg','','3008',1),(215,'مشکی اکریلدار مات ( 3009 )','/media/3009.jpg','','3009',1),(216,'آئینه ای ( 5000 )','/media/5000.jpg','','5000',1),(217,'انیکس ( 6040 )','/media/6040.jpg','','6040',1),(218,'انیکس طلائی ( 6060 )','/media/6060.jpg','','6060',1),(219,'بتونی کرم ( 7001 )','/media/7001.jpg','','7001',1),(220,'','/media/7002.jpg','','',1),(221,'بتونی فیلی ( 7002 )','/media/7002_KAFsia5.jpg','','7002 ',1),(222,'بتونی دودی ( 7003 )','/media/7003.jpg','','7003',1),(223,'متالیک آنتراسیت (608)','/media/S.png','','608',1),(224,'انیکس طلایی','/media/S_gZ2gWAC.png','','348',1),(225,'سفید نایس','/media/S_t25YZow.png','','5180',1),(226,'خاکستری دلفینی','/media/S_6j4jwWQ.png','','388',1),(227,'خاکستری یخی','/media/S_5wMO3ww.png','','616',1),(228,'متالیک دارک مات','/media/S_Cpqm6Z8.png','','3007',1),(229,'امپریا مشکی طلایی ( 4215 )','/media/4215.jpg','','33',1),(230,'خاکستری تیره براق (990)','/media/S_vlnZoMR.png','','990',1),(231,'آکروکرم مات (3005)','/media/3005_1BKTpxm.jpg','','3005',1),(232,'کرم روشن (6005)','/media/S_ICBaC38.png','','6005',1),(233,'آنتیک ( 4236 )','','','16',1),(234,'ابری مشکی ( 4217 )','/media/4217.jpg','','21',1),(235,'ورسیلیا ( 4225 )','/media/4225.jpg','','34',1),(236,'متاليك انتراسيت (608)','/media/6001_NzsbeeX.jpg','608','',1),(237,'سفید مات اکووان ( 300 )','/media/634_zyU9shA.jpg','','300',1),(238,'سفید اکووان (301)','/media/6001_Hs7ZBaZ.jpg','','301',1),(239,'مشکی اکووان (302)','/media/6002_2YH2tvt.jpg','','302',1),(240,'کرم اکووان (304)','/media/6015_TD4qniC.jpg','','304',1),(241,'زرد اکووان (306)','/media/521_pl2JeHM.jpg','','306',1),(242,'بنفش اکووان (307)','/media/6007_0HIEETT.jpg','','307',1),(243,'کاپوچینو اکووان (308)','/media/623_GBjB0Ot.jpg','','308',1),(244,'سبز آبی اکووان (310)','/media/520_ae31rZI.jpg','','310',1),(245,'بیانکو اکووان (311)','/media/647_mG1LDQM.jpg','','311',1),(246,'قرمز اکووان (309)','','','309',1),(247,'سفید ساهارا اکووان (326)','','','326',1),(248,'مشکی ساهارا اکووان (327)','','','327',1),(249,'بنفش ساهارا اکووان (328)','','','328',1),(250,'سفید دات اکووان (334)','','','334',1),(251,'مشکی دات اکووان (335)','','','335',1),(252,'خاکستری روشن اکووان (351)','/media/626_wXoDfIl.jpg','','351',1),(253,'خاکستری تیره اکووان (362)','/media/636_V9KIlhs.jpg','','362',1),(254,'کرم مات اکووان (361','/media/630_7p9Xvzn.jpg','','361',1),(255,'آنتیک برنز اکووان (366)','','','366',1),(256,'آبنوس اکووان (313)','','','313',1),(257,'میلانو سویز اکووان (315)','','','315',1),(258,'ارگن سویز اکووان (316)','','','316',1),(259,'سدیر اکووان (317)','','','317',1),(260,'کاراکاچ اکووان (318)','','','318',1),(261,'بیاض اکاچاک اکووان (319)','','','319',1),(262,'اروپاتیک اکووان (320)','','','320',1),(263,'تراقهوه اکووان (324)','','','324',1),(264,'تراکرم اکووان 325)','','','325',1),(265,'ماتریکس سفید اکووان (329)','','','329',1),(266,'ماتریکس قرمز اکووان (330)','','','330',1),(267,'کنیا ژاپن اکووان (323)','','','323',1),(268,'پائولو سویز اکووان (312)','','','312',1),(269,'امپراطور قهوه اکووان (367)','','','367',1),(270,'امپراطور بژ اکووان (368)','','','368',1),(271,'کتان بژ اکووان (337)','','','337',1),(272,'کتان ترا اکووان (338)','','','338',1),(273,'کتان لایت اکووان (336)','','','336',1),(274,'دات سفید اکووان (334)','','','334',1),(275,'دات مشکی  اکووان (335)','','','335',1),(276,'انیکس نقره اکووان (349)','','','349',1),(277,'وایولنت اکووان (350)','','','350',1),(278,'روبیک بیاض اکووان (355)','','','355',1),(279,'روبیک قهوه اکووان (358)','','','358',1),(280,'متالیک ابی اکووان (354)','','','354',1),(281,'متالیک آلتین اکووان (357)','','','357',1),(282,'متالیک بروان اکووان (356)','','','356',1),(283,'متالیک انتراسیت اکووان (345)','','','345',1),(284,'مشکی اکریل دار اکووان (344)','','','344',1),(285,'سفید اکریل دار اکووان (341)','','','341',1),(286,'گلکسی اکووان (343)','','','343',1),(287,'متالیک دارک اکووان (347)','','','347',1),(288,'اکروکرم اکووان (346)','','','346',1),(289,'اکروقهوه اکووان (342)','','','342',1),(290,'ابی کاربنی اکووان (359)','','','359',1),(291,'انیکس طلایی اکووان (348)','','','348',1),(292,'خاکستری یخی اکووان (387)','','','387',1),(293,'آجری سوپر مات اکووان (371)','','','371',1),(294,'انتراسیت مات اکووان (374)','','','374',1),(295,'سفید zirve','','','',1),(296,'سفيد اکریل دار zirve','','','',1),(297,'اکروکرم zirve','','','',1),(298,'انيكس طلایی zirve','','','',1),(299,'خاکستری یخی (616)','','','616',1),(300,'خاکستری دلفینی (656)','','','656',1),(301,'بنفش (6007)','','','6007',1),(302,'سفید اکریل دار zirve','','','',1),(303,'انتراسیت مات zirve','','','',1),(304,'سفید مات zirve','','','',1),(305,'خاکستری تیره zirve','','','',1),(306,'امپریا مشکی طلایی (4215)','','','33',1),(307,'آنتیک جویز (3093)','','','12',1),(308,'طرح سنگ طوسی کوارتز روشن (4327)','','','56',1),(309,'خاکستری مات اکووان (365)','','','365',1),(310,'گلکسی مات بژ روشن اکووان (375)','','','375',1),(311,'متالیک دارک مات اکووان (379)','','','379',1),(312,'گلکسی مات بژ تیره اکووان (376)','','','376',1),(313,'سفید اکریل دار مات اکووان (378)','','','378',1),(314,'کرم مات اکووان (361)','','','361',1),(315,'بتونی کرم اکووان (383)','','','383',1),(316,'گلکسی مات اکووان (380)','','','380',1),(317,'مشکی اکریل دار مات اکووان (381)','','','381',1),(318,'بتونی فیلی اکووان (384)','','','384',1),(319,'ارگن سویز zirve ','','','617',1),(320,'کروکدیل اکووان (373)','','','373',1),(321,'خاکستری دلفینی اکووان (388)','','','388',1),(322,'اکروکرم مات اکووان(382)','','382','',1),(323,'بیانکو zirve','','6001','',1),(324,'متالیک آنتراسیت zirve','','608','',1),(325,'آکروقهوه zirve','','534','',1),(326,'خاکستری تیره براق اکووان (990)','','990','',1);
/*!40000 ALTER TABLE `product_color` ENABLE KEYS */;
UNLOCK TABLES;

--
-- Table structure for table `product_feature`
--

DROP TABLE IF EXISTS `product_feature`;
/*!40101 SET @saved_cs_client     = @@character_set_client */;
/*!40101 SET character_set_client = utf8 */;
CREATE TABLE `product_feature` (
  `id` bigint(20) NOT NULL AUTO_INCREMENT,
  `perName` varchar(200) NOT NULL,
  `engName` varchar(200) NOT NULL,
  `slug` varchar(200) NOT NULL,
  `visibility` tinyint(1) NOT NULL,
  `isActive` tinyint(1) NOT NULL,
  PRIMARY KEY (`id`),
  KEY `product_feature_slug_16ee0da4` (`slug`)
) ENGINE=MyISAM AUTO_INCREMENT=17 DEFAULT CHARSET=utf8 COLLATE=utf8_general_ci;
/*!40101 SET character_set_client = @saved_cs_client */;

--
-- Dumping data for table `product_feature`
--

LOCK TABLES `product_feature` WRITE;
/*!40000 ALTER TABLE `product_feature` DISABLE KEYS */;
INSERT INTO `product_feature` VALUES (4,'ضخامت','thickness','thickness',1,1),(5,'لبه','edge','edge',1,1),(6,'اچ پی ال','HPL','HPL',1,1),(7,'طول','length','length',1,1),(8,'کیفیت','quality','quality',1,1),(9,'نورگریز','light repellent','light-repellent',1,1),(10,'تک لایه / سه لایه ','thickness','thickness',1,1),(12,'خط تولید','production line','production-line',1,1),(13,'برند','brand','brand',1,1),(14,'نوع','type','type',1,1),(15,'عرض','width','width',1,1),(16,'نوع HPL','HPL Type','HPL-Type',1,1);
/*!40000 ALTER TABLE `product_feature` ENABLE KEYS */;
UNLOCK TABLES;

--
-- Table structure for table `product_featurevalue`
--

DROP TABLE IF EXISTS `product_featurevalue`;
/*!40101 SET @saved_cs_client     = @@character_set_client */;
/*!40101 SET character_set_client = utf8 */;
CREATE TABLE `product_featurevalue` (
  `id` bigint(20) NOT NULL AUTO_INCREMENT,
  `name` varchar(200) NOT NULL,
  `isActive` tinyint(1) NOT NULL,
  `code` varchar(20) DEFAULT NULL,
  `feature_id` bigint(20) DEFAULT NULL,
  PRIMARY KEY (`id`),
  KEY `product_featurevalue_feature_id_4a1cf353_fk_product_feature_id` (`feature_id`)
) ENGINE=MyISAM AUTO_INCREMENT=82 DEFAULT CHARSET=utf8 COLLATE=utf8_general_ci;
/*!40101 SET character_set_client = @saved_cs_client */;

--
-- Dumping data for table `product_featurevalue`
--

LOCK TABLES `product_featurevalue` WRITE;
/*!40000 ALTER TABLE `product_featurevalue` DISABLE KEYS */;
INSERT INTO `product_featurevalue` VALUES (5,'32',1,'32',4),(6,'48',1,'48',4),(7,'2.2',1,'7',4),(8,'2.5',1,'6',4),(9,'3.5',1,'8',4),(10,'یک لبه',1,'1',5),(11,'دو لبه',1,'2',5),(12,'یک رو',1,'4',6),(13,'دو رو',1,'8',6),(14,'2.80',1,'5',7),(15,'درجه یک',1,'1',8),(16,'درجه دو',1,'2',8),(17,'باشد',1,'1',9),(18,'نباشد',1,'0',9),(19,'تک لایه',1,'31',10),(21,'سه لایه',1,'33',10),(22,'با روکش های گلاس',1,'',10),(23,'تک لایه ( برجسته امباس)',1,'',10),(24,'2.44',1,'24',7),(25,'2.80',1,'28',7),(26,'درجه یک',1,'10',8),(27,'ممتاز',1,'00',8),(28,'آریا',1,'10',8),(29,'3',1,'3',4),(30,'4',1,'4',4),(31,'5',1,'5',4),(32,'6',1,'6',4),(33,'خط 1',1,'',12),(34,'خط 2',1,'2',12),(35,'خط 3',1,'3',12),(36,'آریا',1,'4',12),(37,'16',1,'16',4),(38,'درجه یک',1,'0',8),(39,'درجه دو',1,'20',8),(40,'ANG',1,'5851',13),(41,'Ecoone',1,'681',13),(42,'Zirve',1,'381',13),(43,'براق',1,'41',14),(44,'مات',1,'30',14),(45,'115',1,'115',15),(46,'110',1,'110',15),(47,'105',1,'105',15),(48,'خارجی',1,'0',16),(49,'وایا',1,'6',16),(50,'آرتا ',1,'7',16),(81,'100',1,'100',15),(80,'95',1,'95',15),(79,'90',1,'90',15),(78,'85',1,'85',15),(77,'80',1,'80',15),(76,'75',1,'75',15),(75,'70',1,'70',15),(74,'65',1,'65',15),(73,'60',1,'60',15),(72,'55',1,'55',15),(71,'50',1,'50',15),(70,'45',1,'45',15),(69,'40',1,'40',15),(68,'35',1,'35',15),(67,'30',1,'30',15);
/*!40000 ALTER TABLE `product_featurevalue` ENABLE KEYS */;
UNLOCK TABLES;

--
-- Table structure for table `product_product`
--

DROP TABLE IF EXISTS `product_product`;
/*!40101 SET @saved_cs_client     = @@character_set_client */;
/*!40101 SET character_set_client = utf8 */;
CREATE TABLE `product_product` (
  `id` bigint(20) NOT NULL AUTO_INCREMENT,
  `perName` varchar(200) NOT NULL,
  `engName` varchar(200) NOT NULL,
  `slug` varchar(200) NOT NULL,
  `isActive` tinyint(1) NOT NULL,
  `createdAt` datetime(6) NOT NULL,
  PRIMARY KEY (`id`),
  KEY `product_product_slug_76cde0ae` (`slug`)
) ENGINE=MyISAM AUTO_INCREMENT=5 DEFAULT CHARSET=utf8 COLLATE=utf8_general_ci;
/*!40101 SET character_set_client = @saved_cs_client */;

--
-- Dumping data for table `product_product`
--

LOCK TABLES `product_product` WRITE;
/*!40000 ALTER TABLE `product_product` DISABLE KEYS */;
INSERT INTO `product_product` VALUES (1,'های گلاس','high glass','high-glass',1,'2022-10-08 12:44:14.444992'),(2,'PSD','psd','psd',1,'2022-10-08 13:00:01.356110'),(3,'فوم PVC','pvc fom','pvc-fom',1,'2022-10-08 13:00:19.405811'),(4,'صفحه کابینت','cabinet','cabinet',1,'2022-10-08 13:00:37.804249');
/*!40000 ALTER TABLE `product_product` ENABLE KEYS */;
UNLOCK TABLES;

--
-- Table structure for table `product_product_color`
--

DROP TABLE IF EXISTS `product_product_color`;
/*!40101 SET @saved_cs_client     = @@character_set_client */;
/*!40101 SET character_set_client = utf8 */;
CREATE TABLE `product_product_color` (
  `id` int(11) NOT NULL AUTO_INCREMENT,
  `product_id` bigint(20) NOT NULL,
  `color_id` bigint(20) NOT NULL,
  PRIMARY KEY (`id`),
  UNIQUE KEY `product_product_color_product_id_color_id_d1cf75c1_uniq` (`product_id`,`color_id`),
  KEY `product_product_color_product_id_31c3247c` (`product_id`),
  KEY `product_product_color_color_id_8f3ae534` (`color_id`)
) ENGINE=MyISAM DEFAULT CHARSET=utf8 COLLATE=utf8_general_ci;
/*!40101 SET character_set_client = @saved_cs_client */;

--
-- Dumping data for table `product_product_color`
--

LOCK TABLES `product_product_color` WRITE;
/*!40000 ALTER TABLE `product_product_color` DISABLE KEYS */;
/*!40000 ALTER TABLE `product_product_color` ENABLE KEYS */;
UNLOCK TABLES;

--
-- Table structure for table `product_productcolor`
--

DROP TABLE IF EXISTS `product_productcolor`;
/*!40101 SET @saved_cs_client     = @@character_set_client */;
/*!40101 SET character_set_client = utf8 */;
CREATE TABLE `product_productcolor` (
  `id` bigint(20) NOT NULL AUTO_INCREMENT,
  `color_id` bigint(20) NOT NULL,
  `product_id` bigint(20) NOT NULL,
  PRIMARY KEY (`id`),
  KEY `product_productcolor_color_id_88f6226c` (`color_id`),
  KEY `product_productcolor_product_id_27d9e077` (`product_id`)
) ENGINE=MyISAM AUTO_INCREMENT=3227 DEFAULT CHARSET=utf8 COLLATE=utf8_general_ci;
/*!40101 SET character_set_client = @saved_cs_client */;

--
-- Dumping data for table `product_productcolor`
--

LOCK TABLES `product_productcolor` WRITE;
/*!40000 ALTER TABLE `product_productcolor` DISABLE KEYS */;
INSERT INTO `product_productcolor` VALUES (74,108,2),(73,107,2),(1613,307,4),(1612,235,4),(1611,234,4),(1610,229,4),(1609,72,4),(1608,71,4),(1607,70,4),(1606,69,4),(1605,68,4),(1604,67,4),(1603,66,4),(1602,65,4),(1601,64,4),(1600,63,4),(1599,62,4),(1598,61,4),(1597,60,4),(1596,59,4),(1595,58,4),(1594,57,4),(1593,56,4),(1592,55,4),(1591,54,4),(1590,53,4),(1589,52,4),(1588,51,4),(1587,50,4),(1586,49,4),(1585,48,4),(1584,47,4),(1583,46,4),(1582,45,4),(1581,44,4),(1580,43,4),(1579,42,4),(75,109,2),(76,131,2),(77,132,2),(78,134,2),(79,135,2),(80,136,2),(81,137,2),(82,138,2),(83,139,2),(84,140,2),(85,142,2),(86,143,2),(87,145,2),(88,147,2),(89,148,2),(90,149,2),(91,151,2),(92,152,2),(93,153,2),(94,154,2),(95,155,2),(96,157,2),(97,158,2),(98,159,2),(99,160,2),(100,161,2),(101,162,2),(102,163,2),(103,164,2),(104,165,2),(105,166,2),(106,167,2),(107,168,2),(108,169,2),(109,170,2),(110,171,2),(111,172,2),(112,173,2),(113,174,2),(114,175,2),(115,176,2),(116,177,2),(117,178,2),(118,179,2),(119,180,2),(120,181,2),(121,182,2),(122,183,2),(123,184,2),(124,185,2),(125,186,2),(126,187,2),(127,188,2),(3225,325,1),(3224,324,1),(3223,323,1),(3222,322,1),(3221,321,1),(3220,320,1),(3219,319,1),(3218,318,1),(3217,317,1),(3216,316,1),(3215,315,1),(3214,314,1),(3213,313,1),(3212,312,1),(3211,311,1),(3210,310,1),(3209,309,1),(3208,305,1),(3207,304,1),(3206,303,1),(3205,302,1),(3204,301,1),(3203,300,1),(3202,299,1),(3201,298,1),(3200,297,1),(3199,296,1),(3198,295,1),(3197,294,1),(3196,293,1),(3195,292,1),(3194,291,1),(3193,290,1),(3192,289,1),(3191,288,1),(3190,287,1),(3189,286,1),(3188,285,1),(3187,284,1),(3186,283,1),(3185,282,1),(3184,281,1),(3183,280,1),(3182,279,1),(3181,278,1),(3180,277,1),(3179,276,1),(3178,275,1),(3177,274,1),(3176,273,1),(3175,272,1),(3174,271,1),(3173,270,1),(3172,269,1),(1578,41,4),(1577,24,4),(3171,268,1),(3170,267,1),(3169,266,1),(3168,265,1),(3167,264,1),(3166,263,1),(3165,262,1),(3164,261,1),(3163,260,1),(3162,259,1),(3161,258,1),(3160,257,1),(3159,256,1),(3158,255,1),(3157,254,1),(3156,253,1),(3155,252,1),(3154,251,1),(3153,250,1),(3152,249,1),(3151,248,1),(3150,247,1),(3149,246,1),(3148,245,1),(3147,244,1),(3146,243,1),(3145,242,1),(3144,241,1),(3143,240,1),(3142,239,1),(3141,238,1),(3140,237,1),(3139,232,1),(3138,231,1),(3137,230,1),(3136,223,1),(3135,222,1),(3134,221,1),(3133,219,1),(3132,218,1),(3131,217,1),(3130,216,1),(3129,215,1),(3128,214,1),(3127,213,1),(3126,212,1),(3125,211,1),(3124,210,1),(3123,209,1),(3122,208,1),(3121,207,1),(3120,206,1),(3119,205,1),(3118,204,1),(3117,203,1),(3116,202,1),(3115,201,1),(3114,200,1),(3113,199,1),(3112,198,1),(3111,197,1),(3110,196,1),(3109,195,1),(3108,194,1),(3107,193,1),(3106,192,1),(3105,191,1),(3104,190,1),(3103,189,1),(3102,156,1),(1576,23,4),(1575,1,4),(1614,308,4),(3101,146,1),(3100,144,1),(3099,141,1),(3098,133,1),(3097,130,1),(3096,128,1),(3095,126,1),(3094,125,1),(3093,124,1),(3092,123,1),(3091,122,1),(3090,121,1),(3089,120,1),(3088,111,1),(3087,110,1),(3086,37,1),(3085,36,1),(3226,326,1);
/*!40000 ALTER TABLE `product_productcolor` ENABLE KEYS */;
UNLOCK TABLES;

--
-- Table structure for table `product_productfeature`
--

DROP TABLE IF EXISTS `product_productfeature`;
/*!40101 SET @saved_cs_client     = @@character_set_client */;
/*!40101 SET character_set_client = utf8 */;
CREATE TABLE `product_productfeature` (
  `id` bigint(20) NOT NULL AUTO_INCREMENT,
  `feature_id` bigint(20) DEFAULT NULL,
  `product_id` bigint(20) DEFAULT NULL,
  PRIMARY KEY (`id`),
  KEY `product_productfeature_feature_id_7e8240e4_fk_product_feature_id` (`feature_id`),
  KEY `product_productfeature_product_id_e984accf_fk_product_product_id` (`product_id`)
) ENGINE=MyISAM AUTO_INCREMENT=21 DEFAULT CHARSET=utf8 COLLATE=utf8_general_ci;
/*!40101 SET character_set_client = @saved_cs_client */;

--
-- Dumping data for table `product_productfeature`
--

LOCK TABLES `product_productfeature` WRITE;
/*!40000 ALTER TABLE `product_productfeature` DISABLE KEYS */;
INSERT INTO `product_productfeature` VALUES (1,4,4),(2,4,2),(3,5,4),(4,6,4),(5,7,2),(6,8,2),(7,9,4),(8,9,2),(9,10,3),(11,7,3),(12,8,3),(13,4,3),(14,12,3),(15,4,1),(16,8,1),(17,13,1),(18,14,4),(19,15,4),(20,16,4);
/*!40000 ALTER TABLE `product_productfeature` ENABLE KEYS */;
UNLOCK TABLES;

--
-- Table structure for table `product_productfeaturevalue`
--

DROP TABLE IF EXISTS `product_productfeaturevalue`;
/*!40101 SET @saved_cs_client     = @@character_set_client */;
/*!40101 SET character_set_client = utf8 */;
CREATE TABLE `product_productfeaturevalue` (
  `id` bigint(20) NOT NULL AUTO_INCREMENT,
  `priority` varchar(10) DEFAULT NULL,
  `featurevalue_id` bigint(20) DEFAULT NULL,
  `product_id` bigint(20) DEFAULT NULL,
  PRIMARY KEY (`id`),
  KEY `product_productfeatu_featurevalue_id_81ade29e_fk_product_f` (`featurevalue_id`),
  KEY `product_productfeatu_product_id_508118eb_fk_product_p` (`product_id`)
) ENGINE=MyISAM AUTO_INCREMENT=62 DEFAULT CHARSET=utf8 COLLATE=utf8_general_ci;
/*!40101 SET character_set_client = @saved_cs_client */;

--
-- Dumping data for table `product_productfeaturevalue`
--

LOCK TABLES `product_productfeaturevalue` WRITE;
/*!40000 ALTER TABLE `product_productfeaturevalue` DISABLE KEYS */;
INSERT INTO `product_productfeaturevalue` VALUES (1,'5',5,4),(2,'5',6,4),(3,'2',7,2),(4,'2',8,2),(5,'2',9,2),(6,'3',10,4),(7,'3',11,4),(8,'4',12,4),(9,'4',13,4),(10,'1',14,2),(11,'3',15,2),(12,'3',16,2),(13,'4',17,2),(14,'4',18,2),(15,'1',19,3),(17,'1',21,3),(18,'1',22,3),(19,'1',23,3),(20,'2',24,3),(21,'2',25,3),(22,'3',26,3),(23,'3',27,3),(24,'3',28,3),(25,'4',29,3),(26,'4',30,3),(27,'4',31,3),(28,'4',32,3),(29,'5',33,3),(30,'5',34,3),(31,'5',35,3),(32,'5',36,3),(33,'1',37,1),(34,'2',38,1),(35,'2',39,1),(36,'3',40,1),(37,'3',41,1),(38,'3',42,1),(39,'1',43,4),(40,'1',44,4),(41,'2',45,4),(42,'2',46,4),(43,'2',47,4),(44,'6',48,4),(45,'6',49,4),(46,'6',50,4),(47,'2',67,4),(48,'2',68,4),(49,'2',69,4),(50,'2',70,4),(51,'2',71,4),(52,'2',72,4),(53,'2',73,4),(54,'2',74,4),(55,'2',75,4),(56,'2',76,4),(57,'2',77,4),(58,'2',78,4),(59,'2',79,4),(60,'2',80,4),(61,'2',81,4);
/*!40000 ALTER TABLE `product_productfeaturevalue` ENABLE KEYS */;
UNLOCK TABLES;

--
-- Table structure for table `users_city`
--

DROP TABLE IF EXISTS `users_city`;
/*!40101 SET @saved_cs_client     = @@character_set_client */;
/*!40101 SET character_set_client = utf8 */;
CREATE TABLE `users_city` (
  `id` bigint(20) NOT NULL AUTO_INCREMENT,
  `name` varchar(200) NOT NULL,
  `key` varchar(20) NOT NULL,
  `state` varchar(10) NOT NULL,
  PRIMARY KEY (`id`)
) ENGINE=MyISAM AUTO_INCREMENT=2564 DEFAULT CHARSET=utf8 COLLATE=utf8_general_ci;
/*!40101 SET character_set_client = @saved_cs_client */;

--
-- Dumping data for table `users_city`
--

LOCK TABLES `users_city` WRITE;
/*!40000 ALTER TABLE `users_city` DISABLE KEYS */;
INSERT INTO `users_city` VALUES (1,'تبریز','1386','2'),(2,'مراغه','1409','2'),(3,'میانه','1420','2'),(4,'اهر','1379','2'),(5,'سراب','1393','2'),(6,'مرند','1412','2'),(7,'بناب','1383','2'),(8,'شبستر','1401','2'),(9,'آبش احمد','1432','2'),(10,'آچاچی','1419','2'),(11,'آذرشهر','1372','2'),(12,'آقکند','1421','2'),(13,'ابرغان','4216','2'),(14,'اتش بیگ','4253','2'),(15,'اچاچی','4167','2'),(16,'اذغان (ازغان )','4204','2'),(17,'اربط','4174','2'),(18,'اردها','4219','2'),(19,'ارسگنای سفلی','4256','2'),(20,'ارموداق','4172','2'),(21,'اروق','4247','2'),(22,'اسبفروشان','4215','2'),(23,'اسکلو (اسگلو)','4209','2'),(24,'اسکو','1377','2'),(25,'اغ زیارت','4261','2'),(26,'اغچه ریش','4163','2'),(27,'اغمیون','4218','2'),(28,'افیل','4203','2'),(29,'اق براز','4206','2'),(30,'اق منار','4248','2'),(31,'الانق','4223','2'),(32,'القو','4240','2'),(33,'امند','4189','2'),(34,'اوشندل','4250','2'),(35,'ایلخچی','1376','2'),(36,'باسمنج','1385','2'),(37,'بایقوت','4246','2'),(38,'بخشایش','1424','2'),(39,'بستان آباد','1382','2'),(40,'بناب جدید','4195','2'),(41,'بناب مرند','1410','2'),(42,'بیلوردی','4192','2'),(43,'پورسخلو','4169','2'),(44,'ترک','1422','2'),(45,'ترکمانچای','1418','2'),(46,'تسوج','1397','2'),(47,'تیکمه داش','1381','2'),(48,'تیل','4213','2'),(49,'تیمورلو','1373','2'),(50,'جلفا','1389','2'),(51,'جوان قلعه','1406','2'),(52,'چول قشلاقی','4201','2'),(53,'خاتون اباد-آذربایجان شرقی','4164','2'),(54,'خاروانا','1430','2'),(55,'خاص اباد (خاصبان )','4177','2'),(56,'خامنه','1399','2'),(57,'خانه برق قدیم (شورخانه ب','4244','2'),(58,'خانیان','4236','2'),(59,'خداجو','1408','2'),(60,'خراجو','4185','2'),(61,'خسرو شهر','4175','2'),(62,'خسروشاه','1384','2'),(63,'خضرلو','4233','2'),(64,'خلجان','4180','2'),(65,'خمارلو','1392','2'),(66,'خواجه','1423','2'),(67,'خوشه مهر (خواجه امیر)','4242','2'),(68,'داران-آذربایجان شرقی','4199','2'),(69,'داش اتان','4228','2'),(70,'داش بلاغ بازار','4229','2'),(71,'دانالو','4237','2'),(72,'دوزدوزان','1394','2'),(73,'دولت اباد-آذربایجان شرقی','4196','2'),(74,'ذاکرکندی','4259','2'),(75,'ذوالبین','4252','2'),(76,'رازلیق','4217','2'),(77,'رحمانلو','4238','2'),(78,'روشت بزرگ','4241','2'),(79,'زاوشت','4239','2'),(80,'زرنق','1425','2'),(81,'زنوز','1411','2'),(82,'زوارق','4243','2'),(83,'سرای (سرای ده )','4178','2'),(84,'سردرود','1387','2'),(85,'سرند','4191','2'),(86,'سعیداباد-آذربایجان شرقی','4222','2'),(87,'سلطان اباد (س انمکزار','4257','2'),(88,'سلوک','4254','2'),(89,'سیس','1400','2'),(90,'سیه رود','1388','2'),(91,'سیه کلان','4205','2'),(92,'شادبادمشایخ (پینه شلوا','4182','2'),(93,'شجاع','4198','2'),(94,'شربیان','1395','2'),(95,'شرفخانه','1402','2'),(96,'شند آباد','1403','2'),(97,'شهر جدید سهند','1378','2'),(98,'شهرک صنعتی کاغذکنان','4211','2'),(99,'شیخدراباد','4165','2'),(100,'شیراز-آذربایجان شرقی','4232','2'),(101,'شیرامین','4187','2'),(102,'صوفیان','1398','2'),(103,'صومعه','4230','2'),(104,'طوراغای (طوراغایی )','4249','2'),(105,'عاشقلو','4208','2'),(106,'عجب شیر','1407','2'),(107,'علویان','4231','2'),(108,'علی ابادعلیا','4251','2'),(109,'قدمگاه (بادام یار)','4186','2'),(110,'قره آغاج','1391','2'),(111,'قره بابا','4221','2'),(112,'قره بلاغ-آذربایجان شرقی','4166','2'),(113,'قره چای حاج علی','4220','2'),(114,'قره چمن','4225','2'),(115,'قلعه حسین اباد','4258','2'),(116,'قوچ احمد','4260','2'),(117,'قویوجاق','4171','2'),(118,'کجوار','4179','2'),(119,'کردکندی','4224','2'),(120,'کشکسرای','1413','2'),(121,'کلوانق','1427','2'),(122,'کلیبر','1433','2'),(123,'کندرود','4183','2'),(124,'کندوان','4212','2'),(125,'کنگاور-آذربایجان شرقی','4170','2'),(126,'کوزه کنان','1405','2'),(127,'کهنمو','4173','2'),(128,'گل تپه-آذربایجان شرقی','4227','2'),(129,'گلین قیه','4193','2'),(130,'گوگان','1374','2'),(131,'گوندوغدی','4168','2'),(132,'لاریجان','4214','2'),(133,'لاهیجان-آذربایجان شرقی','4176','2'),(134,'لکلر','4245','2'),(135,'لیلان','1415','2'),(136,'مایان سفلی','4184','2'),(137,'مبارک شهر','1416','2'),(138,'ملکان','1417','2'),(139,'ممقان','1375','2'),(140,'مولان','4207','2'),(141,'مهربان','1396','2'),(142,'مهماندار','4235','2'),(143,'مینق','4190','2'),(144,'نصیرابادسفلی','4255','2'),(145,'نظرکهریزی','1429','2'),(146,'نوجه مهر','4200','2'),(147,'وایقان','1404','2'),(148,'ورجوی','4226','2'),(149,'ورزقان','1431','2'),(150,'ورگهان','4202','2'),(151,'هادیشهر','1390','2'),(152,'هرزندجدید (چای هرزند)','4194','2'),(153,'هریس','1426','2'),(154,'هشترود','1428','2'),(155,'هفت چشمه-آذربایجان شرقی','4188','2'),(156,'هوراند','1380','2'),(157,'یامچی','1414','2'),(158,'یکان کهریز','4197','2'),(159,'ینگجه','4234','2'),(160,'ینگی اسپران (سفیدان جد','4181','2'),(161,'یوزبند','4210','2'),(162,'ارومیه','1437','3'),(163,'میاندوآب','1473','3'),(164,'مهاباد','1470','3'),(165,'بوکان','1442','3'),(166,'خوی','1454','3'),(167,'ماکو','1468','3'),(168,'نقده','1475','3'),(169,'سلماس','1461','3'),(170,'آواجیق','1448','3'),(171,'ابگرم-آذربایجان غربی','4321','3'),(172,'احمدابادسفلی','4363','3'),(173,'احمدغریب','4297','3'),(174,'اختتر','4341','3'),(175,'استران','4305','3'),(176,'اسلام اباد-آذربایجان غربی','4345','3'),(177,'اشنویه','1439','3'),(178,'اغ برزه','4326','3'),(179,'اقابیگ','4362','3'),(180,'اقبال','4348','3'),(181,'اگریقاش','4337','3'),(182,'الی چین','4357','3'),(183,'امام کندی','4276','3'),(184,'اوزون دره علیا','4338','3'),(185,'اوغول بیگ','4360','3'),(186,'ایبلو','4265','3'),(187,'ایواوغلی','1451','3'),(188,'باراندوز','4262','3'),(189,'باروق','1471','3'),(190,'بازرگان','1467','3'),(191,'باغچه','4333','3'),(192,'بدلان','4303','3'),(193,'بسطام-آذربایجان غربی','4310','3'),(194,'بگتاش','4351','3'),(195,'بلسورسفلی','4304','3'),(196,'بهله','4275','3'),(197,'بیکوس','4293','3'),(198,'بیگم قلعه','4283','3'),(199,'بیله وار','4299','3'),(200,'بیوران سفلی','4346','3'),(201,'پسوه','4295','3'),(202,'پلدشت','1444','3'),(203,'پیرانشهر','1446','3'),(204,'تازه شهر','1460','3'),(205,'تک اغاج','4353','3'),(206,'تکاب','1447','3'),(207,'تمر','4320','3'),(208,'تویی','4272','3'),(209,'جلدیان','4365','3'),(210,'جوانمرد','4340','3'),(211,'چورس','4308','3'),(212,'چهار برج','1472','3'),(213,'چهریق علیا','4323','3'),(214,'چیانه','4292','3'),(215,'حاجی حسن','4329','3'),(216,'حاجی کند','4332','3'),(217,'حسن کندی','4317','3'),(218,'حسنلو','4280','3'),(219,'حمزه قاسم','4359','3'),(220,'حیدرباغی','4358','3'),(221,'خاتون باغ','4328','3'),(222,'خلیفان','1469','3'),(223,'خورخوره-آذربایجان غربی','4334','3'),(224,'داراب-آذربایجان غربی','4324','3'),(225,'دستجرد-آذربایجان غربی','4266','3'),(226,'دلزی','4325','3'),(227,'دورباش','4361','3'),(228,'ده شمس بزرگ','4286','3'),(229,'دیزج دول','4263','3'),(230,'دیزج دیز','1455','3'),(231,'دیزج-آذربایجان غربی','4270','3'),(232,'راژان','4268','3'),(233,'راهدانه','4284','3'),(234,'ربط','1457','3'),(235,'رحیم خان','4342','3'),(236,'ریحانلوی علیا','4312','3'),(237,'ریگ اباد','4296','3'),(238,'زاویه سفلی','4313','3'),(239,'زرآباد','1452','3'),(240,'زمزیران','4347','3'),(241,'زیوه','4271','3'),(242,'سردشت','1458','3'),(243,'سرنق','4322','3'),(244,'سرو','1436','3'),(245,'سنجی','4327','3'),(246,'سوگلی تپه','4330','3'),(247,'سیاقول علیا','4336','3'),(248,'سیاوان','4289','3'),(249,'سیلوانه','1435','3'),(250,'سیلوه','4364','3'),(251,'سیمینه','1441','3'),(252,'سیه باز','4298','3'),(253,'سیه چشمه','1449','3'),(254,'شاهوانه','4285','3'),(255,'شاهین دژ','1462','3'),(256,'شلماش','4344','3'),(257,'شوط','1466','3'),(258,'شیخ احمد','4282','3'),(259,'شیرین بلاغ','4306','3'),(260,'شین اباد','4291','3'),(261,'طلاتپه','4267','3'),(262,'فیرورق','1456','3'),(263,'قرنقو','4316','3'),(264,'قره باغ','4274','3'),(265,'قره تپه','4311','3'),(266,'قره ضیاء الدین','1450','3'),(267,'قره قشلاق','4319','3'),(268,'قطور','1453','3'),(269,'قم قشلاق','4314','3'),(270,'قوروق','4301','3'),(271,'قورول علیا','4309','3'),(272,'قوزلوی افشار','4356','3'),(273,'قوشچی','1434','3'),(274,'کانسپی','4278','3'),(275,'کاولان علیا','4335','3'),(276,'کشاورز','1464','3'),(277,'کله کین','4290','3'),(278,'کهریزعجم','4281','3'),(279,'گردکشانه','1445','3'),(280,'گل تپه قورمیش','4343','3'),(281,'گلاز','4287','3'),(282,'گلیجه','4331','3'),(283,'گوگ تپه خالصه','4352','3'),(284,'گوگ تپه-آذربایجان غربی','4366','3'),(285,'للکلو','4350','3'),(286,'لولکان','4288','3'),(287,'محمد یار','1474','3'),(288,'محمود آباد','1463','3'),(289,'مراکان','4307','3'),(290,'مرگنلر','1465','3'),(291,'ملاشهاب الدین','4349','3'),(292,'ممکان','4279','3'),(293,'موانا','4273','3'),(294,'میاوق','4264','3'),(295,'میرآباد','1459','3'),(296,'نازک علیا','1443','3'),(297,'نازلو','4277','3'),(298,'نالوس','1440','3'),(299,'نوشین','1438','3'),(300,'وردان','4318','3'),(301,'ولدیان','4300','3'),(302,'هاچاسو','4354','3'),(303,'هاشم اباد','4269','3'),(304,'هندوان','4302','3'),(305,'هنگ اباد','4294','3'),(306,'هولاسو','4355','3'),(307,'یکشوه','4339','3'),(308,'یولاگلدی','4315','3'),(309,'اردبیل','1476','4'),(310,'پارس آباد','1483','4'),(311,'مشگین شهر','1493','4'),(312,'خلخال','1486','4'),(313,'گرمی','1489','4'),(314,'نمین','1497','4'),(315,'بیله سوار','1479','4'),(316,'سرعین','1487','4'),(317,'آبی بیگلو','1498','4'),(318,'اراللوی بزرگ','4375','4'),(319,'اردیموسی','4370','4'),(320,'اسلام آباد','1480','4'),(321,'اسلام اباد-اردبیل','4371','4'),(322,'اصلاندوز','1481','4'),(323,'اق قباق علیا','4397','4'),(324,'انجیرلو','4386','4'),(325,'انی علیا','4379','4'),(326,'بران علیا','4399','4'),(327,'برندق','4394','4'),(328,'بقراباد','4373','4'),(329,'بودالالو','4374','4'),(330,'پریخان','4382','4'),(331,'تازه کند','1482','4'),(332,'تازه کند انگوت','1488','4'),(333,'تازه کندجدید','4395','4'),(334,'ثمرین','4369','4'),(335,'جعفر آباد','1478','4'),(336,'حمزه خانلو','4377','4'),(337,'خلفلو','4393','4'),(338,'خورخورسفلی','4388','4'),(339,'دیزج-اردبیل','4376','4'),(340,'رضی','1490','4'),(341,'زهرا','4378','4'),(342,'شورگل','4389','4'),(343,'شهرک غفاری','4398','4'),(344,'عنبران','1496','4'),(345,'فخرآباد','1494','4'),(346,'فیروزاباد','4392','4'),(347,'قاسم کندی','4380','4'),(348,'قره اغاج پایین','4381','4'),(349,'قشلاق اغداش کلام','4387','4'),(350,'قصابه','1491','4'),(351,'قوشه سفلی','4383','4'),(352,'کلور','1485','4'),(353,'کورائیم','1500','4'),(354,'گرده','4368','4'),(355,'گنجوبه','4384','4'),(356,'گوشلو','4396','4'),(357,'گوگ تپه-اردبیل','4385','4'),(358,'گیوی','1501','4'),(359,'لاهرود','1495','4'),(360,'لنبر','4391','4'),(361,'مرادلو','1492','4'),(362,'مهماندوست علیا','4372','4'),(363,'نظرعلی بلاغی','4390','4'),(364,'ننه کران','4367','4'),(365,'نیر','1499','4'),(366,'هشتجین','1484','4'),(367,'هیر','1477','4'),(368,'اصفهان','1516','5'),(369,'شاهین شهر','1551','5'),(370,'کاشان','1606','5'),(371,'نجف آباد','1593','5'),(372,'خمینی شهر','1538','5'),(373,'بهارستان','1517','5'),(374,'فولاد شهر','1581','5'),(375,'شهرضا','1557','5'),(376,'آران و بیدگل','1502','5'),(377,'اب شیرین','3183','5'),(378,'ابریشم','1566','5'),(379,'ابوزید آباد','1505','5'),(380,'ابیانه','3193','5'),(381,'اذان','3191','5'),(382,'اردستان','1507','5'),(383,'اریسمان','3192','5'),(384,'اژیه','1514','5'),(385,'اسحق اباد-اصفهان','3189','5'),(386,'اسفرجان','4403','5'),(387,'اسکندری','4472','5'),(388,'اسلام ابادموگویی','4478','5'),(389,'اشکستان','4430','5'),(390,'اشن','4461','5'),(391,'اشیان','4454','5'),(392,'اصغرآباد','1537','5'),(393,'اغداش','4498','5'),(394,'افوس','1530','5'),(395,'امین اباد','4489','5'),(396,'انارک','1588','5'),(397,'اورگان-اصفهان','4475','5'),(398,'اوره','3194','5'),(399,'ایمانشهر','1567','5'),(400,'بادرود','1597','5'),(401,'باغ بهادران','1574','5'),(402,'باغ ملک-اصفهان','4448','5'),(403,'باغشاد','1576','5'),(404,'بافران','1589','5'),(405,'برزک','1601','5'),(406,'برف انبار','1561','5'),(407,'بلان','4420','5'),(408,'بلطاق','4467','5'),(409,'بوئین میاندشت','1531','5'),(410,'بوئین و میاندشت','4465','5'),(411,'بهاران شهر','1563','5'),(412,'بیاضه','4418','5'),(413,'پادگان اموزشی امام ص','4409','5'),(414,'پالایشگاه اصفهان','4410','5'),(415,'پرزان','4483','5'),(416,'پلی اکریل','4450','5'),(417,'پوده','4481','5'),(418,'پیر بکران','1564','5'),(419,'تاسیسات سدنکواباد','4455','5'),(420,'تلک اباد','4439','5'),(421,'تودشک','1520','5'),(422,'تورزن','4437','5'),(423,'تیدجان','3208','5'),(424,'تیران','1532','5'),(425,'تیرانچی','4433','5'),(426,'تیکن','3203','5'),(427,'جندق','1542','5'),(428,'جوجیل','4445','5'),(429,'جوزدان','1591','5'),(430,'جوشقان استرک','4405','5'),(431,'جوشقان قالی','1602','5'),(432,'جوشقان و کامو','3188','5'),(433,'چادگان','1535','5'),(434,'چاه غلامرضارحیمی','4474','5'),(435,'چرمهین','1575','5'),(436,'چشمه رحمان','4499','5'),(437,'چم نور','4452','5'),(438,'چمگردان','1577','5'),(439,'چوپانان','4419','5'),(440,'چهارراه','4496','5'),(441,'حاجی اباد','4459','5'),(442,'حبیب آباد','1523','5'),(443,'حسن آباد','1513','5'),(444,'حسن اباد-اصفهان','4421','5'),(445,'حسین اباد-اصفهان','4463','5'),(446,'حنا','1548','5'),(447,'خالد آباد','1598','5'),(448,'خسرواباد-اصفهان','4414','5'),(449,'خشکرود-اصفهان','3209','5'),(450,'خم پیچ','3206','5'),(451,'خوانسار','1541','5'),(452,'خوانسارک','4441','5'),(453,'خور','1543','5'),(454,'خوراسگان','4406','5'),(455,'خورزوق','1526','5'),(456,'خونداب','4462','5'),(457,'خیراباد-اصفهان','4460','5'),(458,'داران','1559','5'),(459,'دامنه','1560','5'),(460,'درچه پیاز','1539','5'),(461,'درقه','4435','5'),(462,'دستجا','4408','5'),(463,'دستگرد','1527','5'),(464,'دولت آباد','1528','5'),(465,'ده زیره','3181','5'),(466,'ده نسا سفلی','4497','5'),(467,'دهاقان','1545','5'),(468,'دهسرخ','4449','5'),(469,'دهق','1595','5'),(470,'دیزیچه','1584','5'),(471,'رباطاقاکمال','4413','5'),(472,'رحق','3182','5'),(473,'رحمت اباد','3205','5'),(474,'رزوه','1536','5'),(475,'رضوانشهر','1533','5'),(476,'زازران','1565','5'),(477,'زاینده رود','1578','5'),(478,'زرنجان','3201','5'),(479,'زرنه-اصفهان','4466','5'),(480,'زرین شهر','1579','5'),(481,'زواره','1506','5'),(482,'زیار','1518','5'),(483,'زیباشهر','1583','5'),(484,'سازمان عمران زاینده رود','4470','5'),(485,'سده لنجان','1580','5'),(486,'سعادت اباد','3178','5'),(487,'سعیداباد-اصفهان','3196','5'),(488,'سفید شهر','1503','5'),(489,'سگزی','1521','5'),(490,'سمیرم','1549','5'),(491,'سن سن','3180','5'),(492,'سنگ سفید','3204','5'),(493,'سولار','4491','5'),(494,'سهروفیروزان','4443','5'),(495,'سین','1529','5'),(496,'شاپورآباد','1524','5'),(497,'شرودان','4444','5'),(498,'شهراب-اصفهان','4436','5'),(499,'شهرک صنایع شیمیایی ر','4485','5'),(500,'طالخونچه','1585','5'),(501,'طرق رود','1599','5'),(502,'ظفرقند','4423','5'),(503,'عزیزاباد-اصفهان','4457','5'),(504,'عسگران','1534','5'),(505,'علویجه','4402','5'),(506,'علویچه','1596','5'),(507,'غرغن','4464','5'),(508,'فتح اباد-اصفهان','3179','5'),(509,'فرخی','1544','5'),(510,'فریدونشهر','1562','5'),(511,'فسخود','4428','5'),(512,'فلاورجان','1568','5'),(513,'فوداز','4429','5'),(514,'فولادمبارکه','4451','5'),(515,'قرغن','3198','5'),(516,'قره بلطاق','4469','5'),(517,'قصرچم','4488','5'),(518,'قلعه امیریه','4434','5'),(519,'قلعه سرخ','4477','5'),(520,'قمشلو','4480','5'),(521,'قمصر','1603','5'),(522,'قهجاورستان','1519','5'),(523,'قهدریجان','1569','5'),(524,'قهرود','3187','5'),(525,'کاغذی','3186','5'),(526,'کامو و چوگان','1604','5'),(527,'کجان','4431','5'),(528,'کچومثقال','4422','5'),(529,'کچوییه','4453','5'),(530,'کرچ','4468','5'),(531,'کرچگان','4447','5'),(532,'کرسگان','4442','5'),(533,'کرکوند','1587','5'),(534,'کریم اباد-اصفهان','4438','5'),(535,'کلوچان','3200','5'),(536,'کلهرود','4411','5'),(537,'کلیشاد و سودرجان','1570','5'),(538,'کمشجه','1525','5'),(539,'کمشچه','4415','5'),(540,'کمه','1547','5'),(541,'کوچری','3199','5'),(542,'کوشک','1540','5'),(543,'کوهپایه','1522','5'),(544,'کهرویه','4487','5'),(545,'کهریزسنگ','1594','5'),(546,'کهنگان','4494','5'),(547,'گرگاب','1552','5'),(548,'گرموک','4492','5'),(549,'گز برخوار','1553','5'),(550,'گلپایگان','1571','5'),(551,'گلدشت','1592','5'),(552,'گلشن','1546','5'),(553,'گلشهر','1572','5'),(554,'گورت','4407','5'),(555,'گوگد','1573','5'),(556,'لای بید','1554','5'),(557,'مبارکه','1586','5'),(558,'محمد آباد','1510','5'),(559,'مرغ','3197','5'),(560,'مزرعه صدر','3185','5'),(561,'مزیک','4416','5'),(562,'مشکات','1605','5'),(563,'مشهدکاوه','4471','5'),(564,'مصیر','4479','5'),(565,'مقصودبیک','4490','5'),(566,'ملازجان','3195','5'),(567,'منطقه صنعتی محموداباد','4400','5'),(568,'منظریه','1558','5'),(569,'منوچهراباد','4484','5'),(570,'موته','4412','5'),(571,'مورچه خورت','4401','5'),(572,'مورک','4495','5'),(573,'موغار','4440','5'),(574,'مهاباد','1508','5'),(575,'مهراباد','3207','5'),(576,'مهرجان','4417','5'),(577,'مهرگرد','4404','5'),(578,'مهیار','4482','5'),(579,'میراباد-اصفهان','4458','5'),(580,'میمه','1555','5'),(581,'نائین','1590','5'),(582,'نشلج','3184','5'),(583,'نصرآباد','1511','5'),(584,'نطنز','1600','5'),(585,'نوش آباد','1504','5'),(586,'نوگوران','4446','5'),(587,'نهرخلج','4473','5'),(588,'نهضت اباد','4476','5'),(589,'نهوج','4424','5'),(590,'نیاسر','1607','5'),(591,'نیستانک','4432','5'),(592,'نیسیان','4425','5'),(593,'نیک آباد','1512','5'),(594,'وادقان','3190','5'),(595,'وانشان','3202','5'),(596,'ورپشت','4456','5'),(597,'ورزنه','1509','5'),(598,'ورق','4500','5'),(599,'ورنامخواست','1582','5'),(600,'وزوان','1556','5'),(601,'ومکان','4426','5'),(602,'ونک','1550','5'),(603,'ویست','3210','5'),(604,'هرند','1515','5'),(605,'هست','4493','5'),(606,'همسار','4427','5'),(607,'همگین','4486','5'),(608,'کرج','1623','6'),(609,'فردیس','1615','6'),(610,'محمد شهر','1621','6'),(611,'هشتگرد','1613','6'),(612,'کمال شهر','1624','6'),(613,'نظر آباد','1617','6'),(614,'مشکین دشت','1622','6'),(615,'شهر جدید هشتگرد','1611','6'),(616,'آسارا','1618','6'),(617,'ادران','3211','6'),(618,'اشتهارد','1608','6'),(619,'تنکمان','1616','6'),(620,'چهارباغ','1610','6'),(621,'طالقان','1614','6'),(622,'کوهسار','1609','6'),(623,'گرمدره','1619','6'),(624,'گلسار','1612','6'),(625,'ماهدشت','1620','6'),(626,'ایلام','1629','7'),(627,'دهلران','1642','7'),(628,'ایوان','1631','7'),(629,'آبدانان','1626','7'),(630,'مهران','1649','7'),(631,'دره شهر','1639','7'),(632,'سرابله','1636','7'),(633,'ارکواز','1647','7'),(634,'آسمان آباد','1635','7'),(635,'اب انار','3231','7'),(636,'ارمو','3225','7'),(637,'بانویزه','3216','7'),(638,'بدره','1632','7'),(639,'بلاوه','1633','7'),(640,'بلاوه تره سفلی','3221','7'),(641,'بیشه دراز','3214','7'),(642,'پاریاب','3238','7'),(643,'پهله','1640','7'),(644,'توحید','1637','7'),(645,'چشمه شیرین','3226','7'),(646,'چشمه کبود','3215','7'),(647,'چم هندی','3232','7'),(648,'چمن سیدمحمد','3217','7'),(649,'چنارباشی','3213','7'),(650,'چوار','1628','7'),(651,'دشت عباس','3235','7'),(652,'دلگشا','1645','7'),(653,'دول کبودخوشادول','3237','7'),(654,'زرنه','1630','7'),(655,'ژیور','3229','7'),(656,'سرآبله','3212','7'),(657,'سراب باغ','1625','7'),(658,'سراب کارزان','3222','7'),(659,'سیاه گل','3230','7'),(660,'شباب','1634','7'),(661,'شورابه ملک','3219','7'),(662,'شهرک اسلامیه','3236','7'),(663,'شهرک سرتنگ','3223','7'),(664,'شهرک ولیعصر','3227','7'),(665,'صالح آباد','1648','7'),(666,'علی اباد-ایلام','3224','7'),(667,'عین خوش','3234','7'),(668,'کلان','3220','7'),(669,'گنداب','3228','7'),(670,'گولاب','3233','7'),(671,'لومار','1644','7'),(672,'ماژین','1638','7'),(673,'مورموری','1627','7'),(674,'موسیان','1643','7'),(675,'مهر','1646','7'),(676,'میمه','1641','7'),(677,'هفت چشمه-ایلام','3218','7'),(678,'بوشهر','1651','8'),(679,'جم','1658','8'),(680,'برازجان','1666','8'),(681,'بندر کنگان','1683','8'),(682,'خورموج','1669','8'),(683,'عسلویه','1679','8'),(684,'بندر گناوه','1682','8'),(685,'بندر دیر','1675','8'),(686,'آباد','1654','8'),(687,'آبپخش','1659','8'),(688,'آبدان','1673','8'),(689,'اباد','3242','8'),(690,'ابگرمک','3243','8'),(691,'امام حسن','1677','8'),(692,'انارستان','1656','8'),(693,'اهرم','1655','8'),(694,'بادوله','1670','8'),(695,'بردخون','1672','8'),(696,'بردستان','1674','8'),(697,'بندر دیلم','1678','8'),(698,'بندر ریگ','1681','8'),(699,'بنک','1684','8'),(700,'بنه گز','3241','8'),(701,'بوشکان','1661','8'),(702,'تنگ ارم','1660','8'),(703,'چغادک','1652','8'),(704,'چهارروستایی','3239','8'),(705,'خارک','1650','8'),(706,'دالکی','1667','8'),(707,'دلوار','1653','8'),(708,'دوراهک','1676','8'),(709,'ریز','1657','8'),(710,'سعد آباد','1663','8'),(711,'سیراف','1685','8'),(712,'شبانکاره','1665','8'),(713,'شنبه','1668','8'),(714,'شول','3240','8'),(715,'کاکی','1671','8'),(716,'کلمه','1662','8'),(717,'نخل تقی','1680','8'),(718,'وحدتیه','1664','8'),(719,'تهران','1698','9'),(720,'اسلامشهر','1687','9'),(721,'شهریار','1717','9'),(722,'اندیشه','1714','9'),(723,'قدس','1723','9'),(724,'پردیس','1697','9'),(725,'ورامین','1728','9'),(726,'ملارد','1726','9'),(727,'آبعلی','1699','9'),(728,'ابباریک','3249','9'),(729,'ابراهیم اباد','3268','9'),(730,'احمدآبادجانسپار','3293','9'),(731,'احمدابادمستوفی','3298','9'),(732,'ارجمند','1721','9'),(733,'اسلام اباد','3278','9'),(734,'اسماعیل آباد','3294','9'),(735,'امیریه','3311','9'),(736,'ایجدان','3248','9'),(737,'باغخواص','3247','9'),(738,'باغستان','1715','9'),(739,'باقرشهر','1708','9'),(740,'بومهن','1696','9'),(741,'پارچین','3256','9'),(742,'پاکدشت','1693','9'),(743,'پرند','3287','9'),(744,'پیشوا','1695','9'),(745,'جابان','3303','9'),(746,'جاجرود(خسروآباد)','3260','9'),(747,'جعفرابادباقراف','3262','9'),(748,'جلیل اباد','3251','9'),(749,'جواد آباد','1727','9'),(750,'چرمشهر','3269','9'),(751,'چهاردانگه','1686','9'),(752,'حسن آباد','1706','9'),(753,'حصارامیر','3257','9'),(754,'حصاربن','3310','9'),(755,'حصارک بالا','3291','9'),(756,'حصارک پایین','3290','9'),(757,'خاتون اباد','3258','9'),(758,'خاورشهر','3277','9'),(759,'خاوه','3250','9'),(760,'خلازیر','3282','9'),(761,'داوداباد','3255','9'),(762,'درده','3309','9'),(763,'دماوند','1702','9'),(764,'دهماسین','3246','9'),(765,'رباط کریم','1704','9'),(766,'رودهن','1700','9'),(767,'سبزدشت','3292','9'),(768,'سربندان','3304','9'),(769,'سعیدآباد','3295','9'),(770,'سلطان اباد','3289','9'),(771,'شاطره','3302','9'),(772,'شاهدشهر','1716','9'),(773,'شریف آباد','1692','9'),(774,'شمس اباد','3267','9'),(775,'شمشک','1710','9'),(776,'شهر جدید پرند','1705','9'),(777,'شهر صنعتی پرند','3288','9'),(778,'شهرصنعتی خرمدشت','3261','9'),(779,'شهرک صنعتی نصیرشهر','3283','9'),(780,'شهرک عباس آباد','3254','9'),(781,'شهرک قلعه میر','3284','9'),(782,'صالح آباد','3301','9'),(783,'صالحیه','1689','9'),(784,'صبا شهر','1718','9'),(785,'صفادشت','1725','9'),(786,'طورقوزاباد','3264','9'),(787,'عسگرابادعباسی','3245','9'),(788,'فردوسیه','1719','9'),(789,'فرودگاه امام خمینی','3271','9'),(790,'فرون آباد','1694','9'),(791,'فرون اباد','3276','9'),(792,'فشم','1711','9'),(793,'فیروزبهرام','3299','9'),(794,'فیروزکوه','1722','9'),(795,'قاسم ابادشوراباد','3265','9'),(796,'قرچک','1724','9'),(797,'قلعه خواجه','3253','9'),(798,'قلعه سین','3244','9'),(799,'قلعه محمدعلی خان','3270','9'),(800,'قلعه نوخالصه','3273','9'),(801,'قمصر','3266','9'),(802,'قو,چ حصار','3281','9'),(803,'قیامدشت','3280','9'),(804,'کریم اباد','3252','9'),(805,'کلمه','3286','9'),(806,'کهریزک','1709','9'),(807,'کیلان','1703','9'),(808,'گرمدره','3259','9'),(809,'گل تپه کبیر','3274','9'),(810,'گلدسته','3300','9'),(811,'گلستان','1690','9'),(812,'لپه زنگ','3279','9'),(813,'لم اباد','3297','9'),(814,'لواسان','1713','9'),(815,'لواسان بزرگ','3296','9'),(816,'محمودابادپیرزاده','3275','9'),(817,'مرا','3307','9'),(818,'مرقدامام ره','3263','9'),(819,'مشا','3306','9'),(820,'مهرآباد','3305','9'),(821,'نسیم شهر','1688','9'),(822,'نصیرآباد','3285','9'),(823,'نصیرشهر','1691','9'),(824,'وحیدیه','1720','9'),(825,'وهن اباد','3272','9'),(826,'هرانده','3308','9'),(827,'شهرکرد','1745','10'),(828,'بروجن','1735','10'),(829,'فرخ شهر','1747','10'),(830,'لردگان','1760','10'),(831,'فارسان','1755','10'),(832,'سامان','1741','10'),(833,'هفشجان','1749','10'),(834,'بن','1739','10'),(835,'آلونی','1757','10'),(836,'اردل','1729','10'),(837,'امام قیس','3316','10'),(838,'اورگان-چهارمحال و بختیاری','3315','10'),(839,'باباحیدر','1752','10'),(840,'بازفت','1762','10'),(841,'بلداجی','1733','10'),(842,'پردنجان','1753','10'),(843,'جونقان','1754','10'),(844,'چلگرد','1764','10'),(845,'چلیچه','1751','10'),(846,'چمن بید','3319','10'),(847,'چوله دان','3318','10'),(848,'خراجی','3312','10'),(849,'دزک','3321','10'),(850,'دستناء','1765','10'),(851,'دشتک','1730','10'),(852,'سرخون','1732','10'),(853,'سردشت لردگان','1758','10'),(854,'سردشت-چهارمحال و بختیاری','3320','10'),(855,'سفید دشت','1736','10'),(856,'سودجان','1742','10'),(857,'سورشجان','1743','10'),(858,'شلمزار','1766','10'),(859,'شهریاری','3314','10'),(860,'صمصامی','1763','10'),(861,'طاقانک','1746','10'),(862,'فرادنبه','1737','10'),(863,'کاج','1731','10'),(864,'کیان','1750','10'),(865,'گل سفید','3317','10'),(866,'گندمان','1734','10'),(867,'گوجان','1756','10'),(868,'گهرو','1767','10'),(869,'مال خلیفه','1759','10'),(870,'مرغملک','3313','10'),(871,'منج','1761','10'),(872,'ناغان','1768','10'),(873,'نافچ','1748','10'),(874,'نقنه','1738','10'),(875,'وردنجان','1740','10'),(876,'هارونی','1744','10'),(877,'بیرجند','1771','11'),(878,'طبس','1787','11'),(879,'قائن','1792','11'),(880,'فردوس','1789','11'),(881,'عشق آباد','1785','11'),(882,'بشرویه','1770','11'),(883,'نهبندان','1796','11'),(884,'سرایان','1781','11'),(885,'آرین شهر','1790','11'),(886,'آیسک','1780','11'),(887,'ارسک','1769','11'),(888,'اسدیه','1777','11'),(889,'اسفدن','1791','11'),(890,'اسلامیه','1788','11'),(891,'بیهود','3323','11'),(892,'حاجی آباد','1779','11'),(893,'خضری دشت بیاض','1793','11'),(894,'خوسف','1772','11'),(895,'دیهوک','1786','11'),(896,'زهان','1778','11'),(897,'سربیشه','1783','11'),(898,'سه قلعه','1782','11'),(899,'شوسف','1795','11'),(900,'طبس مسینا','1775','11'),(901,'قاین','3322','11'),(902,'قهستان','1774','11'),(903,'گزو','3324','11'),(904,'گزیک','1776','11'),(905,'محمدشهر','1773','11'),(906,'مود','1784','11'),(907,'نیمبلوک','1794','11'),(908,'مشهد','1855','12'),(909,'نیشابور','1863','12'),(910,'سبزوار','1839','12'),(911,'تربت حیدریه','1815','12'),(912,'قوچان','1849','12'),(913,'کاشمر','1865','12'),(914,'تربت جام','1811','12'),(915,'گناباد','1851','12'),(916,'ابدال اباد','3345','12'),(917,'احمدآباد صولت','1808','12'),(918,'ارداک','3391','12'),(919,'ازادوار','3364','12'),(920,'ازاده','3353','12'),(921,'اسحق اباد-خراسان رضوی','3381','12'),(922,'اسداباد-خراسان رضوی','3339','12'),(923,'امامقلی','3427','12'),(924,'انابد','1800','12'),(925,'انداده','3366','12'),(926,'اوندر','3408','12'),(927,'باجگیران','1848','12'),(928,'باخرز','1797','12'),(929,'بار','1862','12'),(930,'باسفر','3335','12'),(931,'بایک','1813','12'),(932,'بجستان','1798','12'),(933,'بردسکن','1802','12'),(934,'برزنون','3377','12'),(935,'برغمد','3368','12'),(936,'بزنگان','3401','12'),(937,'بقمج','3392','12'),(938,'بلاشی اباد','3369','12'),(939,'بندقرا','3411','12'),(940,'بنی تاک','3352','12'),(941,'بیدخت','1850','12'),(942,'پس کمر','3400','12'),(943,'تایباد','1805','12'),(944,'تقی اباد-خراسان رضوی','3397','12'),(945,'تندک','3373','12'),(946,'جزین','3419','12'),(947,'جغتای','1817','12'),(948,'جنت اباد-خراسان رضوی','3350','12'),(949,'جنگل','1834','12'),(950,'جوزان-خراسان رضوی','3426','12'),(951,'چاپشلو','1830','12'),(952,'چاهک','3394','12'),(953,'چخماق','3332','12'),(954,'چشمه گل','3344','12'),(955,'چکنه','1861','12'),(956,'چمن اباد','3342','12'),(957,'چناران','1820','12'),(958,'حسن اباد-خراسان رضوی','3343','12'),(959,'حسن ابادلایین نو','3325','12'),(960,'حکم اباد','3367','12'),(961,'خرو','1858','12'),(962,'خلیل آباد','1822','12'),(963,'خواف','1826','12'),(964,'خوجان','3382','12'),(965,'داورزن','1829','12'),(966,'درزاب','3347','12'),(967,'درگز','1832','12'),(968,'درود','1859','12'),(969,'درونه','3416','12'),(970,'دستوران','3363','12'),(971,'دوغایی','3425','12'),(972,'دوقارون','3354','12'),(973,'دولت آباد','1836','12'),(974,'دهنو-خراسان رضوی','3409','12'),(975,'دیزادیز','3423','12'),(976,'رادکان','3387','12'),(977,'راه چمن','3365','12'),(978,'رباط سنگ','1814','12'),(979,'رباطجز','3371','12'),(980,'رباطسرپوشی','3359','12'),(981,'رشتخوار','1835','12'),(982,'رضویه','1854','12'),(983,'رکن اباد','3415','12'),(984,'روداب','1837','12'),(985,'رودخانه','3338','12'),(986,'رویینی','3407','12'),(987,'ریوش','1866','12'),(988,'زرغری','3334','12'),(989,'زرکک','3406','12'),(990,'زیبد','3418','12'),(991,'سرخس','1841','12'),(992,'سفید سنگ','1842','12'),(993,'سلامی','1824','12'),(994,'سلطان آباد','1828','12'),(995,'سلوگرد','3390','12'),(996,'سنگ بست','3405','12'),(997,'سنگان','1825','12'),(998,'سیداباد-خراسان رضوی','3388','12'),(999,'سیوکی','3329','12'),(1000,'شادمهر','1856','12'),(1001,'شامکان','3372','12'),(1002,'شاندیز','1803','12'),(1003,'ششتمد','1838','12'),(1004,'شفیع','3424','12'),(1005,'شفیع اباد','3414','12'),(1006,'شوراب','3374','12'),(1007,'شهر زو','1867','12'),(1008,'شهرآباد','1801','12'),(1009,'شهرک زیندانلو','3327','12'),(1010,'شهرکهنه','3420','12'),(1011,'شیرتپه','3399','12'),(1012,'صالح آباد','1810','12'),(1013,'طرقبه','1804','12'),(1014,'طوس سفلی','3384','12'),(1015,'عبدل اباد','3331','12'),(1016,'عشق آباد','1864','12'),(1017,'فدافن','3410','12'),(1018,'فدیشه','3378','12'),(1019,'فرخک','3380','12'),(1020,'فرهاد گرد','1844','12'),(1021,'فریمان','1845','12'),(1022,'فیروزه','1847','12'),(1023,'فیض آباد','1857','12'),(1024,'قاسم آباد','1823','12'),(1025,'قدمگاه','1860','12'),(1026,'قرقی سفلی (شهیدکاوه )','3385','12'),(1027,'قریه شرف','3421','12'),(1028,'قلعه اقاحسن','3333','12'),(1029,'قلعه نو-خراسان رضوی','3356','12'),(1030,'قلندر آباد','1843','12'),(1031,'کاخک','1852','12'),(1032,'کاریز','1806','12'),(1033,'کاریزنو','3346','12'),(1034,'کاسف','3412','12'),(1035,'کامه سفلی','3337','12'),(1036,'کبودان','3413','12'),(1037,'کپکان','3326','12'),(1038,'کته شمشیرسفلی','3404','12'),(1039,'کچولی','3398','12'),(1040,'کدکن','1816','12'),(1041,'کرات','3355','12'),(1042,'کلات','1868','12'),(1043,'کندر','1821','12'),(1044,'کندک لی','3403','12'),(1045,'کنه بیست','3386','12'),(1046,'کورده','3383','12'),(1047,'کوه سفید','3357','12'),(1048,'گلبوی پایین','3375','12'),(1049,'گلبهار','3389','12'),(1050,'گلمکان','1819','12'),(1051,'گنبدلی','3402','12'),(1052,'گوش','3395','12'),(1053,'گیسوربالا','3417','12'),(1054,'لطف آباد','1831','12'),(1055,'مبارکه-خراسان رضوی','3376','12'),(1056,'محمدتقی','3328','12'),(1057,'محموداباد-خراسان رضوی','3348','12'),(1058,'مزدآوند','1840','12'),(1059,'مزینان','3362','12'),(1060,'مژن اباد','3341','12'),(1061,'مشکان-خراسان رضوی','3360','12'),(1062,'مشهدریزه','1807','12'),(1063,'ملک آباد','1853','12'),(1064,'موسی اباد-خراسان رضوی','3351','12'),(1065,'مهر-خراسان رضوی','3358','12'),(1066,'مهنه','3330','12'),(1067,'میامی-خراسان رضوی','3393','12'),(1068,'میراباد-خراسان رضوی','3379','12'),(1069,'نامن','3361','12'),(1070,'نریمانی سفلی','3396','12'),(1071,'نشتیفان','1827','12'),(1072,'نصر','3340','12'),(1073,'نصرآباد','1812','12'),(1074,'نقاب','1818','12'),(1075,'نوخندان','1833','12'),(1076,'نوده انقلاب','3370','12'),(1077,'نیل شهر','1809','12'),(1078,'همت آباد','1846','12'),(1079,'یاقوتین جدید','3349','12'),(1080,'یدک','3422','12'),(1081,'یک لنگی علیا','3336','12'),(1082,'یونسی','1799','12'),(1083,'بجنورد','1872','13'),(1084,'اسفراین','1870','13'),(1085,'شیروان','1881','13'),(1086,'آشخانه','1890','13'),(1087,'جاجرم','1876','13'),(1088,'گرمه','1886','13'),(1089,'درق','1885','13'),(1090,'فاروج','1883','13'),(1091,'آوا','1887','13'),(1092,'ایور','1884','13'),(1093,'پیش قلعه','1889','13'),(1094,'تیتکانلو','1882','13'),(1095,'چناران شهر','1873','13'),(1096,'حصارگرمخان','1871','13'),(1097,'خرق','3428','13'),(1098,'دوین','3429','13'),(1099,'راز','1877','13'),(1100,'رباط-خراسان شمالی','3430','13'),(1101,'رزق اباد','3431','13'),(1102,'زیارت','1880','13'),(1103,'سنخواست','1874','13'),(1104,'شوقان','1875','13'),(1105,'صفی آباد','1869','13'),(1106,'قاضی','1888','13'),(1107,'قوشخانه','1879','13'),(1108,'لوجلی','1878','13'),(1109,'اهواز','1905','14'),(1110,'بندر ماهشهر','1916','14'),(1111,'آبادان','1892','14'),(1112,'دزفول','1929','14'),(1113,'بهبهان','1920','14'),(1114,'خرمشهر','1923','14'),(1115,'امیدیه','1896','14'),(1116,'بندر امام خمینی','1915','14'),(1117,'آبژدان','1902','14'),(1118,'آزادی','1899','14'),(1119,'آغاجاری','1894','14'),(1120,'ابوحمیظه','1936','14'),(1121,'اروند کنار','1891','14'),(1122,'اسیاب','3443','14'),(1123,'الوان','1945','14'),(1124,'الهائی','3432','14'),(1125,'الهایی','1904','14'),(1126,'ام الطمیر (سیدیوسف )','3438','14'),(1127,'امام','3463','14'),(1128,'اندیمشک','1900','14'),(1129,'ایذه','1907','14'),(1130,'باغ ملک','1909','14'),(1131,'بروایه یوسف','3457','14'),(1132,'بستان','1935','14'),(1133,'بوزی سیف','3455','14'),(1134,'بیدروبه','1897','14'),(1135,'پشت پیان','3452','14'),(1136,'ترکالکی','1954','14'),(1137,'تشان','1918','14'),(1138,'تله زنگ پایین','3472','14'),(1139,'تنگ یک','3434','14'),(1140,'جایزان','1895','14'),(1141,'جنت مکان','1956','14'),(1142,'چغامیش','1926','14'),(1143,'چلون','3464','14'),(1144,'چم کلگه','3442','14'),(1145,'چم گلک','1901','14'),(1146,'چمران','1917','14'),(1147,'چنارستان','3451','14'),(1148,'چوئبده','1893','14'),(1149,'حر','1948','14'),(1150,'حسینیه','1898','14'),(1151,'حفاری شرقی','3456','14'),(1152,'حمزه','1927','14'),(1153,'حمیدیه','1922','14'),(1154,'خسرجی راضی حمد','3466','14'),(1155,'خنافره','1942','14'),(1156,'خواجوی','3470','14'),(1157,'دارخوین','1943','14'),(1158,'درویشی','3454','14'),(1159,'دره بوری','3474','14'),(1160,'دره تونم نمی','3450','14'),(1161,'دهدز','1906','14'),(1162,'رامشیر','1939','14'),(1163,'رامهرمز','1941','14'),(1164,'رفیع','1966','14'),(1165,'رودزرد','3448','14'),(1166,'روستای عنبر','3473','14'),(1167,'زهره','1963','14'),(1168,'سالند','1928','14'),(1169,'سرداران','1951','14'),(1170,'سردشت','1919','14'),(1171,'سماله','1955','14'),(1172,'سوسنگرد','1937','14'),(1173,'سیاه منصور','1930','14'),(1174,'سیدعباس','3459','14'),(1175,'شادگان','1944','14'),(1176,'شاوور','1946','14'),(1177,'شاه غالب ده ابراهیم','3445','14'),(1178,'شرافت','1952','14'),(1179,'شمس آباد','1931','14'),(1180,'شوش','1949','14'),(1181,'شوشتر','1953','14'),(1182,'شهر امام','1932','14'),(1183,'شهرک انصار','3469','14'),(1184,'شهرک بهرام','3468','14'),(1185,'شهرک نورمحمدی','3460','14'),(1186,'شیبان','1912','14'),(1187,'صالح شهر','1957','14'),(1188,'صفی آباد','1933','14'),(1189,'صیدون','1908','14'),(1190,'عبودی','3453','14'),(1191,'عرب حسن','3462','14'),(1192,'علمه تیمورابوذرغفاری','3467','14'),(1193,'عین دو','3437','14'),(1194,'غیزانیه بزرگ','3441','14'),(1195,'فتح المبین','1947','14'),(1196,'فیاضی','3433','14'),(1197,'قلعه تل','1910','14'),(1198,'قلعه چنعان','3439','14'),(1199,'قلعه خواجه','1903','14'),(1200,'کردستان بزرگ','3446','14'),(1201,'کریت برومی','3440','14'),(1202,'کلگه دره دو','3471','14'),(1203,'کوت سیدنعیم','1938','14'),(1204,'کوت عبدالله','1967','14'),(1205,'کوشکک-خوزستان','3475','14'),(1206,'گاومیش اباد','3461','14'),(1207,'گتوند','1958','14'),(1208,'گروه پدافندهوایی بهبها','3444','14'),(1209,'گلگیر','1960','14'),(1210,'گوریه','1950','14'),(1211,'لالی','1959','14'),(1212,'مزرعه یک','3465','14'),(1213,'مسجد سلیمان','1961','14'),(1214,'مشراگه','1940','14'),(1215,'مقاومت','1924','14'),(1216,'ملاثانی','1913','14'),(1217,'منصوریه','1921','14'),(1218,'میانرود','1934','14'),(1219,'میانکوه','3447','14'),(1220,'میداود','1911','14'),(1221,'مینوشهر','1925','14'),(1222,'نفت سفید','3449','14'),(1223,'نهرابطر','3436','14'),(1224,'نهرسلیم','3435','14'),(1225,'ویس','1914','14'),(1226,'هفتگل','1962','14'),(1227,'هندیجان','1964','14'),(1228,'هویزه','1965','14'),(1229,'یزدنو','3458','14'),(1230,'زنجان','1983','15'),(1231,'ابهر','1968','15'),(1232,'خرمدره','1980','15'),(1233,'قیدار','1977','15'),(1234,'آب بر','1986','15'),(1235,'ماه نشان','1988','15'),(1236,'هیدج','1970','15'),(1237,'سلطانیه','1984','15'),(1238,'ارمخانخانه','1982','15'),(1239,'ارمغانخانه','3480','15'),(1240,'اژدهاتو','3478','15'),(1241,'اسفجین','3479','15'),(1242,'اقبلاغ سفلی','3492','15'),(1243,'اندابادعلیا','3483','15'),(1244,'باش قشلاق','3494','15'),(1245,'بوغداکندی','3477','15'),(1246,'پری','3482','15'),(1247,'چورزق','1985','15'),(1248,'حلب','1971','15'),(1249,'درام','3499','15'),(1250,'درسجین','3489','15'),(1251,'دستجرده','3497','15'),(1252,'دندی','1987','15'),(1253,'دولت اباد-زنجان','3490','15'),(1254,'زرین آباد','1972','15'),(1255,'زرین رود','1974','15'),(1256,'سجاس','1975','15'),(1257,'سعیداباد-زنجان','3498','15'),(1258,'سنبل اباد','3488','15'),(1259,'سونتو','3485','15'),(1260,'سهرورد','1976','15'),(1261,'صائین قلعه','1969','15'),(1262,'قبله بلاغی','3481','15'),(1263,'قره گل','3484','15'),(1264,'قلتوق','3486','15'),(1265,'کرسف','1979','15'),(1266,'کهلا','3495','15'),(1267,'کینه ورس','3491','15'),(1268,'گرماب','1973','15'),(1269,'گوزلدره','3487','15'),(1270,'گیلوان','3496','15'),(1271,'محموداباد-زنجان','3493','15'),(1272,'نوربهار','1978','15'),(1273,'نیک پی','1981','15'),(1274,'همایون','3476','15'),(1275,'سمنان','1996','16'),(1276,'شاهرود','2002','16'),(1277,'دامغان','1992','16'),(1278,'گرمسار','2004','16'),(1279,'مهدی شهر','2007','16'),(1280,'ایوانکی','2003','16'),(1281,'شهمیرزاد','2005','16'),(1282,'بسطام','1997','16'),(1283,'آرادان','1989','16'),(1284,'ابخوری','3501','16'),(1285,'ابراهیم اباد-سمنان','3532','16'),(1286,'ابرسیج','3538','16'),(1287,'ابگرم-سمنان','3517','16'),(1288,'احمداباد','3552','16'),(1289,'استانه','3564','16'),(1290,'اسداباد-سمنان','3509','16'),(1291,'افتر','3518','16'),(1292,'امیریه','1991','16'),(1293,'اهوان','3504','16'),(1294,'ایستگاه میان دره','3503','16'),(1295,'بدشت','3545','16'),(1296,'برم','3556','16'),(1297,'بکران','3533','16'),(1298,'بن کوه','3526','16'),(1299,'بیابانک','3513','16'),(1300,'بیارجمند','2000','16'),(1301,'جام','3505','16'),(1302,'جزن','3555','16'),(1303,'جودانه','3531','16'),(1304,'چاشم','3522','16'),(1305,'چهلدخترپادگان','3541','16'),(1306,'حسین ابادکوروس','3527','16'),(1307,'خیراباد-سمنان','3502','16'),(1308,'داوراباد','3525','16'),(1309,'دربند','3515','16'),(1310,'درجزین','2006','16'),(1311,'دروار','3563','16'),(1312,'دستجرد-سمنان','3550','16'),(1313,'دوزهیر','3506','16'),(1314,'ده صوفیان','3520','16'),(1315,'دهملا','3543','16'),(1316,'دیباج','1993','16'),(1317,'رودیان','2001','16'),(1318,'رویان-سمنان','3544','16'),(1319,'زمان اباد','3553','16'),(1320,'سرخه','1995','16'),(1321,'سطوه','3546','16'),(1322,'سلمرود','3554','16'),(1323,'سوداغلان','3536','16'),(1324,'سیداباد-سمنان','3511','16'),(1325,'طرزه','3565','16'),(1326,'طرود','3547','16'),(1327,'عبدالله ابادپایین','3512','16'),(1328,'علا','3500','16'),(1329,'علیان','3560','16'),(1330,'عمروان','3561','16'),(1331,'فرات','3559','16'),(1332,'فرومد','3537','16'),(1333,'فولادمحله','3519','16'),(1334,'قدرت اباد','3568','16'),(1335,'قلعه نوخرقان','3540','16'),(1336,'قوشه','3562','16'),(1337,'کرداباد','3534','16'),(1338,'کردوان','3523','16'),(1339,'کرک','3528','16'),(1340,'کلاته','1994','16'),(1341,'کلاته خیج','1999','16'),(1342,'کلاته ملا','3567','16'),(1343,'کهن آباد','1990','16'),(1344,'گل رودبار','3516','16'),(1345,'گلستانک','3529','16'),(1346,'گیور','3549','16'),(1347,'لاسجرد','3510','16'),(1348,'لجران','3530','16'),(1349,'مجن','1998','16'),(1350,'محمداباد','3557','16'),(1351,'مسیح اباد','3551','16'),(1352,'معدن نمک','3507','16'),(1353,'معصوم اباد','3558','16'),(1354,'مغان','3548','16'),(1355,'مندولک','3524','16'),(1356,'مومن اباد-سمنان','3514','16'),(1357,'مهماندوست','3566','16'),(1358,'میامی','2008','16'),(1359,'میغان','3539','16'),(1360,'نردین','3535','16'),(1361,'نظامی','3508','16'),(1362,'نگارمن','3542','16'),(1363,'هیکو','3521','16'),(1364,'زاهدان','2020','17'),(1365,'زابل','2019','17'),(1366,'چاه بهار','2014','17'),(1367,'ایرانشهر','2012','17'),(1368,'سراوان','2025','17'),(1369,'کنارک','2045','17'),(1370,'نیک شهر','2040','17'),(1371,'خاش','2015','17'),(1372,'ادیمی','2037','17'),(1373,'اسپکه','2039','17'),(1374,'اسفندک','3613','17'),(1375,'اسماعیل کلگ','3605','17'),(1376,'افضل اباد','3603','17'),(1377,'انده قدیم','3573','17'),(1378,'ایرافشان','3607','17'),(1379,'بالاقلعه','3594','17'),(1380,'باهوکلات','3619','17'),(1381,'برجمیرگل','3579','17'),(1382,'بزمان','2009','17'),(1383,'بمپور','2010','17'),(1384,'بنت','2038','17'),(1385,'بنجار','2018','17'),(1386,'بیت اباد','3597','17'),(1387,'پارود','3606','17'),(1388,'پسابندر','3620','17'),(1389,'پسکوه','3615','17'),(1390,'پلان','3618','17'),(1391,'پیپ','3609','17'),(1392,'پیرسهراب','3621','17'),(1393,'پیشین','2028','17'),(1394,'تخت عدالت','3578','17'),(1395,'تلنگ','3617','17'),(1396,'تیموراباد','3581','17'),(1397,'جالق','2024','17'),(1398,'جزینک','3585','17'),(1399,'جهان ابادعلیا','3580','17'),(1400,'چابهار','3570','17'),(1401,'چانف','3604','17'),(1402,'چاهان','3628','17'),(1403,'حرمک','3571','17'),(1404,'خمک','3577','17'),(1405,'خواجه احمد','3569','17'),(1406,'دستگرد-سیستان و بلوچستان','3626','17'),(1407,'دوست محمد','2043','17'),(1408,'دولت اباد-سیستان و بلوچستان','3582','17'),(1409,'ده پابید','3599','17'),(1410,'راسک','2030','17'),(1411,'زرآباد','2044','17'),(1412,'زراباد','3623','17'),(1413,'زهک','2022','17'),(1414,'زیرکدان','3596','17'),(1415,'ژاله ای','3588','17'),(1416,'ساربوک','3632','17'),(1417,'سرباز','2029','17'),(1418,'سرداب','3608','17'),(1419,'سردک','3612','17'),(1420,'سکوهه','3584','17'),(1421,'سنگان-سیستان و بلوچستان','3602','17'),(1422,'سوران','2031','17'),(1423,'سیادک','3576','17'),(1424,'سیرکان','2023','17'),(1425,'شگیم بالا','3630','17'),(1426,'شهدادکهیر','3622','17'),(1427,'شهرک محمدشاه کرم','3587','17'),(1428,'طیس','3616','17'),(1429,'علی اکبر','2041','17'),(1430,'فنوج','2033','17'),(1431,'قصر قند','2034','17'),(1432,'قلعه نو-سیستان و بلوچستان','3586','17'),(1433,'کارواندر','3592','17'),(1434,'کتیج','3625','17'),(1435,'کرباسک','3589','17'),(1436,'کشیک','3631','17'),(1437,'کوشکوک','3611','17'),(1438,'کوشه','3601','17'),(1439,'کوهک','3614','17'),(1440,'گشت','2026','17'),(1441,'گلمورتی','2017','17'),(1442,'گلوگاه-سیستان و بلوچستان','3572','17'),(1443,'گمن','3595','17'),(1444,'گوهرکوه','3598','17'),(1445,'لادیزعلیا','3574','17'),(1446,'لوتک','3583','17'),(1447,'محمد آباد','2042','17'),(1448,'محمدان','2011','17'),(1449,'محمدی','2027','17'),(1450,'محنت','3627','17'),(1451,'مسکوتان','3624','17'),(1452,'مهرستان','2035','17'),(1453,'میرجاوه','2036','17'),(1454,'نازیل','3600','17'),(1455,'ناصراباد-سیستان و بلوچستان','3593','17'),(1456,'نصرت آباد','2021','17'),(1457,'نگور','2013','17'),(1458,'نوراباد','3591','17'),(1459,'نوک آباد','2016','17'),(1460,'نوک اباد','3590','17'),(1461,'هودیان','3610','17'),(1462,'هیچان','3629','17'),(1463,'هیدوچ','2032','17'),(1464,'هیرمند','3575','17'),(1465,'شیراز','2094','18'),(1466,'جهرم','2068','18'),(1467,'لار','2118','18'),(1468,'کازرون','2144','18'),(1469,'فسا','2102','18'),(1470,'شهر جدید صدرا','2093','18'),(1471,'مرودشت','2126','18'),(1472,'نورآباد','2131','18'),(1473,'آباده','2046','18'),(1474,'آباده طشک','2137','18'),(1475,'اردکان','2085','18'),(1476,'ارسنجان','2051','18'),(1477,'اسپاس','3670','18'),(1478,'استهبان','2053','18'),(1479,'اسیر','2132','18'),(1480,'اشکنان','2120','18'),(1481,'افزر','2106','18'),(1482,'اقلید','2058','18'),(1483,'اکبراباد','3641','18'),(1484,'امام شهر','2107','18'),(1485,'امامزاده اسماعیل','3669','18'),(1486,'انارستان-فارس','3653','18'),(1487,'اوز','2112','18'),(1488,'اهل','2121','18'),(1489,'اهنگری','3657','18'),(1490,'ایج','2054','18'),(1491,'ایزد خواست','2047','18'),(1492,'باب انار','2065','18'),(1493,'بابامنیر','2129','18'),(1494,'بالاده','2141','18'),(1495,'بانش','3665','18'),(1496,'بایگان','3685','18'),(1497,'بنارویه','2113','18'),(1498,'بندامیر','3633','18'),(1499,'بندبست','3672','18'),(1500,'بنوان','3675','18'),(1501,'بوانات','2061','18'),(1502,'به جان','3680','18'),(1503,'بهرغان','3661','18'),(1504,'بهمن','2048','18'),(1505,'بیرم','2114','18'),(1506,'بیضا','2084','18'),(1507,'پاسگاه چنارراهدار','3646','18'),(1508,'پرین','3658','18'),(1509,'تفیهان','3639','18'),(1510,'جره','3655','18'),(1511,'جنت شهر','2077','18'),(1512,'جوکان','3686','18'),(1513,'جویم','2115','18'),(1514,'چمن مروارید','3690','18'),(1515,'حاجی آباد','2082','18'),(1516,'حسامی','2059','18'),(1517,'حسن آباد','2055','18'),(1518,'حسین ابادرستم','3659','18'),(1519,'حکیم باشی نصف میان (بالا)','3652','18'),(1520,'خانه زنیان','2089','18'),(1521,'خانیمن','2128','18'),(1522,'خاوران','2066','18'),(1523,'خرامه','2070','18'),(1524,'خشت','2143','18'),(1525,'خنج','2074','18'),(1526,'خنجشت','3668','18'),(1527,'خور','2117','18'),(1528,'خوزی','2135','18'),(1529,'خومه زار','2130','18'),(1530,'خیرابادتوللی','3634','18'),(1531,'داراب','2078','18'),(1532,'داریان','2092','18'),(1533,'دبیران','2083','18'),(1534,'درب قلعه','3676','18'),(1535,'دژکرد','2056','18'),(1536,'دنیان','3677','18'),(1537,'دوبرجی','2075','18'),(1538,'دوزه','2067','18'),(1539,'دهرم','2095','18'),(1540,'دهفیش','3645','18'),(1541,'راشک علیا','3663','18'),(1542,'رامجرد','2124','18'),(1543,'رستاق','3689','18'),(1544,'رونیز','2052','18'),(1545,'زاهد شهر','2100','18'),(1546,'زرقان','2090','18'),(1547,'سده','2057','18'),(1548,'سروستان','2087','18'),(1549,'سروو','3678','18'),(1550,'سعادت شهر','2064','18'),(1551,'سلطان آباد-فارس','3638','18'),(1552,'سلطان شهر','2071','18'),(1553,'سورمق','2049','18'),(1554,'سیدان','2125','18'),(1555,'ششده','2098','18'),(1556,'شوریجه','3636','18'),(1557,'شهر پیر','2081','18'),(1558,'شهرمیان','3671','18'),(1559,'صحرارود','3684','18'),(1560,'صغاد','2050','18'),(1561,'صفا شهر','2072','18'),(1562,'طسوج','3640','18'),(1563,'علامرودشت','2122','18'),(1564,'عماد ده','2116','18'),(1565,'فتح اباد-فارس','3644','18'),(1566,'فدامی','2076','18'),(1567,'فراشبند','2096','18'),(1568,'فیروزآباد','2104','18'),(1569,'فیشور','3673','18'),(1570,'قائمیه','2142','18'),(1571,'قادرآباد','2073','18'),(1572,'قاسم ابادسفلی','3682','18'),(1573,'قره بلاغ','2099','18'),(1574,'قطاربنه','3692','18'),(1575,'قطب آباد','2069','18'),(1576,'قطرویه','2139','18'),(1577,'قیر','2108','18'),(1578,'کارزین','2110','18'),(1579,'کامفیروز','2127','18'),(1580,'کره ای','2060','18'),(1581,'کلاتون','3648','18'),(1582,'کلانی','3649','18'),(1583,'کم جان','3635','18'),(1584,'کمارج مرکزی','3650','18'),(1585,'کمهر','3662','18'),(1586,'کنار تخته','2145','18'),(1587,'کوار','2147','18'),(1588,'کوپن','2079','18'),(1589,'کوشک بیدک','3643','18'),(1590,'کوشک قاضی','3681','18'),(1591,'کوشک-فارس','3666','18'),(1592,'کوشکک-فارس','3667','18'),(1593,'کوهنجان','2088','18'),(1594,'کهنه','3674','18'),(1595,'گراش','2111','18'),(1596,'گله دار','2133','18'),(1597,'گویم','3656','18'),(1598,'لامرد','2123','18'),(1599,'لای حنا','3691','18'),(1600,'لپوئی','2091','18'),(1601,'لطیفی','2119','18'),(1602,'مادرسلیمان','2063','18'),(1603,'مادوان-فارس','3687','18'),(1604,'مانیان','3679','18'),(1605,'ماه سالاری','3688','18'),(1606,'مبارک آباد','2109','18'),(1607,'مزایجان','2062','18'),(1608,'مشکان','2138','18'),(1609,'مصیری','2080','18'),(1610,'مظفری','3642','18'),(1611,'موردراز','3647','18'),(1612,'مهارلو','3637','18'),(1613,'مهبودی علیا','3651','18'),(1614,'مهر','2134','18'),(1615,'مهرنجان','3654','18'),(1616,'میانده-فارس','3683','18'),(1617,'میانشهر','2101','18'),(1618,'میشان سفلی','3660','18'),(1619,'میمند','2105','18'),(1620,'نوبندگان','2103','18'),(1621,'نوجین','2097','18'),(1622,'نودان','2146','18'),(1623,'نی ریز','2140','18'),(1624,'وراوی','2136','18'),(1625,'هرایجان','3664','18'),(1626,'هرگان','3693','18'),(1627,'هماشهر','2086','18'),(1628,'قزوین','2170','19'),(1629,'الوند','2155','19'),(1630,'محمدیه','2154','19'),(1631,'آبیک','2149','19'),(1632,'تاکستان','2164','19'),(1633,'بوئین زهرا','2159','19'),(1634,'آبگرم','2150','19'),(1635,'مهرگان','3717','19'),(1636,'آوج','2151','19'),(1637,'ارداق','2156','19'),(1638,'استبلخ','3708','19'),(1639,'اسفرورین','2161','19'),(1640,'اقابابا','3714','19'),(1641,'اقبالیه','2169','19'),(1642,'الولک','3695','19'),(1643,'بیدستان','2152','19'),(1644,'حسین اباد-قزوین','3715','19'),(1645,'حصارولیعصر','3710','19'),(1646,'خاکعلی','2148','19'),(1647,'خرم اباد','3706','19'),(1648,'خرمدشت','2162','19'),(1649,'دانسفهان','2157','19'),(1650,'رازمیان','2167','19'),(1651,'رحیم اباد','3716','19'),(1652,'رشتقون','3702','19'),(1653,'زوارک','3699','19'),(1654,'سگز آباد','2160','19'),(1655,'سیاهپوش','3712','19'),(1656,'سیردان','2168','19'),(1657,'شال','2158','19'),(1658,'شریفیه','2153','19'),(1659,'شهرک صنعتی لیا (قدیم )','3704','19'),(1660,'صمغ اباد','3700','19'),(1661,'ضیاء آباد','2163','19'),(1662,'عصمت اباد','3705','19'),(1663,'فلار','3697','19'),(1664,'قشلاق','3703','19'),(1665,'کاکوهستان','3696','19'),(1666,'کلنجین','3707','19'),(1667,'کوهین','2172','19'),(1668,'ماهین','3711','19'),(1669,'محمود آباد نمونه','2171','19'),(1670,'معلم کلایه','2166','19'),(1671,'مینودشت','3698','19'),(1672,'ناصراباد-قزوین','3701','19'),(1673,'نرجه','2165','19'),(1674,'نصرت آباد-قزوین','3694','19'),(1675,'نیارج','3709','19'),(1676,'نیارک','3713','19'),(1677,'نیکویه','3719','19'),(1678,'یحیی اباد-قزوین','3718','19'),(1679,'قم','2176','20'),(1680,'جعفریه','2173','20'),(1681,'قنوات','2177','20'),(1682,'کهک','2178','20'),(1683,'سلفچگان','2175','20'),(1684,'دستجرد','2174','20'),(1685,'قمرود','3721','20'),(1686,'امیرابادگنجی','3720','20'),(1687,'جنداب','3724','20'),(1688,'قاهان','3723','20'),(1689,'قلعه چم','3722','20'),(1690,'سنندج','2196','21'),(1691,'سقز','2195','21'),(1692,'مریوان','2204','21'),(1693,'بانه','2180','21'),(1694,'قروه','2201','21'),(1695,'بیجار','2185','21'),(1696,'کامیاران','2206','21'),(1697,'دهگلان','2189','21'),(1698,'آرمرده','2179','21'),(1699,'اق بلاغ طغامین','4047','21'),(1700,'اورامان تخت','2192','21'),(1701,'بابارشانی','2183','21'),(1702,'برده رشه','2202','21'),(1703,'بلبان آباد','2188','21'),(1704,'بوالحسن','4062','21'),(1705,'بوئین سفلی','2182','21'),(1706,'بیساران','4054','21'),(1707,'پیرتاج','2184','21'),(1708,'پیرخضران','4053','21'),(1709,'توپ آغاج','2186','21'),(1710,'توپ اغاج','4046','21'),(1711,'تیلکو','4057','21'),(1712,'جعفراباد-کردستان','4049','21'),(1713,'چناره','2203','21'),(1714,'خامسان','4039','21'),(1715,'خرکه','4045','21'),(1716,'خسرواباد-کردستان','4048','21'),(1717,'خورخوره-کردستان','4058','21'),(1718,'دزج','2198','21'),(1719,'دلبران','2200','21'),(1720,'دیواندره','2190','21'),(1721,'زرینه','2191','21'),(1722,'سرا','4055','21'),(1723,'سرو آباد','2193','21'),(1724,'سریش آباد','2199','21'),(1725,'شاهینی','4034','21'),(1726,'شریف اباد','4040','21'),(1727,'شوی','4064','21'),(1728,'شویشه','2197','21'),(1729,'شیروانه','4038','21'),(1730,'صاحب','2194','21'),(1731,'طای','4035','21'),(1732,'قوریچای','4051','21'),(1733,'کانی دینار','2205','21'),(1734,'کانی سور','2181','21'),(1735,'کانی گنجی','4050','21'),(1736,'کسنزان','4059','21'),(1737,'کوخان','4063','21'),(1738,'کوله','4041','21'),(1739,'گازرخانی','4036','21'),(1740,'گاوشله','4044','21'),(1741,'گل تپه-کردستان','4056','21'),(1742,'گورباباعلی','4043','21'),(1743,'موچش','2207','21'),(1744,'میرده','4060','21'),(1745,'نشورسفلی','4037','21'),(1746,'ننور','4061','21'),(1747,'نی','4052','21'),(1748,'هزارکانیان','4042','21'),(1749,'یاسوکند','2187','21'),(1750,'کرمان','2275','22'),(1751,'سیرجان','2246','22'),(1752,'رفسنجان','2229','22'),(1753,'جیرفت','2223','22'),(1754,'بم','2219','22'),(1755,'شهر بابک','2252','22'),(1756,'زرند','2239','22'),(1757,'بافت','2211','22'),(1758,'ابارق','4073','22'),(1759,'اختیار آباد','2272','22'),(1760,'ارزوئیه','2208','22'),(1761,'امیراباد','4101','22'),(1762,'امین شهر','2209','22'),(1763,'انار','2210','22'),(1764,'اندوهجرد','2266','22'),(1765,'باغین','2273','22'),(1766,'برج معاز','4071','22'),(1767,'بردسیر','2214','22'),(1768,'بروات','2218','22'),(1769,'بزنجان','2212','22'),(1770,'بلورد','2241','22'),(1771,'بلوک','2220','22'),(1772,'بهرمان','2231','22'),(1773,'پاریز','2242','22'),(1774,'پتکان','4102','22'),(1775,'تهرود','4076','22'),(1776,'جبالبارز','2221','22'),(1777,'جرجافک','4089','22'),(1778,'جوادیه الهیه نوق','4083','22'),(1779,'جوپار','2269','22'),(1780,'جور','4092','22'),(1781,'جوزم','2248','22'),(1782,'جوشان','4067','22'),(1783,'چترود','2263','22'),(1784,'چناربرین','4099','22'),(1785,'حتکن','4088','22'),(1786,'حرجند','4094','22'),(1787,'حسین ابادجدید','4105','22'),(1788,'خاتون آباد','2250','22'),(1789,'خانوک','2237','22'),(1790,'خانه خاتون','4072','22'),(1791,'خبر','4085','22'),(1792,'خنامان','4079','22'),(1793,'خواجوشهر','2244','22'),(1794,'خورسند','2251','22'),(1795,'خیراباد-کرمان','4107','22'),(1796,'داوران','4078','22'),(1797,'درب بهشت','2222','22'),(1798,'دریجان','4070','22'),(1799,'دشت خاک','4087','22'),(1800,'دشتکار','2215','22'),(1801,'دوساری','2254','22'),(1802,'ده بالا','4066','22'),(1803,'دهج','2249','22'),(1804,'رابر','2224','22'),(1805,'راور','2226','22'),(1806,'راین','2265','22'),(1807,'رضی ابادبالا','4103','22'),(1808,'رودبار','2234','22'),(1809,'ریحان','2238','22'),(1810,'زنگی آباد','2274','22'),(1811,'زهکلوت','2233','22'),(1812,'زید آباد','2245','22'),(1813,'سرچشمه','4065','22'),(1814,'سرخ قلعه','4106','22'),(1815,'سیریز','4091','22'),(1816,'شعبجره','4090','22'),(1817,'شهداد','2267','22'),(1818,'صفائیه','2228','22'),(1819,'عماداباد','4096','22'),(1820,'عنبر آباد','2255','22'),(1821,'فاریاب','2256','22'),(1822,'فهرج','2257','22'),(1823,'فیض اباد','4069','22'),(1824,'قلعه عسکر','4097','22'),(1825,'قلعه گنج','2258','22'),(1826,'کاظم آباد','2264','22'),(1827,'کبوترخان','4080','22'),(1828,'کشکوئیه','2232','22'),(1829,'کشیت','4068','22'),(1830,'کمال اباد','4100','22'),(1831,'کمسرخ','4086','22'),(1832,'کوهبنان','2278','22'),(1833,'کهنوج','2276','22'),(1834,'کیانشهر','2277','22'),(1835,'گروه','4074','22'),(1836,'گزک','4075','22'),(1837,'گلباف','2268','22'),(1838,'گلزار','2216','22'),(1839,'گلشن-کرمان','4082','22'),(1840,'گنبکی','2235','22'),(1841,'لاله زار','2213','22'),(1842,'ماهان','2270','22'),(1843,'محمد آباد','2236','22'),(1844,'محمدابادبرفه','4084','22'),(1845,'محی آباد','2271','22'),(1846,'مردهک','2253','22'),(1847,'مس سرچشمه','2230','22'),(1848,'ملک اباد','4095','22'),(1849,'منوجان','2260','22'),(1850,'مومن اباد-کرمان','4098','22'),(1851,'میجان علیا','4104','22'),(1852,'میرابادارجمند','4077','22'),(1853,'نجف شهر','2247','22'),(1854,'نرماشیر','2262','22'),(1855,'نظام شهر','2261','22'),(1856,'نگار','2217','22'),(1857,'نودژ','2259','22'),(1858,'هجدک','2227','22'),(1859,'هرمزاباد','4081','22'),(1860,'هماشهر','2243','22'),(1861,'هنزا','2225','22'),(1862,'هوتک','4093','22'),(1863,'یزدان شهر','2240','22'),(1864,'کرمانشاه','2307','23'),(1865,'جوانرود','2288','23'),(1866,'اسلام آباد غرب','2280','23'),(1867,'سر پل ذهاب','2294','23'),(1868,'کنگاور','2310','23'),(1869,'گیلانغرب','2302','23'),(1870,'سنقر','2295','23'),(1871,'پاوه','2283','23'),(1872,'ازگله','2286','23'),(1873,'اگاه علیا','4121','23'),(1874,'بانوره','2281','23'),(1875,'باوله','4119','23'),(1876,'باینگان','2282','23'),(1877,'بیستون','2303','23'),(1878,'تازه آباد','2287','23'),(1879,'تپه رش','4131','23'),(1880,'ترک ویس','4129','23'),(1881,'جعفراباد-کرمانشاه','4111','23'),(1882,'حسن اباد-کرمانشاه','4127','23'),(1883,'حمیل','2279','23'),(1884,'خسروی','4132','23'),(1885,'درکه','4118','23'),(1886,'دوردشت','4109','23'),(1887,'دولت اباد-کرمانشاه','4134','23'),(1888,'دهلقین','4117','23'),(1889,'رباط','2306','23'),(1890,'روانسر','2293','23'),(1891,'ریجاب','2290','23'),(1892,'زاوله علیا','4125','23'),(1893,'سراب ذهاب','4128','23'),(1894,'سرمست','2301','23'),(1895,'سطر','2296','23'),(1896,'سلطان اباد-کرمانشاه','4115','23'),(1897,'سنقراباد','4110','23'),(1898,'سومار','2299','23'),(1899,'شاهو','2292','23'),(1900,'صحنه','2298','23'),(1901,'فرامان','4114','23'),(1902,'فش','4113','23'),(1903,'قزوینه','4116','23'),(1904,'قصر شیرین','2300','23'),(1905,'قلعه شیان','4126','23'),(1906,'قیلان','4133','23'),(1907,'کرکسار','4123','23'),(1908,'کرند غرب','2291','23'),(1909,'کندوله','4124','23'),(1910,'کوزران','2308','23'),(1911,'کیوه نان','4122','23'),(1912,'گردکانه علیا','4120','23'),(1913,'گودین','2309','23'),(1914,'گهواره','2289','23'),(1915,'مرزبانی','4112','23'),(1916,'میان راهان','2297','23'),(1917,'میراباد-کرمانشاه','4135','23'),(1918,'نساردیره','4130','23'),(1919,'نودشه','2284','23'),(1920,'نوسود','2285','23'),(1921,'هرسین','2304','23'),(1922,'هفت اشیان','4108','23'),(1923,'هلشی','2305','23'),(1924,'یاسوج','2316','24'),(1925,'دوگنبدان','2322','24'),(1926,'دهدشت','2326','24'),(1927,'سی سخت','2321','24'),(1928,'لنده','2323','24'),(1929,'چرام','2319','24'),(1930,'لیکک','2312','24'),(1931,'سوق','2327','24'),(1932,'باباکلان','4138','24'),(1933,'باشت','2311','24'),(1934,'پاتاوه','2320','24'),(1935,'چاه تلخاب علیا','4142','24'),(1936,'چیتاب','2317','24'),(1937,'دیشموک','2325','24'),(1938,'دیل','4140','24'),(1939,'سربیشه-کهگیلویه و بویراحمد','4143','24'),(1940,'سرفاریاب','2318','24'),(1941,'شاه بهرام','4141','24'),(1942,'قلعه دختر','4137','24'),(1943,'قلعه رئیسی','2324','24'),(1944,'قلعه رییسی','4136','24'),(1945,'گراب سفلی','2313','24'),(1946,'مادوان','2315','24'),(1947,'مارگون','2314','24'),(1948,'مظفراباد','4139','24'),(1949,'میمند-کهگیلویه و بویراحمد','4144','24'),(1950,'گرگان','2347','25'),(1951,'گنبدکاووس','2351','25'),(1952,'کرد کوی','2354','25'),(1953,'علی آباد','2341','25'),(1954,'کلاله','2356','25'),(1955,'بندر ترکمن','2335','25'),(1956,'آزاد شهر','2329','25'),(1957,'مینودشت','2353','25'),(1958,'آق قلا','2331','25'),(1959,'انبار آلوم','2332','25'),(1960,'اینچه برون','2350','25'),(1961,'بندر گز','2333','25'),(1962,'تاتار علیا','2337','25'),(1963,'تقی اباد-گلستان','3725','25'),(1964,'جلین','2346','25'),(1965,'حاجیکلاته','3726','25'),(1966,'خان ببین','2336','25'),(1967,'دلند','2338','25'),(1968,'رامیان','2339','25'),(1969,'سرخنکلاته','2345','25'),(1970,'سنگدوین','2340','25'),(1971,'سیمین شهر','2348','25'),(1972,'عزیزاباد-گلستان','3728','25'),(1973,'فاضل آباد','2343','25'),(1974,'فراغی','2355','25'),(1975,'قرق','4501','25'),(1976,'کرند','3727','25'),(1977,'گالیکش','2344','25'),(1978,'گمیش تپه','2349','25'),(1979,'مراوه تپه','2352','25'),(1980,'مزرعه','2342','25'),(1981,'نگین شهر','2330','25'),(1982,'نوده خاندوز','2328','25'),(1983,'نوکنده','2334','25'),(1984,'رشت','2368','26'),(1985,'لاهیجان','2401','26'),(1986,'بندر انزلی','2363','26'),(1987,'لنگرود','2404','26'),(1988,'آستانه اشرفیه','2359','26'),(1989,'رودسر','2382','26'),(1990,'آستارا','2358','26'),(1991,'هشتپر','2395','26'),(1992,'ابکنار','3785','26'),(1993,'احمد سرگوراب','2387','26'),(1994,'اسالم','2392','26'),(1995,'اسکولک','3772','26'),(1996,'اطاقور','2402','26'),(1997,'املش','2362','26'),(1998,'بارکوسرا','3758','26'),(1999,'بازار جمعه','2407','26'),(2000,'بازارخطبه سرا','3746','26'),(2001,'بره سر','2373','26'),(2002,'بلترک','3780','26'),(2003,'بلسبنه','3734','26'),(2004,'بیورزین','3767','26'),(2005,'پایین محله پاشاکی','3755','26'),(2006,'پرگاپشت مهدی خانی','3766','26'),(2007,'پروش پایین','3776','26'),(2008,'پره سر','2371','26'),(2009,'پلاسی','3747','26'),(2010,'پلنگ پاره','3748','26'),(2011,'پونل','3784','26'),(2012,'توتکابن','2374','26'),(2013,'جنگ سرا','3779','26'),(2014,'جوکندان بزرگ','3745','26'),(2015,'جیرکویه','3736','26'),(2016,'جیرنده','2375','26'),(2017,'جیرهنده','3730','26'),(2018,'چابکسر','2380','26'),(2019,'چاپارخانه','3735','26'),(2020,'چاف و چمخاله','2403','26'),(2021,'چوبر','2393','26'),(2022,'حسن سرا','3777','26'),(2023,'حویق','2394','26'),(2024,'حیران','3754','26'),(2025,'خرارود','3760','26'),(2026,'خشکبیجار','2364','26'),(2027,'خمام','2365','26'),(2028,'خواچکین','3733','26'),(2029,'دستک','3765','26'),(2030,'دهشال','3764','26'),(2031,'دیلمان','2385','26'),(2032,'دیوشل','3775','26'),(2033,'رانکوه','2361','26'),(2034,'رحیم آباد','2381','26'),(2035,'رستم آباد','2376','26'),(2036,'رضوانشهر','2372','26'),(2037,'رودبار','2377','26'),(2038,'رودبنه','2400','26'),(2039,'سراوان-گیلان','3732','26'),(2040,'سلوش','3774','26'),(2041,'سنگر','2366','26'),(2042,'سیاهکل','2386','26'),(2043,'سیبلی','3751','26'),(2044,'شفت','2388','26'),(2045,'شلمان','2405','26'),(2046,'شوییل','3783','26'),(2047,'شیخ محله','3749','26'),(2048,'شیرکوه چهارده','3763','26'),(2049,'شیرین نسا','3759','26'),(2050,'شیله وشت','3744','26'),(2051,'صومعه سرا','2390','26'),(2052,'ضیابر','3740','26'),(2053,'طاهرگوراب','3739','26'),(2054,'طول لات','3778','26'),(2055,'علی اباد-گیلان','3770','26'),(2056,'فومن','2398','26'),(2057,'کپورچال','3729','26'),(2058,'کجید','3781','26'),(2059,'کلاچای','2384','26'),(2060,'کلشتر','3771','26'),(2061,'کلیشم','3769','26'),(2062,'کوته کومه','3753','26'),(2063,'کوچصفهان','2370','26'),(2064,'کوکنه','3773','26'),(2065,'کومله','2406','26'),(2066,'کیاشهر','2360','26'),(2067,'کیسم','3762','26'),(2068,'گرمابدشت','3782','26'),(2069,'گرماور','3756','26'),(2070,'گشت-گیلان','3738','26'),(2071,'گوراب زرمیخ','2391','26'),(2072,'لسکوکلایه','3761','26'),(2073,'لشت نشاء','2367','26'),(2074,'لوشان','2378','26'),(2075,'لولمان','2369','26'),(2076,'لوندویل','2357','26'),(2077,'لیچارکی حسن رود','3731','26'),(2078,'لیسار','2396','26'),(2079,'لیش','3757','26'),(2080,'ماسال','2408','26'),(2081,'ماسوله','2399','26'),(2082,'ماکلوان','2397','26'),(2083,'مرجقل','2389','26'),(2084,'مرکیه','3741','26'),(2085,'مشند','3752','26'),(2086,'ملاسرا','3737','26'),(2087,'منجیل','2379','26'),(2088,'نوخاله اکبری','3743','26'),(2089,'واجارگاه','2383','26'),(2090,'ویرمونی','3750','26'),(2091,'ویشان','3768','26'),(2092,'هنده خاله','3742','26'),(2093,'خرم آباد','2420','27'),(2094,'بروجرد','2414','27'),(2095,'دورود','2426','27'),(2096,'کوهدشت','2432','27'),(2097,'نورآباد','2421','27'),(2098,'الیگودرز','2412','27'),(2099,'ازنا','2410','27'),(2100,'الشتر','2429','27'),(2101,'اشتره گل گل','3795','27'),(2102,'اشترینان','2413','27'),(2103,'افرینه','3801','27'),(2104,'ایستگاه تنگ هفت','3817','27'),(2105,'برخوردار','3788','27'),(2106,'بندیزه','3821','27'),(2107,'بیرانشهر','2417','27'),(2108,'بیرانوند','3787','27'),(2109,'پاعلم (پل تنگ )','3798','27'),(2110,'پل شوراب پایین','3803','27'),(2111,'پلدختر','2415','27'),(2112,'تقی اباد-لرستان','3793','27'),(2113,'چالانچولان','2425','27'),(2114,'چاه ذوالفقار','3812','27'),(2115,'چشمه کیزاب علیا','3792','27'),(2116,'چقابل','2427','27'),(2117,'چم پلک','3813','27'),(2118,'چم سنگر','3816','27'),(2119,'چمشک زیرتنگ','3800','27'),(2120,'چمن سلطان','3805','27'),(2121,'حیه','3808','27'),(2122,'خوشناموند','3794','27'),(2123,'درب گنبد','2430','27'),(2124,'دره گرگ','3822','27'),(2125,'دم باغ','3790','27'),(2126,'ده رحم','3820','27'),(2127,'رازان','3810','27'),(2128,'زاغه','2419','27'),(2129,'ژان','3814','27'),(2130,'سپید دشت','2418','27'),(2131,'سراب دوره','2423','27'),(2132,'سراب سیاهپوش','3819','27'),(2133,'سوری','3796','27'),(2134,'سیاه گوشی (پل هرو)','3811','27'),(2135,'شاهپوراباد','3804','27'),(2136,'شول آباد','2411','27'),(2137,'فرهاداباد','3789','27'),(2138,'فیروزآباد','2428','27'),(2139,'قلعه بزنوید','3807','27'),(2140,'کاغه','3815','27'),(2141,'کونانی','3797','27'),(2142,'کوهنانی','2433','27'),(2143,'کهریزوروشت','3791','27'),(2144,'کیزاندره','3806','27'),(2145,'گراب','2431','27'),(2146,'ماسور','3786','27'),(2147,'مرگ سر','3809','27'),(2148,'معمولان','2416','27'),(2149,'مکینه حکومتی','3818','27'),(2150,'مومن آباد','2409','27'),(2151,'میان تاگان','3802','27'),(2152,'واشیان نصیرتپه','3799','27'),(2153,'ویسیان','2424','27'),(2154,'هفت چشمه','2422','27'),(2155,'ساری','2464','28'),(2156,'بابل','2445','28'),(2157,'آمل','2438','28'),(2158,'قائم شهر','2476','28'),(2159,'بابلسر','2448','28'),(2160,'تنکابن','2453','28'),(2161,'نوشهر','2486','28'),(2162,'رامسر','2460','28'),(2163,'آلاشت','2466','28'),(2164,'اتو','3879','28'),(2165,'ارطه','2475','28'),(2166,'اروست','3888','28'),(2167,'اسبوکلا','3893','28'),(2168,'اسلام اباد-مازندران','3894','28'),(2169,'اغوزکتی','3853','28'),(2170,'امافت','3884','28'),(2171,'امامزاده عبدالله','2434','28'),(2172,'امیر کلا','2444','28'),(2173,'اوز-مازندران','3831','28'),(2174,'اهنگرکلا','3857','28'),(2175,'ایزد شهر','2483','28'),(2176,'اینج دان','3860','28'),(2177,'بادابسر','3903','28'),(2178,'بالاجنیدلاک پل','3868','28'),(2179,'بالادسته رکن کنار','3873','28'),(2180,'بالادواب','3885','28'),(2181,'بالاهولار','3892','28'),(2182,'باییجان','3828','28'),(2183,'بلده','2481','28'),(2184,'بندپی','3824','28'),(2185,'بنفشه ده','3829','28'),(2186,'بهشهر','2449','28'),(2187,'بهنمیر','2446','28'),(2188,'بیزکی','3874','28'),(2189,'بیشه بنه','3906','28'),(2190,'بیشه سر','3864','28'),(2191,'پالند','3880','28'),(2192,'پایین زرندین','3902','28'),(2193,'پایین هولار','2465','28'),(2194,'پل سفید','2467','28'),(2195,'پول','2487','28'),(2196,'تاکام','3891','28'),(2197,'تاکر','3832','28'),(2198,'تمل','3856','28'),(2199,'تیرتاش','3904','28'),(2200,'جنت رودبار','3855','28'),(2201,'جواهرده','3854','28'),(2202,'جویبار','2457','28'),(2203,'چالوس','2458','28'),(2204,'چرات','3881','28'),(2205,'چلمردی','3901','28'),(2206,'چلندر','3834','28'),(2207,'چمستان','2482','28'),(2208,'حاجی کلاصنم','3870','28'),(2209,'خرم آباد','2452','28'),(2210,'خشک دره','3883','28'),(2211,'خطیرکلا','3869','28'),(2212,'خلیل شهر','2450','28'),(2213,'خورشید (امامیه )','3899','28'),(2214,'خوش رودپی','2441','28'),(2215,'دابودشت','2435','28'),(2216,'دارابکلا','3897','28'),(2217,'دامداری حاج عزیزمجریان','3908','28'),(2218,'دامداری حسن ابوطالبی','3905','28'),(2219,'درازکش','3865','28'),(2220,'دلیر','3841','28'),(2221,'ده میان','3882','28'),(2222,'رستمکلا','2451','28'),(2223,'رکابدارکلا','3876','28'),(2224,'رویان','2484','28'),(2225,'ریکنده','3872','28'),(2226,'رینه','2436','28'),(2227,'رییس کلا','3830','28'),(2228,'زاغمرز','3900','28'),(2229,'زرگر محله','2443','28'),(2230,'زیرآب','2468','28'),(2231,'سادات محله','3852','28'),(2232,'سرخرود','2478','28'),(2233,'سرلنگا','3843','28'),(2234,'سفیدچاه','3907','28'),(2235,'سلمان شهر','2471','28'),(2236,'سلیمان اباد','3849','28'),(2237,'سنگتاب','3875','28'),(2238,'سنگده','3889','28'),(2239,'سوا','3827','28'),(2240,'سورک','2480','28'),(2241,'سیاه بیشه','3842','28'),(2242,'شورکش','3859','28'),(2243,'شهرک صنعتی گهرباران','3895','28'),(2244,'شهیداباد','3867','28'),(2245,'شیرکلا','3877','28'),(2246,'شیرگاه','2469','28'),(2247,'شیرود','2454','28'),(2248,'صلاح الدین کلا','3835','28'),(2249,'عباس آباد','2473','28'),(2250,'عرب خیل','3861','28'),(2251,'فرح اباد (خزراباد)','3896','28'),(2252,'فریدونکنار','2474','28'),(2253,'فریم','2463','28'),(2254,'قادیکلا','3890','28'),(2255,'قلعه گردن','3848','28'),(2256,'کاسگرمحله','3862','28'),(2257,'کتالم و سادات شهر','2461','28'),(2258,'کترا','3844','28'),(2259,'کتی لته','3887','28'),(2260,'کجور','2488','28'),(2261,'کردیچال','3839','28'),(2262,'کشکو','3850','28'),(2263,'کلارآباد','2472','28'),(2264,'کلاردشت','2491','28'),(2265,'کلنو','3840','28'),(2266,'کله بست','3863','28'),(2267,'کوهی خیل','2456','28'),(2268,'کیاسر','2462','28'),(2269,'کیاکلا','2470','28'),(2270,'گاوانکلا','3858','28'),(2271,'گتاب','2442','28'),(2272,'گردرودبار','3866','28'),(2273,'گزنک','2437','28'),(2274,'گلعلی اباد','3845','28'),(2275,'گلندرود','3833','28'),(2276,'گلوگاه','2440','28'),(2277,'گلوگاه','2477','28'),(2278,'لاک تراشان','3851','28'),(2279,'لشکنار','3837','28'),(2280,'لفور (لفورک )','3878','28'),(2281,'ماچک پشت','3898','28'),(2282,'محمود آباد','2479','28'),(2283,'مران سه هزار','3847','28'),(2284,'مرزن آباد','2490','28'),(2285,'مرزیکلا','2439','28'),(2286,'معلم کلا','3825','28'),(2287,'میان دره','3823','28'),(2288,'میان کوه سادات','3846','28'),(2289,'نارنج بن','3836','28'),(2290,'نشتارود','2455','28'),(2291,'نکا','2489','28'),(2292,'نور','2485','28'),(2293,'واسکس','3871','28'),(2294,'ورسک','3886','28'),(2295,'وسطی کلا','3826','28'),(2296,'هادی شهر','2447','28'),(2297,'هچیرود','2459','28'),(2298,'هیچرود','3838','28'),(2299,'اراک','2494','29'),(2300,'ساوه','2510','29'),(2301,'خمین','2498','29'),(2302,'محلات','2521','29'),(2303,'مامونیه','2508','29'),(2304,'دلیجان','2502','29'),(2305,'شهر جدید مهاجران','2514','29'),(2306,'تفرش','2497','29'),(2307,'آستانه','2517','29'),(2308,'آشتیان','2492','29'),(2309,'آوه','2509','29'),(2310,'ادشته','3922','29'),(2311,'استوه','3923','29'),(2312,'اصفهانک','3912','29'),(2313,'الویر','3954','29'),(2314,'امامزاده ورچه','3945','29'),(2315,'اناج','3925','29'),(2316,'اهنگران','3967','29'),(2317,'اهو','3971','29'),(2318,'باقراباد','3918','29'),(2319,'بالقلو','3957','29'),(2320,'بزیجان','3919','29'),(2321,'پرندک','2505','29'),(2322,'تواندشت علیا','3938','29'),(2323,'توره','2513','29'),(2324,'جاورسیان','2500','29'),(2325,'جزنق','3948','29'),(2326,'چمران-مرکزی','3958','29'),(2327,'چهارچریک','3940','29'),(2328,'چهارچشمه','3941','29'),(2329,'حسین اباد-مرکزی','3913','29'),(2330,'حکیم اباد','3914','29'),(2331,'خسروبیگ','3927','29'),(2332,'خشکرود','2506','29'),(2333,'خنجین','2519','29'),(2334,'خنداب','2501','29'),(2335,'خوراوند','3949','29'),(2336,'خورهه','3921','29'),(2337,'داود آباد','2495','29'),(2338,'دخان','3961','29'),(2339,'دوزج','3955','29'),(2340,'دهنو-مرکزی','3952','29'),(2341,'رازقان','2504','29'),(2342,'رباطکفسان','3946','29'),(2343,'رباطمراد','3910','29'),(2344,'ریحان علیا','3947','29'),(2345,'زاغر','3964','29'),(2346,'زاویه','2507','29'),(2347,'ساروق','2493','29'),(2348,'سامان-مرکزی','3960','29'),(2349,'سرسختی بالا','3936','29'),(2350,'سلطان اباد-مرکزی','3911','29'),(2351,'سمقاور','3928','29'),(2352,'سنجان','3924','29'),(2353,'سیاوشان','3970','29'),(2354,'شازند','2518','29'),(2355,'شهباز','2516','29'),(2356,'شهراب-مرکزی','3963','29'),(2357,'صالح اباد','3969','29'),(2358,'صدراباد','3916','29'),(2359,'علیشار','3956','29'),(2360,'عیسی اباد','3920','29'),(2361,'غرق آباد','2511','29'),(2362,'فرفهان','3944','29'),(2363,'فرمهین','2520','29'),(2364,'فشک','3966','29'),(2365,'قاقان','3959','29'),(2366,'قدمگاه-مرکزی','3930','29'),(2367,'قورچی باشی','2499','29'),(2368,'کارچان','2496','29'),(2369,'کتیران بالا','3934','29'),(2370,'کرهرود','3909','29'),(2371,'کزاز','3933','29'),(2372,'کمیجان','2523','29'),(2373,'کهک-مرکزی','3965','29'),(2374,'گلدشت-مرکزی','3951','29'),(2375,'لکان','3942','29'),(2376,'لنجرود','3932','29'),(2377,'لوزدرعلیا','3937','29'),(2378,'مالمیر','3939','29'),(2379,'مراغه-مرکزی','3962','29'),(2380,'مزرعه نو','3968','29'),(2381,'میشیجان علیا','3950','29'),(2382,'میلاجرد','2524','29'),(2383,'نخجیروان','3917','29'),(2384,'نراق','2503','29'),(2385,'نوبران','2512','29'),(2386,'نهرمیان','3935','29'),(2387,'نیمور','2522','29'),(2388,'ورچه','3943','29'),(2389,'وفس','3926','29'),(2390,'هزاوه','3929','29'),(2391,'هفته','3931','29'),(2392,'هندودر','2515','29'),(2393,'یحیی اباد-مرکزی','3915','29'),(2394,'یل اباد','3953','29'),(2395,'بندر عباس','2534','30'),(2396,'کیش','2540','30'),(2397,'قشم','2558','30'),(2398,'بندر لنگه','2537','30'),(2399,'میناب','2563','30'),(2400,'بستک','2527','30'),(2401,'بندر جاسک','2544','30'),(2402,'دهبارز','2552','30'),(2403,'ابگرم خورگو','3976','30'),(2404,'ابوموسی','2525','30'),(2405,'باغات','3975','30'),(2406,'بندر','3990','30'),(2407,'بندرمغویه','3988','30'),(2408,'بندزرک','3997','30'),(2409,'بیکاه','2550','30'),(2410,'پارسیان','2541','30'),(2411,'پدل','3983','30'),(2412,'پشته ایسین','3972','30'),(2413,'پل شرقی','3973','30'),(2414,'تازیان پائین','2535','30'),(2415,'تخت','2531','30'),(2416,'تیاب','3996','30'),(2417,'تیرور','2562','30'),(2418,'جزیره سیری','3982','30'),(2419,'جزیره لارک شهری','3980','30'),(2420,'جزیره لاوان','3989','30'),(2421,'جغین','3993','30'),(2422,'جناح','2526','30'),(2423,'چارک','2536','30'),(2424,'حاجی آباد','2547','30'),(2425,'حسن لنگی پایین','3977','30'),(2426,'خمیر','2549','30'),(2427,'درپهن','3991','30'),(2428,'درگهان','2557','30'),(2429,'دژگان','3984','30'),(2430,'دشتی','2542','30'),(2431,'دهنگ','3985','30'),(2432,'رویدر','2548','30'),(2433,'زیارتعلی','2551','30'),(2434,'سردشت','2530','30'),(2435,'سرگز','2545','30'),(2436,'سندرک','2561','30'),(2437,'سوزا','2556','30'),(2438,'سیاهو','3974','30'),(2439,'سیریک','2554','30'),(2440,'فارغان','2546','30'),(2441,'فین','2532','30'),(2442,'قلعه قاضی','2533','30'),(2443,'کلورجکدان','3992','30'),(2444,'کمشک','3986','30'),(2445,'کنگ','2538','30'),(2446,'کوخردهرنگ','2528','30'),(2447,'کوشکنار','2543','30'),(2448,'کوهستک','2553','30'),(2449,'گروک','2555','30'),(2450,'گزیر','3987','30'),(2451,'گوربند','3995','30'),(2452,'گونمردی','3978','30'),(2453,'گوهران','2529','30'),(2454,'گوهرت','3979','30'),(2455,'لمزان','2539','30'),(2456,'ماشنگی','3994','30'),(2457,'هرمز','2559','30'),(2458,'هشتبندی','2560','30'),(2459,'هنگام جدید','3981','30'),(2460,'همدان','2589','31'),(2461,'ملایر','2581','31'),(2462,'نهاوند','2585','31'),(2463,'تویسرکان','2571','31'),(2464,'کبودر آهنگ','2592','31'),(2465,'اسد آباد','2565','31'),(2466,'بهار','2569','31'),(2467,'فامنین','2576','31'),(2468,'آجین','2564','31'),(2469,'ازناو','4016','31'),(2470,'ازندریان','2577','31'),(2471,'اسلام اباد-همدان','4019','31'),(2472,'اشتران','4023','31'),(2473,'اکنلو','4011','31'),(2474,'اورزمان','4018','31'),(2475,'باباپیر','4024','31'),(2476,'بابارستم','4027','31'),(2477,'باباقاسم','4026','31'),(2478,'برزول','2583','31'),(2479,'پادگان قهرمان','4033','31'),(2480,'پایگاه نوژه','4030','31'),(2481,'پرلوک','4000','31'),(2482,'تجرک','4013','31'),(2483,'جعفریه (قلعه جعفربیک )','4020','31'),(2484,'جنت اباد-همدان','4003','31'),(2485,'جورقان','2587','31'),(2486,'جوزان-همدان','4017','31'),(2487,'جوکار','2578','31'),(2488,'جهان اباد','4025','31'),(2489,'چانگرین','4015','31'),(2490,'چنارسفلی','4005','31'),(2491,'چنارعلیا','4006','31'),(2492,'حسین ابادبهارعاشوری','4001','31'),(2493,'داق داق اباد','4012','31'),(2494,'دمق','2573','31'),(2495,'دهفول','4028','31'),(2496,'دیناراباد','3998','31'),(2497,'رزن','2575','31'),(2498,'زنگنه','2579','31'),(2499,'سامن','2580','31'),(2500,'سرکان','2572','31'),(2501,'شهرک صنعتی بوعلی','4029','31'),(2502,'شیرین سو','2590','31'),(2503,'صالح آباد','2566','31'),(2504,'طویلان سفلی','4007','31'),(2505,'علیصدر','4031','31'),(2506,'فرسفج','2570','31'),(2507,'فیروزان','2582','31'),(2508,'قروه در جزین','2574','31'),(2509,'قهاوند','2586','31'),(2510,'قهوردسفلی','4010','31'),(2511,'کوریجان','4008','31'),(2512,'کوزره','4014','31'),(2513,'کوهین-همدان','4009','31'),(2514,'گل تپه','2591','31'),(2515,'گنبد','4032','31'),(2516,'گیان','2584','31'),(2517,'لالجین','2567','31'),(2518,'مریانج','2588','31'),(2519,'موسی اباد-همدان','4004','31'),(2520,'مهاجران','2568','31'),(2521,'میانده-همدان','4021','31'),(2522,'ولاشجرد','4022','31'),(2523,'ویرایی','4002','31'),(2524,'همه کسی','3999','31'),(2525,'یزد','2613','32'),(2526,'میبد','2608','32'),(2527,'اردکان','2597','32'),(2528,'بافق','2598','32'),(2529,'مهریز','2606','32'),(2530,'ابرکوه','2594','32'),(2531,'تفت','2600','32'),(2532,'بهاباد','2599','32'),(2533,'احمد آباد','2596','32'),(2534,'ارنان','4155','32'),(2535,'اسفنداباد','4146','32'),(2536,'اسفیج','4150','32'),(2537,'اشکذر','2605','32'),(2538,'انارستان-یزد','4148','32'),(2539,'بفروئیه','2607','32'),(2540,'بنستان','4153','32'),(2541,'بهادران','4156','32'),(2542,'تنگ چنار (چنار)','4154','32'),(2543,'حمیدیا','2611','32'),(2544,'خضر آباد','2604','32'),(2545,'دهشیر','4162','32'),(2546,'زارچ','2610','32'),(2547,'زرین','4149','32'),(2548,'شاهدیه','2612','32'),(2549,'عقدا','2595','32'),(2550,'علی اباد-یزد','4160','32'),(2551,'فتح اباد-یزد','4157','32'),(2552,'فراغه','4145','32'),(2553,'فهرج-یزد','4147','32'),(2554,'کوشک-یزد','4152','32'),(2555,'مبارکه-یزد','4151','32'),(2556,'مروست','2602','32'),(2557,'مهردشت','2593','32'),(2558,'ناحیه صنعتی پیشکوه','4158','32'),(2559,'ناحیه صنعتی گاریزات','4161','32'),(2560,'ندوشن','2609','32'),(2561,'نصراباد','4159','32'),(2562,'نیر','2601','32'),(2563,'هرات','2603','32');
/*!40000 ALTER TABLE `users_city` ENABLE KEYS */;
UNLOCK TABLES;

--
-- Table structure for table `users_exhibition`
--

DROP TABLE IF EXISTS `users_exhibition`;
/*!40101 SET @saved_cs_client     = @@character_set_client */;
/*!40101 SET character_set_client = utf8 */;
CREATE TABLE `users_exhibition` (
  `id` bigint(20) NOT NULL AUTO_INCREMENT,
  `fname` varchar(50) NOT NULL,
  `lname` varchar(100) NOT NULL,
  `mobile` varchar(50) NOT NULL,
  `phone` varchar(50) DEFAULT NULL,
  `id_code` varchar(50) DEFAULT NULL,
  `address` varchar(200) DEFAULT NULL,
  `create_date` datetime(6) NOT NULL,
  PRIMARY KEY (`id`)
) ENGINE=MyISAM DEFAULT CHARSET=utf8 COLLATE=utf8_general_ci;
/*!40101 SET character_set_client = @saved_cs_client */;

--
-- Dumping data for table `users_exhibition`
--

LOCK TABLES `users_exhibition` WRITE;
/*!40000 ALTER TABLE `users_exhibition` DISABLE KEYS */;
/*!40000 ALTER TABLE `users_exhibition` ENABLE KEYS */;
UNLOCK TABLES;

--
-- Table structure for table `users_expert`
--

DROP TABLE IF EXISTS `users_expert`;
/*!40101 SET @saved_cs_client     = @@character_set_client */;
/*!40101 SET character_set_client = utf8 */;
CREATE TABLE `users_expert` (
  `id` bigint(20) NOT NULL AUTO_INCREMENT,
  `mobile` varchar(11) NOT NULL,
  `id_code` varchar(10) DEFAULT NULL,
  `user_id` int(11) NOT NULL,
  PRIMARY KEY (`id`),
  UNIQUE KEY `user_id` (`user_id`)
) ENGINE=MyISAM AUTO_INCREMENT=15 DEFAULT CHARSET=utf8 COLLATE=utf8_general_ci;
/*!40101 SET character_set_client = @saved_cs_client */;

--
-- Dumping data for table `users_expert`
--

LOCK TABLES `users_expert` WRITE;
/*!40000 ALTER TABLE `users_expert` DISABLE KEYS */;
INSERT INTO `users_expert` VALUES (2,'09127589805','۰۳۸۴۷۹۸۶۱۶',30),(3,'09919362481','0385605544',31),(5,'09125980763','۰۴۵۳۳۳۲۰۷۲',33),(6,'09127469053','١٢٤٩٨٤٦٦٦٨',34),(7,'09128516184','0062660608',176),(8,'09933282677','0070215561',177),(13,'09300629575',NULL,307),(11,'09333392039','3392039444',311),(14,'09384913307',NULL,314);
/*!40000 ALTER TABLE `users_expert` ENABLE KEYS */;
UNLOCK TABLES;

--
-- Table structure for table `users_legal`
--

DROP TABLE IF EXISTS `users_legal`;
/*!40101 SET @saved_cs_client     = @@character_set_client */;
/*!40101 SET character_set_client = utf8 */;
CREATE TABLE `users_legal` (
  `id` bigint(20) NOT NULL AUTO_INCREMENT,
  `fname` varchar(150) NOT NULL,
  `lname` varchar(150) NOT NULL,
  `id_code` varchar(10) DEFAULT NULL,
  `company_name` varchar(150) NOT NULL,
  `finance_code` varchar(20) NOT NULL,
  `phone` varchar(20) NOT NULL,
  `profile_id` bigint(20) NOT NULL,
  PRIMARY KEY (`id`),
  UNIQUE KEY `profile_id` (`profile_id`)
) ENGINE=MyISAM DEFAULT CHARSET=utf8 COLLATE=utf8_general_ci;
/*!40101 SET character_set_client = @saved_cs_client */;

--
-- Dumping data for table `users_legal`
--

LOCK TABLES `users_legal` WRITE;
/*!40000 ALTER TABLE `users_legal` DISABLE KEYS */;
/*!40000 ALTER TABLE `users_legal` ENABLE KEYS */;
UNLOCK TABLES;

--
-- Table structure for table `users_private`
--

DROP TABLE IF EXISTS `users_private`;
/*!40101 SET @saved_cs_client     = @@character_set_client */;
/*!40101 SET character_set_client = utf8 */;
CREATE TABLE `users_private` (
  `id` bigint(20) NOT NULL AUTO_INCREMENT,
  `fname` varchar(150) NOT NULL,
  `lname` varchar(150) NOT NULL,
  `id_code` varchar(10) DEFAULT NULL,
  `profile_id` bigint(20) NOT NULL,
  PRIMARY KEY (`id`),
  UNIQUE KEY `profile_id` (`profile_id`)
) ENGINE=MyISAM AUTO_INCREMENT=251 DEFAULT CHARSET=utf8 COLLATE=utf8_general_ci;
/*!40101 SET character_set_client = @saved_cs_client */;

--
-- Dumping data for table `users_private`
--

LOCK TABLES `users_private` WRITE;
/*!40000 ALTER TABLE `users_private` DISABLE KEYS */;
INSERT INTO `users_private` VALUES (4,'احمد','لطیف انوری','4500570470',19),(5,'حسن','زبر دست','4130596020',20),(6,'سعید','زهره وند','3934521118',22),(7,'عظیم','حاجی زاده','2990408398',23),(8,'سعید','تقوی','2161801872',24),(9,'هرمز','سلیمی','3359273461',25),(10,'مهرداد','رسولی','3240649397',26),(11,'صادق','محمدیان','0780599284',27),(12,'علی','رباط میلی',NULL,28),(13,'محمد علی','درود چی','2296627315',29),(15,'هاشم','قدومی زاده','2291644981',31),(16,'عباس','جعفری','2549758110',32),(17,'محسن','قاسمی','0082786542',33),(18,'توماج','قهرمان پور','2301035816',34),(19,'بهنام','ابراهیم تبار','2050099827',35),(20,'محمد','احمد آبادی','2290966967',36),(21,'ایمان','غریب حسینی','2980086517',37),(22,'محمد علی','صفی خانی','0048318892',38),(23,'مهدی','حیدری آزاد','0520037121',39),(24,'جواد','قاسمی','0069570892',40),(25,'رحیم','پور شاه آبادی','3070542271',41),(26,'حمید رضا','جملی','1263404669',42),(27,'جواد','داوودی',NULL,43),(28,'مسعود','شمسایی','2500311473',44),(29,'رمضان','سالاری(رسولی)','4432697441',45),(30,'بهروز','بارسنی','4660198316',46),(31,'رضا','قشلاقی','0680581634',47),(32,'مجتبی','جهانپور','4621764810',48),(33,'بهروز','کریمی','4072605360',49),(34,'میلاد','قادری','3920172086',50),(35,'آرمان','غضفی',NULL,51),(36,'امیر هوشنگ','صالحی','1817192817',54),(37,'عزیز','توکلی','2292184818',55),(38,'علی','قجر','2249715912',56),(39,'محمد حسن','عظیمی','6569920499',57),(40,'غلامرضا','نجفی','4840005370',58),(41,'محمد جعفر','فدوی','0533381460',59),(42,'مهدی','سلیمی','2259841384',60),(44,'عارف','دلیر','1652709541',62),(45,'رسول','جلالی','2290962430',63),(46,'حمیدرضا','مسعودی','3251070185',64),(47,'مهدی','وحدتی','4469704695',65),(48,'محسن','تاج الدینی','5839894001',66),(49,'محمد','رضایی','0532533422',67),(50,'علی','حمیدی','2150004887',68),(51,'سید علی','جوادی پور','2260097172',69),(52,'میلاد','مهاجر','5309853332',70),(53,'ابراهیم (مجید)','زارعی',NULL,71),(54,'اصغر','شریف آرا','3520890526',72),(55,'احمد','قدرت آبادی','۳۰۵۱۰۸۳۰۱۱',73),(56,'کامبیز','پورزال',NULL,74),(57,'محمد','زینلیان زاده',NULL,75),(58,'محمدرضا','بابایی','0602394783',76),(59,'حمید','شکری',NULL,77),(60,'ناصر','سعادتقلیان','۴۲۸۰۴۶۶۱۵۷',78),(61,'محمد ابراهیم','کردجزی','2249582335',79),(62,'علی','عظیم زاده',NULL,80),(63,'جعفر','علیزاده','1465861947',81),(64,'محمد','محمودی','5649890307',83),(65,'غلامحسین','امینی',NULL,84),(66,'محمد','بدری',NULL,85),(67,'نفیسه','رضوانی','۰۰۸۰۸۷۸۹۲۱',86),(68,'حسین','اسماعیلی',NULL,87),(69,'سید عباس','سالاری','4433503819',88),(70,'حجت اله','مطوری',NULL,89),(71,'علی','زمانی مقدم','۰۸۳۹۴۳۸۶۱۳',90),(72,'پیرکرم','مرجانی','4969617872',91),(73,'محمد علی','کوچکی','2180084773',92),(74,'علی','مستعدی',NULL,93),(75,'مرتضی','علیجانی','4591262928',94),(76,'فرهاد','سهرابی',NULL,95),(77,'رزکار','ماورانی','2871849447',96),(79,'داود','رجبی','4569462502',98),(80,'آقای','حاج محمدی',NULL,100),(81,'محسن','امانی',NULL,101),(83,'احمد','مهرآئین','2630690121',104),(84,'سید حمید رضا','سید مرتضی',NULL,106),(85,'محمد','جعفری','0311121764',111),(86,'علی','حاج غلامرضایی',NULL,112),(87,'داود','اکبری',NULL,113),(88,'مسعود','فراهانی',NULL,114),(89,'مصطفی','فراهانی',NULL,115),(90,'مهرداد','لنگری',NULL,116),(91,'قادر','یوسفی','2141578035',117),(92,'آقای','کلانتر',NULL,118),(93,'علی محمد','گودرزی',NULL,119),(94,'نادر','ملوکی',NULL,120),(95,'ایرج','حضرتی',NULL,121),(96,'رقیه','مهدوی',NULL,122),(97,'شاهین','حبیبی','2619936721',123),(98,'عباس علی','حسن پور',NULL,124),(99,'علی','پاشا زانوسی',NULL,125),(100,'حسین','موسوی',NULL,126),(101,'سهیل','حسینی',NULL,127),(102,'محمد','محمودی','0453611788',128),(103,'عباس','غلامعلی',NULL,129),(104,'ایمان','مرادی',NULL,130),(105,'قاسم','رودگریان',NULL,131),(106,'میثم','پرهیزگاری',NULL,132),(107,'اکبر','سرچمی',NULL,133),(108,'میثم','احمدی',NULL,134),(109,'امیر','رئیسی',NULL,135),(110,'مسعود','بازاری',NULL,136),(111,'داوود','چگینی',NULL,137),(112,'سعید','رسا',NULL,138),(113,'ناصر','جمشیدیان','1092265953',139),(114,'سعید','غمخوار',NULL,140),(115,'حسن','میرباقری',NULL,141),(116,'سعید','اصلانی',NULL,142),(117,'ابراهیم','عبدلی',NULL,143),(118,'جمال','فرارا',NULL,144),(119,'میلاد','بیات',NULL,145),(120,'عباس','بهرامی',NULL,146),(121,'علی','غلامی','4051562086',147),(122,'عباس','میرزایی',NULL,148),(123,'احمد','درودگر',NULL,149),(124,'روح الله','سپهری',NULL,150),(125,'محمد','گودرزی','4072272078',151),(126,'حجت الله','زندی','3932590831',152),(127,'پیمان','مقدسی','4133293983',153),(128,'رضا','لطفی',NULL,154),(129,'رضا','سپهوند',NULL,155),(130,'ایمان','قاضی زاده','2993713337',156),(131,'سید علی','زارعان','4433152374',157),(132,'مصطفی','بهشتی زاده','4431900365',158),(133,'عبدالحمید','دباغ','2000905641',159),(134,'محمد','یوسفی','1861042851',160),(135,'عادل','ماضی پور','1940113733',161),(136,'سنیر','مقدم','5859433344',162),(137,'امین','عبادی','1940063744',164),(138,'خلیل','عجم','1461247640',165),(139,'ایرج','توسلی',NULL,166),(140,'عظیم','جهانگیر زاده','5049787013',167),(141,'ایرج','طرح قدیم','1461588456',168),(142,'سلیمان','پناهی','1670303667',169),(143,'کیوان','فروغی','1461762512',170),(144,'ناصر','اخوان محسنی',NULL,171),(145,'ابراهیم','شادابی',NULL,172),(146,'فرشاد','عجم','1461551651',173),(147,'لطفعلی','طرح قدیم','1460829451',174),(148,'آقای','زمانی','3256013023',175),(149,'آقای','جمشیدی',NULL,176),(150,'امید','امیری','3255443751',177),(151,'آرمان','آرمان رنجبر',NULL,178),(152,'محمد','زمانی','3732421864',179),(153,'اسماعیل','فتاحی','3731449633',180),(154,'منصور','رضائی','3801249141',181),(155,'حمیدرضا','تخمه چی','4284986902',182),(156,'حسن','جعفری','4280557804',183),(157,'رضا','حنیفه لو','4284711954',184),(158,'مرتضی','لطفی',NULL,185),(159,'شهرام','رجب خواه','0619691052',187),(160,'آقای','کارگر',NULL,188),(161,'توحید','تقی زاده','2800437413',189),(162,'آقای','سلطان پور','2928874771',190),(163,'بهزاد','حسین لو','2802848305',191),(164,'وحید','پاکیان','1372234217',192),(165,'سیامک','مصیبی','1708889175',193),(166,'مرتضی','مختاری','1534003118',194),(167,'محمدرضا','مختاری','1533938113',195),(168,'جواد','انگوتی','1530991013',196),(169,'محمد','مهر موسوی','4898864244',197),(170,'علی','عزیزنصری','0936999497',198),(171,'حامد','اورسجی','2269782550',199),(172,'کوشا','کاوه','2121562567',200),(173,'بخشی مراد','آهی','1400986878',201),(174,'وحید','موحدی',NULL,202),(175,'سعدالله','بازندرانی','2240264081',203),(176,'صفر','رحیم زاده',NULL,204),(177,'مهدی','هوشیار',NULL,205),(178,'رضا','رادسر',NULL,206),(179,'مهدی','جلالی','2298502692',207),(180,'سعید','مهدویان',NULL,208),(181,'محسن','احمد آبادی','2295265487',209),(182,'ابوذر','عسگری','2295600928',210),(183,'لقمان','رزمجویی',NULL,211),(184,'علی','محمدی',NULL,212),(185,'غلامرضا','مجرد','0680284516',213),(186,'عبدالباسط','سریائی','3590219610',214),(187,'امین','شاکر گلیانی',NULL,215),(188,'زمان','لنگری',NULL,216),(189,'حمید','اسدی','0670659789',218),(191,'عبدالرضا','حسین زاده',NULL,220),(192,'علی','حمزوی','0759350841',221),(193,'احمد','مومنی',NULL,222),(194,'غلامرضا','شاه میرزایی',NULL,223),(195,'سعید','کاملی',NULL,224),(196,'هادی','رنجبر','0062124647',225),(197,'عرفان','باقرپور','0923710817',226),(198,'جعفر','رضایی','1062891856',227),(199,'علی','توفیقی','1062704061',228),(200,'حسین','محمدیان',NULL,229),(201,'حسین','عربشاهی','1038002613',230),(202,'حمیدرضا','ایزی','0794850979',232),(203,'ایمان','کیقبادی','0790295482',234),(204,'مهدی','گازرانی',NULL,235),(205,'کاظم','نجاریان','0900282177',236),(206,'حسین','همایونی','0901030228',237),(207,'ابراهیم','ذاکریان',NULL,238),(208,'ابراهیم','عبدالهی',NULL,239),(209,'سید علی','اکبری','0650626443',240),(210,'کوروش','ضیغم',NULL,241),(211,'خداکرم','بهرام روی',NULL,242),(212,'سید مهدی','علم بلادی',NULL,244),(213,'سید حسین','علم بلادی','3501404034',245),(214,'احسان','وفایی','3540054944',246),(215,'احمد','زارع',NULL,247),(216,'مهدی','ترک زهرانی','1280396687',248),(217,'اشکان','شماعی سامانی','4623545997',249),(218,'ابراهیم','نادری','3450174711',250),(219,'مرتضی','درویشی',NULL,251),(220,'سید محمدامین','تخت دار','3459160624',253),(221,'حامد','فروزنده',NULL,254),(222,'علی','فتحیان',NULL,255),(223,'ابوالفضل','کاهه','5219449771',256),(225,'حمید','بهره مند',NULL,260),(226,'علی','اشکان فر',NULL,264),(227,'حسین','پرهیزگاری',NULL,265),(228,'جعفر','مهدی پور',NULL,266),(229,'محمد','ناصری','0370979052',263),(230,'ابوالفضل','امیری نسب',NULL,267),(231,'تقی','رحیمی',NULL,268),(232,'علی اصغر','کیقبادی',NULL,269),(233,'حسین','دهقان',NULL,270),(234,'علیرضا','حسین پور رهبر',NULL,271),(235,'فروشگاه','مهدی زاده',NULL,272),(236,'فروشگاه توسکا','.',NULL,273),(237,'شرکت','نگین تجارت ایده',NULL,274),(238,'شرکت','تعاونی نما چوب البرز',NULL,275),(239,'داوود','عزیزی',NULL,276),(240,'علیرضا','قریشی',NULL,277),(241,'وحید','پاکبان',NULL,278),(242,'شرکت','آرتین چوب نارون گیل',NULL,279),(243,'حسین','کریمیان',NULL,280),(244,'فروشگاه','کسری',NULL,281),(245,'بهنام','مسلمی',NULL,284),(246,'amirreza','taherkhani',NULL,282),(247,'ابراهیم','جبلی',NULL,293),(248,'arman','zadpour',NULL,294),(249,'آرمان','زادپور',NULL,295),(250,'عبدالکریم','طهماسبی',NULL,296);
/*!40000 ALTER TABLE `users_private` ENABLE KEYS */;
UNLOCK TABLES;

--
-- Table structure for table `users_profile`
--

DROP TABLE IF EXISTS `users_profile`;
/*!40101 SET @saved_cs_client     = @@character_set_client */;
/*!40101 SET character_set_client = utf8 */;
CREATE TABLE `users_profile` (
  `id` bigint(20) NOT NULL AUTO_INCREMENT,
  `mobile` varchar(50) NOT NULL,
  `id_code` varchar(50) DEFAULT NULL,
  `birth_date` varchar(50) DEFAULT NULL,
  `address` longtext NOT NULL,
  `image` varchar(100) DEFAULT NULL,
  `zipcode` varchar(10) DEFAULT NULL,
  `login_code` varchar(10) DEFAULT NULL,
  `role` varchar(5) DEFAULT NULL,
  `city_id` bigint(20) DEFAULT NULL,
  `expert_id` bigint(20) DEFAULT NULL,
  `state_id` bigint(20) DEFAULT NULL,
  `user_id` int(11) NOT NULL,
  PRIMARY KEY (`id`),
  UNIQUE KEY `user_id` (`user_id`),
  KEY `users_profile_city_id_0aed1b4f_fk_users_city_id` (`city_id`),
  KEY `users_profile_expert_id_9bca84f9_fk_users_expert_id` (`expert_id`),
  KEY `users_profile_state_id_75e98c98_fk_users_state_id` (`state_id`)
) ENGINE=MyISAM AUTO_INCREMENT=297 DEFAULT CHARSET=utf8 COLLATE=utf8_general_ci;
/*!40101 SET character_set_client = @saved_cs_client */;

--
-- Dumping data for table `users_profile`
--

LOCK TABLES `users_profile` WRITE;
/*!40000 ALTER TABLE `users_profile` DISABLE KEYS */;
INSERT INTO `users_profile` VALUES (19,'09188401243',NULL,'1356/03/02',' استان ایلام -  بلوار مدرس - جنب سازمان حمل نقل پایانه - فروشگاه برادران انوری','','6931998685',NULL,'1',626,3,12,36),(20,'09136419296',NULL,'1333/07/01',' کردستان - بروجرد - میدان یاسوج - ابتدای خیابان سید مصطفی - پلاک 43 ','','6915776741',NULL,'1',2094,3,27,37),(22,'09376700884',NULL,'1366/06/30','استان همدان - میدان تعاون - حاج محمد ملایری بالاتر از گاراژ هندی - فروشگاه زهره وند ','','6571985365',NULL,'1',2460,3,30,39),(23,'09135039530',NULL,'1360/01/20',' کرمان انتهای جاده زنگی آباد ( شرف اباد ) فرآورده های چوبی حاجی زاده ','','7614953571',NULL,'1',1750,3,23,40),(24,'09113260200',NULL,'1361/05/15','استان مازندران - قائم شهر - کمربندی جانبازان - به سمت امام - کوچه بهارنارنج 49 -مجتمع ام دی اف تقوی','','4766843840','17456','1',2158,3,5,41),(25,'09122706018',NULL,'1357/10/18','استان  کرمانشاه - بلوار گلریزان - بعد از پمپ بنزین - نبش کوچه سید - اقای سلیمی  08338362000             ','','6714697799',NULL,'1',1864,3,24,42),(26,'09189183151',NULL,'1370/04/22','استان کرمانشاه-بلوار طاق بستان-خیابان 45متری نبوت-جنب مسجدابوالفضل-بازرگانی رسولی ','','6714919613',NULL,'1',1864,3,24,43),(27,'09155797845',NULL,'1374/04/26','استان خراسان رضوی - سبزوار - کیلومتر 2 جاده تهران ','','9616119790',NULL,'1',910,3,6,44),(28,'09125176563',NULL,'1361/04/10','استان مرکزی- اراک-خیابان کرهرود -بلوارگلها','','3831755341',NULL,'1',2299,3,28,45),(29,'09173170854',NULL,'1363/03/09','استان فارس - شیراز - شهرک صنعتی بزرگ - میدان کوشش خیابان کوشش شمالی - کوچه 202','','7157193941',NULL,'1',1465,3,7,46),(284,'09112289183',NULL,'','','','',NULL,'1',2158,NULL,5,308),(285,'09919362481',NULL,'1333/3/3','address placeholder','',NULL,NULL,'1',1,NULL,16,31),(31,'09173109949',NULL,'1348/06/20',' استان فارس - شیراز - خیابان انقلاب - چهار راه گمرک - ابتدای مشیر شرقی - مشیر کهنه - روبه روی بانک صادرات ','','7133918395',NULL,'1',1465,3,7,48),(32,'09177179425',NULL,'1347/01/06','استان فارس شیراز ، بلوار سفیرجنوبی ، میدان مهارت به طرف کمربندی ، جنب ساختمان ستایش5 ، کالای چوب جعفری','','7178813785',NULL,'1',1465,3,7,49),(33,'09122168025',NULL,'1366/05/03',' استان تهران - شهرک صنعتی خاوران - بازار بزرگ چوب ایران - خیابان کاج 2 پلاک 6312','','1865183714',NULL,'1',719,3,1,50),(34,'09177104131',NULL,'1365/10/19','استان فارس - شیراز - شهرک صنعتی بزرگ - میدان اول -  خیابان نوبنیاد - خیابان 2300                      ','','7158193468',NULL,'1',1465,3,7,51),(35,'09113142150',NULL,'1368/08/19','استان مازندران - بابل - میدان امام حسین - انتهای بازار 3             ','','4717984376',NULL,'1',2156,3,5,52),(36,'09171179436',NULL,'1344/12/01',' استان فارس - عادل اباد - اول بلوار صلح - کوچه 29 - انبار چوب احمد ابادی ','','7177757418',NULL,'1',1465,3,7,53),(37,'09120915540',NULL,'1368/06/30','کرمان  بلوار شرف اباد کوچه ۱۷                   ','','7614958477',NULL,'1',1750,3,23,54),(38,'09181622139',NULL,'1345/08/10','استان مرکزی - اراک - خیابان سید الشهدا - خیابان لاله -مقابل پارک ازادی - فرآورده های چوبی صفی خانی ','','3817689715',NULL,'1',2299,3,28,55),(39,'09183695814',NULL,'1368/01/20','استان مرکزی - اراک - انتهای خیابان مشهد - خیابان 30 متری حیقان - روبه روی اتحاد 9- ام دی اف آزاد','','3817119413',NULL,'1',2299,3,28,56),(40,'09125546805',NULL,'1359/09/23','استان تهران - خیابان پیروزی - بلوار ابوذر - پل پنجم - ده حقی - پلاک 190  ','','1779643641',NULL,'1',719,3,1,57),(41,'09171612537',NULL,'1344/04/05',' استان کرمان - سیرجان - ابتدای شهرک صنعتی شماره یک - جنب نگهبانی فرودگاه - ام دی اف فرزاد ','','7816899364',NULL,'1',1751,3,23,58),(42,'09132775647',NULL,'1366/03/02','استان اصفهان - کاشان - بلوارراوند - جنب بیمارستان بهشتی - ام دی اف الماس','','8714985358',NULL,'1',370,3,2,59),(43,'09111536212',NULL,'1359/06/30','استان مازندران - نکاء - جاده شیروگاه - جنب سیلو - مجتمع ام دی اف داوودی','','4841859966',NULL,'1',2291,3,5,60),(44,'09389150955',NULL,'1371/11/25','استان فارس-لارستان-خیابان فردوسی شرقی-فروشگاه شمسایی','','7431613130',NULL,'1',1467,3,7,61),(45,'09131566961',NULL,'1352/06/28','استان یزد - بلوار استقلال - روبه روی پمپ بنزین - پارسیان چوب ','','8918866780',NULL,'1',2525,3,31,62),(46,'09168013321',NULL,'1371/04/20','استان خوزستان - اهواز - بلوارآیت الله بهبهانی - نبش خیابان سراج - چوب آمازون  ','','6198893139',NULL,'1',1109,3,4,63),(47,'09151865547',NULL,'1358/12/27','استان خراسان شمالی - بجنورد - بزرگراه مدرس - جاده ینگه قلعه - انبار چوب برادران قشلاقی','','9415613635',NULL,'1',1083,3,16,64),(48,'09131846265',NULL,'1362/01/01','استان چهار محال و بختیاری - شهرکرد -  دروازه سامان- خیابان دکتر مفتح - چوب فروشی جهانپور- پلاک87       8818789150	','','8818789150',NULL,'1',827,3,14,65),(49,'09166683863',NULL,'1354/03/20',' استان لرستان - درود - 32 متری فرهنگیان - روبه روی آزاده ی ششم - فروشگاه آپادانا ','','6881785810',NULL,'1',2095,3,27,66),(50,'09181511612',NULL,'1369/09/26','استان همدان - ملایر - بلوار تعاون - بلوار جان محمد ملایری - نبش کوچه بتوئی','','6571786690',NULL,'1',2461,3,30,67),(51,'09113736804',NULL,'1366/06/02','استان گلستان - بندر ترکمن - خیابان آزادی - بین آزادی 2 و 4 ','','8491616464',NULL,'1',1955,3,26,68),(54,'09130185936',NULL,'1350/02/22','استان خوزستان -میدان طیب-جنب بانک سپه','','111111111',NULL,'1',1111,3,4,71),(55,'09173749949',NULL,'1346/05/01','استان فارس - شیراز - خیابان امیرکبیر - بعد از پل امام حسن مجتبی - خیابان سروش غربی','','7176995710',NULL,'1',1465,3,7,72),(56,'09111711008',NULL,'1350/07/01','استان گلستان - گرگان - میدان ترمینال - ضلع شمالغربی - ساختمان میر کاظمی - بازرگانی قجر','','4919756484',NULL,'1',1950,3,26,73),(57,'0917847311',NULL,'1352/01/01','استان فارس - شهرستان گراش - جنب پایانه مسافربری شاهدقدیم - فروشگاه عظیمی','','7441760006',NULL,'1',1595,3,7,74),(58,'09122282318',NULL,'1368/10/17','استان لرستان - ازنا - انتهای بلوار جهاد - روبه روی اداره ارشاد - فروشگاه نجفی','','6871991222',NULL,'1',2099,3,27,75),(59,'09188613510',NULL,'1342/03/10','استان مرکزی - اراک - پل برق - خیابان میرزای شیرازی - نبش کوچه موسوی - فروشگاه اطمینان ','','3813764166',NULL,'1',2299,3,28,76),(60,'09395866427',NULL,'1362/11/01','استان مازندران - ساری - بلوار امام روح الله - جنب کوچه ی شهید قربانی - ام دی اف سلیمی','','4815895457',NULL,'1',2155,3,5,77),(62,'09117027446',NULL,'1363/01/01','استان گلستان - گنبد کاووس - خیابان فجر - انتهای بلال حبشی - فروشگاه خدمات نو','','4971166452',NULL,'1',1951,3,26,79),(63,'09173374931',NULL,'1332/05/01','استان شیراز-بلوارامیرکبیر-حدفاصل پل شهدای کشن و پل امام حسن-بازرگانی جلالی ','','7185834465',NULL,'1',1465,3,7,80),(64,'09124449775',NULL,'1369/02/01',' کرمانشاه-خیابان اربابی-جنب پمپ cng-گاراژمسعودی','','6713616153',NULL,'1',1864,3,24,81),(65,'09133558643',NULL,'1360/05/20','استان یزد - مهریز - بلوار شهید زارع زاده - میدان مهدی       ','','8981663459',NULL,'1',2529,3,31,82),(66,'09138265127',NULL,'1362/04/07','کیش - منطقه اقتصادی درخت سبز - صنعت دوم - پاساژنسیم صنعت - شرکت نیک احجام کیش-','','7941676811',NULL,'1',2396,3,29,83),(67,'09181631200',NULL,'1363/03/30','استان مرکزی -اراک - خیابان سبحانی - نبش کوچه ساعی','','111111111',NULL,'1',2299,3,28,84),(68,'09112243033',NULL,'1367/01/06','استان مازندران -قائم شهر-کمربندی میدان امام به جانبازان-نبش بهارنارنج40 ','','4763694989',NULL,'1',2158,3,5,85),(69,'09173241804',NULL,'1369/01/12','استان فارس - شهرستان کازرون - شهرک پردیس - شهرک صنعتی قدیم-','','7316993691',NULL,'1',1468,3,7,86),(70,'09358246767',NULL,'1371/06/20',' استان گلستان - علی آبادکتول - بلوار امام رضا - فروشگاه مهاجر                 ','','4941678765',NULL,'1',1953,3,26,87),(71,'09183147323',NULL,'1368/10/30','همدان - بلوارجانبازان - بعدازهتل سفیر - پلاک104 - رایکاچوب','','6518783793',NULL,'1',2460,3,30,88),(72,'09171706385',NULL,'1358/11/20',' استان بوشهر -  برازجان - میدان شهید گنجی - روبه روی پمپ بنزین - مرکز ام دی اف شریف ارا ','','7561658415',NULL,'1',680,2,13,89),(73,'09131916528',NULL,'1339/06/01','استان کرمان - رفسنجان - خیابان میر افضلی چوب فروشی قدرت ابادی','','7714736818',NULL,'1',1752,2,23,90),(74,'09113935658',NULL,'1357/06/07','استان مازندران - نوشهر -  بلوار بهار آزادی - شهرک صنعتی باباطاهر - فروشگاه ام دی اف پورزال','','4651919677',NULL,'1',2161,2,5,91),(75,'09131586043',NULL,'1365/06/30','استان یزد - بلوار آزادگان - کوچه 77 - فرآورده های چوبی زینلیان','','8917358357',NULL,'1',2525,2,31,92),(76,'09125556736',NULL,'1360/06/15','استان مرکزی - ساوه - بلوار پیامبر اعظم - نبش پیامبر اعظم 3 - مبلمان خانه ایرانی','','3914767655',NULL,'1',2300,2,28,93),(77,'09111111208',NULL,'1355/06/19','استان مازندران - قائم شهر - کمر بندی غربی نرسیده به پل عابر پیاده - مجتمع ام دی اف شکری','','4761853978',NULL,'1',2158,2,5,94),(78,'09123420349',NULL,'1354/06/01','استان زنجان - خیابان کوچه مشکی - چهار راه سوم شمالی - قوچه قزلباش - پلاک 511 ','','4515647579',NULL,'1',1230,2,17,95),(79,'09113716577',NULL,'1335/09/16',' گرگان سروش هشتم مجتمع پالونیا','','4917937471',NULL,'1',1950,2,26,96),(80,' 09391656692',NULL,'1371/04/14','خیابان ۱۹۶ غربی - خیابان دلاوران - خیابان تکاوران شمالی -  خیابان جهان شاهلو  -پلاک ۲۰۰ - فروشگاه ارس چوب','','1687747419',NULL,'1',719,2,1,97),(81,'09151403235',NULL,'1360/02/19','شهرک صنعتی کارگاهی بلوار تلاش--فرآورده های چوبی افرا','','9818854335',NULL,'1',1364,2,19,98),(83,'09133095675',NULL,'1354/06/05','روستای مدن ،  صنایع چوب ایرانیان','','۶۳۳۳۱۱۸۴۹۷',NULL,'1',1111,2,4,100),(84,'09131403456',NULL,'1334/09/29','استان کرمان - خیابان مالک اشتر - کوچه 45 - پلاک 26','','7617778538',NULL,'1',1750,2,23,101),(85,'0918461200',NULL,'1361/07/01','ایلام - جاده مهران - خیابان 15 خرداد - روبه روی شرکت تعاونی روستایی سابق - 100 متر بالاتر','','6931783445',NULL,'1',626,2,12,102),(86,'09112831524',NULL,'1364/04/01','تالش میدان نماز کیلومتر یک جاده تکی بلوار نواب صفوی فروشگاه نفیس','','۴۳۷۱۹۹۹۴۴۲',NULL,'1',1990,2,8,103),(87,'09111119334',NULL,'1339/11/14','استان مازندران - فریدونکنار - خیابان نامجو - نامجو 16 - مجتمع ام دی اف عباس اسماعیلی','','4751933388',NULL,'1',2252,2,5,104),(88,'09137075355',NULL,'1366/06/22','میدان نماز - ابتدای بلوار امام حسین - فرآورده های چوبی آپادانا','','8915443583',NULL,'1',2525,2,31,105),(89,'09191523029',NULL,'۱۳۳۷/۱۱/۲۴','ماهشهر - سایت مکانیکی - چوب فروشی مطوری ','','6351958935',NULL,'1',1110,2,4,106),(90,'09134520346',NULL,'1331/04/08','خراسان جنوبی طبس گلشن بلوار گلستان نبش کوثر ۹ صنایع چوب مقدم ','','۹۷۹۱۶۵۴۷۵۶',NULL,'1',878,2,15,107),(91,'09188593384',NULL,'1324/10/09','استان کرمانشاه-دیزل آباد-خیابان زندان -نرسیده به زندان-بازرگانی مرجانی','','۶۷۱۹۸۵۷۸۷۶',NULL,'1',1864,2,24,108),(92,'09111164662',NULL,'1355/06/06','بهشهر بلوار امام رضا جاده ی سلامت چوب و ام د ی اف کوچکی','','4851698146',NULL,'1',2186,6,5,109),(93,'09111932633',NULL,'1361/08/07','تنکابن فردوسی شرقی صنایع چوب ایران ','','4681774164',NULL,'1',2160,6,5,110),(94,'09111302542',NULL,'1359/01/17','رشت ابتدای خیابان خرمشهر میدان ولیعصر روبروی اطلاعات فروشگاه ایران چوب','','4178844645',NULL,'1',1984,6,8,111),(95,'09111502006',NULL,'1357/02/28','رشت بلوار خرمشهر بین جانبازان و کوی امام رضا فروشگاه اریا چوب','','11111111',NULL,'1',1984,6,8,112),(96,'09121893648',NULL,'1344/10/22','لاهیجان کمربندی بین گلستان 15و 17 صنایع چوب رضا','','4414934134',NULL,'1',1985,6,8,113),(98,'09120036212',NULL,'1355/06/20','سمنان بلوار علویان انتهای خیابان وجدان شرکت تعاونی درودگران سمنان ','','3517633497',NULL,'1',1275,6,18,115),(100,'09121021290',NULL,'1357/09/04','خیابان انقلاب بعد از پل چوبی ابتدای نامجو شمالی پلاک 166طبقه ی دوم','','111111111',NULL,'1',719,6,1,117),(101,'09125405929',NULL,'1362/07/01','تهران خیابان رسالت خیابان سراج سی متری دوم بین والائیان و تکاوران پلاک 137','','1687755611',NULL,'1',719,6,1,118),(104,'09113839269',NULL,'1401/04/30','قم','','1234567890',NULL,'1',1679,6,21,121),(106,'09121154937',NULL,'1353/05/18','شهرک صنعتی خاوران سایت چوب فروشان خیابان نارون نبش بلوط پلاک 2832','','',NULL,'1',719,6,1,123),(111,'09123709627',NULL,'1373/06/19','کرج چهارراه طالقانی جنوبی داخل کوچه بعثت ام دی اف ماهان پلاک 163','','3134839183',NULL,'1',608,6,3,128),(112,'09194616361',NULL,'1350/04/12','کرج میدان استاندارد مجتمع صنفی صنعتی سایت کابینت سازان نبش بلوک 3 رنگین چوب','','3174733403',NULL,'1',608,6,3,129),(113,'09126369235',NULL,'1364/12/19','یافت آباد میدان الغدیر به سمت آزادگان روبروی پمپ گاز کوچه اطلسی پلاک 11 فروشگاه کسری چوب','','1377779345',NULL,'1',719,6,1,130),(114,'09121773034',NULL,'1350/10/11','تهران چهاردانگه خیابان 24 پلاک 24','','3319135884',NULL,'1',719,6,1,131),(115,'09121243494',NULL,'134109/19','تهران شهرک صنعتی چهاردانگه خیابان 24 پلاک16','','3319135884',NULL,'1',719,6,1,132),(116,'09123142955',NULL,'1366/05/05','کرج کمالشهر نبش ظفر 21روبروی مسجد جامع مرکز پخش ایده ال','','3199679461',NULL,'1',608,6,3,133),(117,'09111220499',NULL,'1356/06/10','آمل خیابان طالب آملی بین دریای 30 و کوچه جمشیدی فروشگاه پارکت فانیک ','','4615869439',NULL,'1',2157,6,5,134),(118,'09121152090',NULL,'1339/06/01','تهران یوسف آباد خیابان اسد آبادی خیابان الهی 24 پلاک 14 واحد 1','','1431983956',NULL,'1',721,6,1,135),(119,'09121952762',NULL,'1300/01/01','تهران فلکه دوم صادقیه خیابان آیت اله کاشانی خیابان بهنام کوچه وحدت پلاک 4 واحد 7','','1471885385',NULL,'1',719,6,1,136),(120,'09126990315',NULL,'1360/11/26','جاده ملارد جنب پل ارتش بعد از گلستان 12','','3354833856',NULL,'1',608,6,3,137),(121,'09128583406',NULL,'1367/06/20','تهران اتوبان سعیدی روبه سمت جنوب بعداز چهارراه یافت اباد خیابان بنایی چهارراه سلیمانی نبش کوچه صنوبر ششم پ91','','1373684457',NULL,'1',719,6,1,138),(122,'09112300416',NULL,'1362/05/20','رشت خیابان گلسار بلوار سمیه خیابان 126 کوچه ده متری سبز ساختمان هانی واحد 3','','1111111111',NULL,'1',1984,6,8,139),(123,'09112810761',NULL,'1366/12/14','آستارا خیابان مطهری پشت سپاه پاسداران چوب فروشی حبیبی','','4391946142',NULL,'1',1990,6,8,140),(124,'09124198324',NULL,'1358/05/01','چهاردانگه بین خیابان 24 و 25 پلاک 333','','1111111111',NULL,'1',751,6,1,141),(125,'09111914669',NULL,'1349/04/01','نوشهر چهارراه هلستان  فروشگاه سقف کاذب  علی پاشا زانوسی','','4651439193',NULL,'1',2161,6,5,142),(126,'09111111050',NULL,'1359/06/01','آمل خیابان طالب آملی بین دریای 74 و 76 ساختمان آرا چوب','','4615989216',NULL,'1',2157,6,5,143),(127,'09124499008',NULL,'1366/06/17','شهرک صنعتی چهاردانگه خیابان 24 پلاک 27','','1111111111',NULL,'1',751,6,1,144),(128,'09125089778',NULL,'1364/04/07','شهر زیبا خیابان احمد کاشانی پلاک 49 کالای چوب محمودی ','','1486947791',NULL,'1',719,6,1,145),(129,'09393630796',NULL,'1374/07/05','خیابان دلاوران خیابان آزادگان شمالی پلاک 330','','1111111111',NULL,'1',719,6,1,146),(130,'09127244060',NULL,'1300/01/01','خیابان رسالت خیابان هنگام بالاتر از میدان الغدیر خیابان شهید جهانشاه لو بین تکاوران و والائیان','','1687700000',NULL,'1',719,6,1,147),(131,'09121020488',NULL,'1352/03/08','میدان خزر 600 متر بعد از ترمینال مسافربری دولت نبش کوچه ی بهشتی نمایشگاه ام دی اف رودگریان ','','4817133676',NULL,'1',2155,6,5,148),(132,'09126835563',NULL,'1366/07/01','تهران حکیمیه خیابان نشوه نبش کوچه ی نوروزی پلاک 76','','1658954981',NULL,'1',719,6,1,149),(133,'09121125272',NULL,'1349/01/01','رباط کریم شهرک صنعتی نصیر اباد خیابان صنایع نبش پژوهش 2پلاک k23','','3113335886',NULL,'1',765,6,1,150),(134,'09121723182',NULL,'1365/10/21','تهران شهرک صنعتی چهاردانگه خیابان 23 بعد از بلوار صنایع پلاک18','','3319138631',NULL,'1',751,6,1,151),(135,'09128192153',NULL,'1355/06/07','سهروردی شمالی کوچه ی حاج حسنی پلاک 27 طبقه 4 واحد 4 ','','1111111111',NULL,'1',719,6,1,152),(136,'09124860803',NULL,'1363/09/12','تهران پارس خیابان احسان کوچه نهم شرقی روبروی بستنی مهر پلاک 33ام دی اف بازاری','','1658755511',NULL,'1',719,6,1,153),(137,'09183616188',NULL,'1351/06/06','اراک، بلوار امام علی، به سمت میدان امام حسین، MDF آریا','','3817659186',NULL,'1',2299,5,28,154),(138,'09125388280',NULL,'1360/06/30','بلوار شهید بهشتی جنب خیابان بهار ','','3914899756',NULL,'1',2300,5,28,155),(139,'09132000080',NULL,'1365/02/13','اصفهان اتوبان شهید حبیب اللهی کنارر گذر اتوبان حد فاصل باغ زیار و میدان سهروردی کوچه مهر ساختمان مهسان یک طبقه هشتم ','','8177653597',NULL,'1',368,5,2,156),(140,'09131102328',NULL,'1345/11/12','اصفهان خیابان امام خمینی خیابان 12 بهمن ','','8195814393',NULL,'1',368,5,2,157),(141,'09131112002',NULL,'1326/09/23','اصفهان، خیابان کمندژ، ایستگاه محمد آباد، جنب فروشگاه کوثر نور، کوچه 68، راتر چوب','','8188994495',NULL,'1',368,5,2,158),(142,'09128538054',NULL,'1362/07/16','قم - میدان ولیعصر اول خیابان شهید محمد عسگری نیا سرای ang','','1111111111','96050','1',1679,5,21,159),(143,'09183511072',NULL,'1300/01/01','ملایر، خیابان بروجرد، بلوار ملت، جنب ترمینال نهاوند، رنگ و ابزار سروش','','1111111111',NULL,'1',2461,5,30,160),(144,'09330927900',NULL,'1365/5/18','همدان لالجین خیابان مهدیه روبروی گلزار شهدا','','111111111',NULL,'1',2460,5,30,161),(145,'09188177166',NULL,'1368/5/25','همدان میدان امام حسین بلوار الغدیر فروشگاه بیات','','6513743416',NULL,'1',2460,5,30,162),(146,'09183134590',NULL,'1342/03/15','همدان، لاله جین، خیابان امام، کوچه 15 خرداد، منزل عباس بهرامی','','',NULL,'1',2460,5,30,163),(147,'09183159567',NULL,'1360/02/17','همدان مریانک میدان کربلا روبروی نماینددگی کرمان موتور یراق الات ولیعصر','','',NULL,'1',2460,5,30,164),(148,'09183145514',NULL,'1345/06/15','همدان لالجین خ توحید فروشگاه میرزایی ','','6533175644',NULL,'1',2460,5,30,165),(149,'09189123056',NULL,'1368/12/27','همدان، میدان امام حسین، ابتدای بلوار الغدیر، صنایع چوب درودگر','','6513743393',NULL,'1',2460,5,30,166),(150,'09181112067',NULL,'1300/01/01','همدان جاده ملایر جنب پاسگاه ابشینه ','','6517152370',NULL,'1',2460,5,30,167),(151,'09121123024',NULL,'1354/04/1','خرم آباد، خیابان خاتم الانبیاء، بالاتر از چهاراه، صنایع چوب گودرزی','','1111111111',NULL,'1',2093,5,27,168),(152,'09921094779',NULL,'1343/10/3','ملایر، نبش میدان تعاون، فروشگاه چوب ابزار، چوب زندی','','6571655138',NULL,'1',2093,5,27,169),(153,'09355782070',NULL,'1366/06/20','بروجرد علي آباد انتهاي بلوار ولي عصر پ29','','6916865431',NULL,'1',2094,5,27,170),(154,'09161623115',NULL,'1354/06/1','بروجرد بلوار امام خمینی خ جانبازان روبری ایثارگران ','','6919613119',NULL,'1',2094,5,27,171),(155,'09163611962',NULL,'1300/01/01','خرم اباد پنج کیلومتر نرسیده به خرم اباد روبروی پلیس راه کمالوند ','','1111111111',NULL,'1',2093,5,27,172),(156,'091334332003',NULL,'1300/01/01','کرمان، خیابان خورشید، بین کوچه 29 و 27','','7614645457',NULL,'1',1750,5,23,173),(157,'09135235600',NULL,'1358/11/11','نمایشگاه یزد انتهای خیابان انقلاب مرکز تجارت ام دی اف ','','8918715173',NULL,'1',2525,5,31,174),(158,'09133589954',NULL,'1363/3/5','یزد میدان نماز بلوار امام حسین ام دی اف رنگین چوب','','891544713',NULL,'1',2525,5,31,175),(159,'09161416248',NULL,'1334/06/20','دزفول- ابتدای جاده صفی آباد- شهرک صنعتی نجاران - خیابان نجار2 - فرآورده های چوبی پارس','','6461114843',NULL,'1',1112,7,4,178),(160,'09166710358',NULL,'1340/05/01','خوزستان ، بهبهان، جاده زیدون،  نرسیده به فلکه زیدون،سمت چپ، صنایع چوب یوسفی','','6361678493',NULL,'1',1113,7,4,179),(161,'09168522560',NULL,'1369/03/14','خوزستان، بندر امام خمینی،سربندر، شهرک مقداد، ایستگاه 8، روبروی شهرک ساویر','','6356144731',NULL,'1',1116,7,4,180),(162,'09161522798',NULL,'1352/04/22','ماهشهر- خیابان امام جنوبی- جنب لوازم بهداشتی ساختمان عتیقی- فروشگاه کینگ گلاس','','1111111111',NULL,'1',1110,7,4,181),(164,'09166526190',NULL,'1368/09/18','خوزستان، ماهشهر، سایت صنعتی درون شهری، خیابان صنعت 5 ، روبروی آشپزخانه آسمان','','6351915822',NULL,'1',1110,7,4,183),(165,'09141528970',NULL,'1345/07/03','اردبیل ، میدان مقدس اردبیلی، نرسیده به درب ورودی ترمینال، چوب فردوسی عجم','','5617679194',NULL,'1',309,7,11,184),(166,'09141518540',NULL,'1345/03/09','اردبیل، خیابان امام، چهارراه ژاندارمری، اول کوچه شهید احمدی، درود گری بی نظیر','','5614983666',NULL,'1',309,7,11,185),(167,'09141516383',NULL,'1340/04/03','اردبیل، پارس آباد، خیابان شهید رجایی، جنب تالار طاووس مغان','','5691864445',NULL,'1',309,7,11,186),(168,'09148041288',NULL,'1341/06/03','اردبیل، میدان ایثار، شهرک صنعتی شماره یک، خیابان پنجم، چوب فروشی طرح قدیم ','','5618414471',NULL,'1',309,7,11,187),(169,'09141517153',NULL,'1350/09/17','اردبیل،مشکین شهر، خیابان رسوالله','','1111111111',NULL,'1',311,7,11,188),(170,'09141552326',NULL,'1365/06/30','اردبیل - بزرگراه بسیج - میدان تینا - فروشگاه آرتا تلاش','','1111111111',NULL,'1',309,7,11,189),(171,'09141521013',NULL,'1346/03/02','اردبیل، چهارراه ژاندارمری، روبروی مرزبانی استان اردبیل، جنب بانک مسکن','','5614983641',NULL,'1',309,7,11,190),(172,'09199603262',NULL,'1369/02/01','اردبیل - شهرک صنعتی - فاز یک خیابان هشتم ، چوب فروشی شادابی','','1111111111',NULL,'1',309,7,11,191),(173,'09125706011',NULL,'1361/06/26','اردبیل، چهارراه ژاندارمری، روبروی مرزبانی استان اردبیل،چوب فروشی عجم','','5614983774',NULL,'1',309,7,11,192),(174,'09141520189',NULL,'1340/01/01','اردبیل - شهرک صنعتی - خیابان دوازدهم - فروشگاه طرح قدیم','','5618415841',NULL,'1',309,7,11,193),(175,'09188316332',NULL,'1317/12/13','کرمانشاه - خیابان کشاورز بلوار اربابی پلاک 95 جنب اتومبیل قصر شیرین','','6719614639',NULL,'1',1864,7,24,194),(176,'09183329649',NULL,'1300/01/01','کرمانشاه، سه راه 22 بهمن، خیابان نوبهار، پایین تر از مسکن و شهر سازی، نبش کوچه نیلوفر شرقی، بازرگانی جم','','6714663139',NULL,'1',1864,7,24,195),(177,'09183300000',NULL,'1362/04/18','کرمانشاه، دیزل آباد، انتهای خیابان102(تاکسی رانی)ابتدای چوب فروشان،پارس چوب(امید امیری)','','6719859631',NULL,'1',1864,7,24,196),(178,'09181719626',NULL,'1300/01/01',' سنندج، شهرک زاگرس، خیابان سیروان، کوچه شاهوی 5، پلاک 22','','6617785488',NULL,'1',1690,7,22,197),(179,'09183731417',NULL,'1359/01/12','سنندج، انتهای خیابان جامی، خیابان داراب','','6618733691',NULL,'1',1690,7,22,198),(180,'09183728258',NULL,'1360/10/11','سنندج، بلوار چمران، نرسیده به سه راهی معراج، پلاک 67، فروشگاه چوب فتاحی','','6618686386',NULL,'1',1690,7,22,199),(181,'09188772559',NULL,'1360/10/24','کردستان - قروه - بلوار قدیر خم- ضلع شمالی میدان امیرکبیر- شهر چوب رضائی','','6661783566',NULL,'1',1690,7,22,200),(182,'09126419589',NULL,'1361/03/27','زنجان، کمربندی جنوبی، خیام شرقی، نبش کوی عزتی، پلاک 295','','4516917571',NULL,'1',1230,7,17,201),(183,'09127417885',NULL,'1355/08/13','زنجان، خیابان توحید،روبروی درب پائین امام زاده، پلاک 163 (سپیدار چوب)','','4516637445',NULL,'1',1230,7,17,202),(184,'09121938657',NULL,'1351/09/01','زنجان، خیام شرقی، روبروی مزار بالا، بازرگانی سپید کاج','','4516938357',NULL,'1',1230,7,17,203),(185,'09126417355',NULL,'1352/10/26','میدان انقلاب - بعد از کوچه شهید چمنی پلاک66','','1111111111',NULL,'1',1230,7,17,204),(187,'09144417086',NULL,'1360/06/18','ارومیه، خیابان سعدی، خیابان گلستان، کوی 3، آپارتمان آتیلا4، طبقه 2','','5719659099',NULL,'1',162,7,10,206),(188,'09143419230',NULL,'1346/01/01','ارومیه، خیابان رسالت، نبش کوی 10، شهید رحمت عباسی، پخش  ام دی اف کارگر','','5714816145',NULL,'1',162,7,10,207),(189,'09122046568',NULL,'1355/12/06','آذربایجان غربی، ارومیه کیلومتر 2 جاده سرو، روبروی تعویض پلاک ،فروشگاه پارسا چوب','','5749183513',NULL,'1',162,7,10,208),(190,'09141802101',NULL,'1357/01/01','آذربایجان غربی - شهرستان بوکان- خیابان ساحلی - جنب میدان زکات','','1111111111',NULL,'1',165,7,10,209),(191,'09144022698',NULL,'1362/01/17','آذربایجان شرقی- تبریز - ابتدای جاده مایان- جنب باسکول پیام - ساختمان نگین','','5194854648',NULL,'1',1,7,9,210),(192,'09143136773',NULL,'1358/06/24','آذربایجان شرقی - تبریز - خیابان فلسطین - روبروی درمانگاه دکتر قریب- کوچه شهید گاچین شرقی','','5134644451',NULL,'1',1,7,9,211),(193,'09144132263',NULL,'1352/06/13','آذربایجان شرقی- تبریز - شهرستان خسروشاه- نبش میدان آزادگان- دفتر فروش آذرآغاج','','1111111111',NULL,'1',1,7,9,212),(194,'09144231794',NULL,'1367/02/18','آذربایجان شرقی، میانه، انتهای خیابان فنی حرفه ای، سرای چوب ام دی اف مختاری','','5317713343',NULL,'1',3,7,9,213),(195,'09144231675',NULL,'1364/06/30','آذربایجان شرقی، میانه، انتهای خیابان فنی حرفه ای، سرای چوب ام دی اف مختاری','','5317713343',NULL,'1',3,7,9,214),(196,'09144233178',NULL,'1357/12/28','آذربایجان شرقی، میانه، جاده ترانتزیت، جنب دانشگاه آزاد، فروشگاه سپیدار','','1111111111',NULL,'1',3,7,9,215),(197,'09111711294',NULL,'1335/04/10',' گلستان گرگان خ جمهوری یکم سه راه رازی','','1111111111',NULL,'1',1950,8,26,216),(198,'09113714420',NULL,'1350/01/02','گلستان گرگان مابین خ جرجان 18و 20 ( دفتر فروشگاه)','','4915957755',NULL,'1',1950,8,26,217),(199,'09113756472',NULL,'1361/01/26','گرگان خ راه آهن بین استرآبادی 3و 5','','4913688679',NULL,'1',1950,8,26,218),(200,'09111500015',NULL,'1359/02/21','گرگان خ راه اهن مجتمع ام دی اف کاوه ','','4913688575',NULL,'1',1950,8,26,219),(201,'09113722254',NULL,'1342/05/07','گلستان گنبد میدان فراغی اول جاده سد گلستان','','4976139882',NULL,'1',1951,8,26,220),(202,'09112765904',NULL,'1300/01/01','گلستان گنبد خ 17 شهریور غربی بعد از تقاطع فجر جنب مسجد ','','1111111111',NULL,'1',1951,8,26,221),(203,'09111733113',NULL,'1337/01/01','گلستان کرد کوی خ شهید عباس پور سمت بندر ترکمن روبروی تالار رویال ','','4881665198',NULL,'1',1952,8,26,222),(204,'09126984164',NULL,'1300/01/01','گلستان کلاله میدان بسیج ک شعرایی 2','','4991839739',NULL,'1',1954,8,26,223),(205,'09171116000',NULL,'1300/01/01','فارس شیراز بلوار محراب جنوبی شهرک صنعتی دستغیب خ بلوط نبش ک یک','','7167884111',NULL,'1',1465,8,7,224),(206,'09173170598',NULL,'1300/01/01','فارس شیراز شهرک صنعتی دستغیب بلوار صنعت جنب شرکت نفت','','7167898631',NULL,'1',1465,8,7,225),(207,'09123120951  ',NULL,'1362/11/11','فارس شیراز شهرک صنعتی بزرگ مابین م 3و 4 پشت مخابرات','','7185834464',NULL,'1',1465,8,7,226),(208,'09171208121',NULL,'1300/01/01','فارس شیراز خ20متری امام خمینی انتهای ک6سمت چپ','','7178813686',NULL,'1',1465,8,7,227),(209,'09171112973',NULL,'1347/10/17','فارس شیراز کمربندی خ عادل آباد ک66','','7177751343',NULL,'1',1465,8,7,228),(210,'09177191595',NULL,'1363/01/30','فارس شیراز بلوار نصر شرقی روستای کفترک','','7145947778',NULL,'1',1465,8,7,229),(211,'09173090174',NULL,'1300/01/01','سیستان وبلوچستان چابهار شهرک کارگاهی خ کار 12','','9971871754',NULL,'1',1366,8,19,230),(212,'09154602930',NULL,'1300/01/01','سیستان وبلوچستان چابهار شهرک کارگاهی خ کار 10 خ شهید عبدااهی','','1111111111',NULL,'1',1366,8,19,231),(213,'09151873083',NULL,'1300/01/01','بجنورد  روبروی اکبر جوجه  اواسط جاده ینگه قلعه  سمت راست   ','','9415153973',NULL,'1',1083,8,16,232),(214,'09159979159',NULL,'1360/06/01','سیستان وبلوچستان ایرانشهر شهرک جوشکاری فرعی دوم سمت چپ','','9913856556',NULL,'1',1367,8,19,233),(215,'09153861939',NULL,'1300/01/01','خراسان شمالی .بجنورد .شهرک کارگاهی خیابان کوشش ','','1111111111',NULL,'1',1083,8,16,234),(216,'09151870844',NULL,'1300/01/01','بجنورد خ 32متری شهربازی خ معراج خ معراج22','','9416118159',NULL,'1',1083,8,16,235),(218,'09153862329',NULL,'1300/01/01','خراسان شمالی - بجنورد - اول شهرک کارگاهی - جنب مدیریت شهرک ','','9415914913',NULL,'1',1083,8,16,237),(220,'09151880756',NULL,'1300/01/01','خراسان شمالی بجنورد - بلوار ولایت  - ناظر آباد 3 - پلاک 61','','9941991178',NULL,'1',1083,8,16,239),(221,'09155841857',NULL,'1300/01/01','خراسان شمالی گرمه بلوار سرداران شهید جنب ایرانخودرو','','9431814651',NULL,'1',1088,8,16,240),(222,'09151898198',NULL,'1300/01/01','خراسان شمالی  - جاجرم  - بلوار امام خمینی  - روبروی پارک لاله ','','9441713711',NULL,'1',1087,8,16,241),(223,'09153018490',NULL,'1300/01/01','مشهد صدمتری نبش چراغچی پنجاه ونه  قطعه دوم سمت راست','','1111111111',NULL,'1',908,8,6,242),(224,'09155171281',NULL,'1300/01/01','مشهد خین عرب خیابان کشاورز 1','','9196943972',NULL,'1',908,8,6,243),(225,'09151575600',NULL,'1360/08/20','مشهد خین عرب خ طرح چی 11 - اولین چهارراه سمت راست اولین قطعه سمت چپ','','9196976643',NULL,'1',908,8,6,244),(226,'09151118739',NULL,'1375/07/09','مشهد خین عرب خیابان کشاورز 1 - مابین چهاراه دوم و سوم','','9196964114',NULL,'1',908,8,6,245),(227,'09153515446',NULL,'1300/01/01','خراسان رضوی  - نیشابور  - خ سی متری شهرک کریم آباد  - رسالت شرقی 20 ','','9313853849',NULL,'1',909,8,6,246),(228,'09151516728',NULL,'1300/01/01','خراسان رضوی  - کمربندی مشهدنیشابور  -  کیلومتر 5 ابتدای روستای چاه بلند ','','9314767459',NULL,'1',909,8,6,247),(229,'09151710594',NULL,'1300/01/01','خراسان رضوی  - سبزوار  - کیلومتر 2 جاده تهران                                      ','','9616119790',NULL,'1',910,8,6,248),(230,'09151702351',NULL,'1300/01/01','خراسان رضوی  - سبزوار  - ضلع جنوبی میدان هفت تیر ','','9616683157',NULL,'1',910,8,6,249),(232,'09151740458',NULL,'1300/01/01','سبزوار شهرک صنعتی خاوران - خاوران 3  سمت راست','','9616717364',NULL,'1',910,8,6,251),(234,'09153719549',NULL,'1367/08/20','خراسان رضوی  - سبزوار - میدان شهدا  - خ جهاد کشاورزی نبش جهاد 12','','9619814489',NULL,'1',910,8,6,253),(235,'09155330718',NULL,'1300/01/01','خراسان رضوی  - کاشمر  - خ منتظری جنوبی  - جنب فروشگاه بسیج ','','9671934441',NULL,'1',913,8,6,254),(236,'09155323780',NULL,'1300/01/01','خراسان رضوی  - کاشمر - خ نیازمند 22','','9671985345',NULL,'1',913,8,6,255),(237,'09151366624',NULL,'1332/02/10','خراسان رضوی  - کاشمر  - خ منتظری جنوبی  - جنب شورای حل اختلاف ','','9671943479',NULL,'1',913,8,6,256),(238,'09151611133',NULL,'1300/01/01','خراسان جنوبی بیرجند ابتدای خ معلم ','','1111111111',NULL,'1',877,8,15,257),(239,'09155614305',NULL,'1300/01/01','خراسان جنوبی بیرجند تقاطع سجاد و  15خرداد نبش سجاد 39 مجتمع یاس','','9718936696',NULL,'1',877,8,15,258),(240,'09151603632',NULL,'1355/01/01','خراسان جنوبی بیرجند خ غفاری بلوار خلیج فارس حد فاصل خلیج فارس 2و4 روبروی ظفر','','9718874116',NULL,'1',877,8,15,259),(241,'09151645390',NULL,'1300/01/01','خراسان جنوبی - حاشیه کمربندی پشت نمایندگی ولو ','','1111111111',NULL,'1',879,8,15,260),(242,'09179720017   ',NULL,'1300/01/01','بوشهر - گناوه بلوار شهدا - روبروی ساختمان کمیته امداد','','7531933847',NULL,'1',684,8,13,261),(244,'09171712658',NULL,'1300/01/01','بوشهر خیابان حافظ فرعی اول سمت راست','','7513875515',NULL,'1',678,8,13,263),(245,'09173710323',NULL,'1300/01/01','بوشهر جاده نیروگاه ابتدای خ فنی حرفه ای','','7517737635',NULL,'1',678,8,13,264),(246,'09175289808',NULL,'1300/01/01','بوشهر خ طالقانی روبروی پمپ بنزین وزیری','','7514868441',NULL,'1',678,8,13,265),(247,'09171621064',NULL,'1300/01/01','بندرعباس - بلوارثارالله - نبش ثارالله14','','7913663675',NULL,'1',2395,8,29,266),(248,'09131149155',NULL,'1300/01/01','بندرعباس - بلوارخلیج فارس - بلوارسوم خرداد کوچه خرداد14','','7916993599',NULL,'1',2395,8,29,267),(249,'09171599946',NULL,'1300/01/01','بندرعباس-بلوارجمهوری-نبش بسیج29','','7915635340',NULL,'1',2395,8,29,268),(250,'09171633125',NULL,'1300/01/01','بندر عباس - بلوار جمهوری - چهارراه بیمارستان شهید محمدی - نبش بلوار مادر','','7914966859',NULL,'1',2395,8,29,269),(251,'09127695407',NULL,'1300/01/01','کیش فاز یک شهرک صنعتی درخت سبز خ صنعت ششم قطعه MA12','','7941674689',NULL,'1',2396,8,29,270),(253,'09173639344',NULL,'1300/01/01','قشم طولار شهرک صنعتی فجر جنب هتل مارینا','','7956116753',NULL,'1',2397,8,29,272),(254,'09173678433',NULL,'1300/01/01','قشم روستای هلر بلوار مهر روبروی فرش جزیره','','7953161331',NULL,'1',2397,8,29,273),(255,'09133097148',NULL,'1300/01/01','اصفهان  - خ بسیج  - چهارراه پاکمن  - فروشگاه مبنا چوب فتحیان ','','8436183711',NULL,'1',368,8,2,274),(256,'09111752024',NULL,'1353/01/01','گرگان  - روبروی خط فیض آباد  - کیلومتر یک گرگان مشهد  - جنب کارواش ','','4916163787',NULL,'1',1950,8,26,275),(260,'09121515769',NULL,'1348/03/30','قم شکوهیه                                            ',NULL,'3717763773',NULL,'1',1679,2,21,285),(263,'09194558979',NULL,'1401-08-03','تست                    ','','1111111111','46934','1',1679,NULL,21,288),(264,'09121544770',NULL,'1345-03-31','تست','','3717763773','77512','1',719,7,1,289),(265,'09128801894',NULL,'1301-01-01','میدان شهید بابایی پارکینگ طهماسبی پلاک 20 ','','3413953336',NULL,'1',1628,6,20,290),(266,'091663044719',NULL,'1301-01-01','اتوبان ایت الله بهبهانی ،  حد فاصل خیابان فاطمی ، بازرگانی ام دی اف آنیک ','','6196533991',NULL,'1',1109,7,4,291),(267,'09155710239',NULL,'1401-08-18','استان خراسان رضوی - سبزوار - میدان آل احمد - صنایع چوب امیری نسب\r\n','','9617615953',NULL,'1',910,NULL,6,292),(268,'09181623908',NULL,'1401-08-18','استان مرکزی-اراک-خیابان سیدالشهداء-پلاک61','','3817745933',NULL,'1',2299,NULL,28,293),(269,'09153713824',NULL,'','استان خراسان رضوی - سبزوار - میدان شهدا - خیابان جهاد - نبش جهاد 12 - کالای چوب کی قبادی\r\n','','9619814489',NULL,'1',910,NULL,6,294),(270,'',NULL,'','','','',NULL,'1',2460,NULL,30,295),(271,'09366621382',NULL,'','','','',NULL,'1',1,NULL,9,296),(272,'09055555555',NULL,'','','','',NULL,'1',1465,6,7,297),(273,'09033333333',NULL,'','','','',NULL,'1',719,6,1,298),(274,'09022222222',NULL,'','','','',NULL,'1',719,7,1,299),(275,'09217975602',NULL,'','','','',NULL,'1',1628,NULL,20,300),(276,'09183626090',NULL,'1364-07-12','استان مرکزی - اراک - 20متری حاتم آبادی - نبش کوچه وحدت - فروشگاه عزیزی ','','3817643881',NULL,'1',2299,NULL,28,301),(277,'09077777777',NULL,'','','','',NULL,'1',719,6,1,302),(278,'09088888888',NULL,'','','','',NULL,'1',1,7,9,303),(279,'09011111112',NULL,'','رشت میدان ولیعصر ابتدای کمربندی خرمشهر (سه راه فرزانه)','','4178844645',NULL,'1',1984,6,8,304),(280,'09000000000',NULL,'','','','',NULL,'1',368,NULL,2,305),(281,'09066666666',NULL,'','','','',NULL,'1',719,6,1,306),(282,'09300629575',NULL,'1378/09/28','gdf','',NULL,NULL,'1',3,13,19,307),(283,'09221112211',NULL,'1367/03/12','test','',NULL,NULL,'1',1,NULL,16,1),(286,'09125980763',NULL,'1333/3/3','address placeholder','',NULL,NULL,'1',1,NULL,16,33),(287,'09127469053',NULL,'1333/3/3','address placeholder','',NULL,NULL,'1',1,NULL,16,34),(288,'09933282677',NULL,'1333/3/3','address placeholder','',NULL,NULL,'1',1,NULL,16,177),(289,'09127589805',NULL,'1333/3/3','address placeholder','',NULL,NULL,'1',1,NULL,16,30),(290,'09128516184',NULL,'1333/3/3','address placeholder','',NULL,NULL,'1',1,NULL,16,176),(291,'09333392039','3392039444',NULL,'','',NULL,NULL,NULL,NULL,NULL,NULL,311),(293,'09133532362',NULL,'','','','',NULL,'1',2525,NULL,31,313),(294,'0938913307',NULL,'1300-12-12','xxx','',NULL,NULL,'1',2,2,15,314),(295,'09384913307',NULL,'1374-09-08','نوروزیان حکمت ۲۳ - خ فرعی حیان - ک سپیده - پ ۵۰ - ط اول\r\n۵۰','','۳۴۱۴۸۷۹۳۵۴','50420','1',1628,NULL,20,315),(296,'09916440448',NULL,'','','','',NULL,'1',1750,NULL,23,316);
/*!40000 ALTER TABLE `users_profile` ENABLE KEYS */;
UNLOCK TABLES;

--
-- Table structure for table `users_state`
--

DROP TABLE IF EXISTS `users_state`;
/*!40101 SET @saved_cs_client     = @@character_set_client */;
/*!40101 SET character_set_client = utf8 */;
CREATE TABLE `users_state` (
  `id` bigint(20) NOT NULL AUTO_INCREMENT,
  `name` varchar(200) NOT NULL,
  `state_id` varchar(10) NOT NULL,
  PRIMARY KEY (`id`)
) ENGINE=MyISAM AUTO_INCREMENT=32 DEFAULT CHARSET=utf8 COLLATE=utf8_general_ci;
/*!40101 SET character_set_client = @saved_cs_client */;

--
-- Dumping data for table `users_state`
--

LOCK TABLES `users_state` WRITE;
/*!40000 ALTER TABLE `users_state` DISABLE KEYS */;
INSERT INTO `users_state` VALUES (16,'خراسان شمالی','13'),(15,'خراسان جنوبی','11'),(14,'چهارمحال و بختیاری','10'),(13,'بوشهر','8'),(12,'ایلام','7'),(11,'اردبیل','4'),(10,'آذربایجان غربی','3'),(9,'آذربایجان شرقی','2'),(8,'گیلان','26'),(7,'فارس','18'),(6,'خراسان رضوی','12'),(5,'مازندران','28'),(4,'خوزستان','14'),(3,'البرز','6'),(2,'اصفهان','5'),(1,'تهران','9'),(17,'زنجان','15'),(18,'سمنان','16'),(19,'سیستان و بلوچستان','17'),(20,'قزوین','19'),(21,'قم','20'),(22,'کردستان','21'),(23,'کرمان','22'),(24,'کرمانشاه','23'),(25,'کهگیلویه و بویراحمد','24'),(26,'گلستان','25'),(27,'لرستان','27'),(28,'مرکزی','29'),(29,'هرمزگان','30'),(30,'همدان','31'),(31,'یزد','32');
/*!40000 ALTER TABLE `users_state` ENABLE KEYS */;
UNLOCK TABLES;
/*!40103 SET TIME_ZONE=@OLD_TIME_ZONE */;

/*!40101 SET SQL_MODE=@OLD_SQL_MODE */;
/*!40014 SET FOREIGN_KEY_CHECKS=@OLD_FOREIGN_KEY_CHECKS */;
/*!40014 SET UNIQUE_CHECKS=@OLD_UNIQUE_CHECKS */;
/*!40101 SET CHARACTER_SET_CLIENT=@OLD_CHARACTER_SET_CLIENT */;
/*!40101 SET CHARACTER_SET_RESULTS=@OLD_CHARACTER_SET_RESULTS */;
/*!40101 SET COLLATION_CONNECTION=@OLD_COLLATION_CONNECTION */;
/*!40111 SET SQL_NOTES=@OLD_SQL_NOTES */;

-- Dump completed on 2023-01-23 10:44:27
